RowID,OrderYearMonth,OrderDate,CustomerName,Segment,Region,Category,Sales
1,2022-02,2022-02-25,Darren Powers,Consumer,Central,Office Supplies,16.448
2,2022-02,2022-02-26,Phillina Ober,Home Office,Central,Office Supplies,3.54
3,2022-02,2022-02-26,Phillina Ober,Home Office,Central,Office Supplies,11.784
4,2022-02,2022-02-26,Phillina Ober,Home Office,Central,Office Supplies,272.736
5,2022-02,2022-02-27,Mick Brown,Consumer,East,Office Supplies,19.536
6,2022-02,2022-02-28,Maria Etezadi,Home Office,South,Furniture,2573.82
7,2022-02,2022-02-28,Maria Etezadi,Home Office,South,Office Supplies,5.48
8,2022-02,2022-02-28,Jack O'Briant,Corporate,South,Office Supplies,12.78
9,2022-02,2022-02-28,Maria Etezadi,Home Office,South,Office Supplies,609.98
10,2022-02,2022-02-28,Maria Etezadi,Home Office,South,Office Supplies,31.12
11,2022-02,2022-02-28,Maria Etezadi,Home Office,South,Office Supplies,6.54
12,2022-02,2022-02-28,Lycoris Saunders,Consumer,West,Office Supplies,19.44
13,2022-02,2022-02-28,Maria Etezadi,Home Office,South,Technology,755.96
14,2022-02,2022-02-28,Maria Etezadi,Home Office,South,Technology,391.98
15,2022-03,2022-03-01,Vivek Sundaresam,Consumer,Central,Furniture,76.728
16,2022-03,2022-03-01,Vivek Sundaresam,Consumer,Central,Office Supplies,10.43
17,2022-03,2022-03-03,Melanie Seite,Consumer,Central,Office Supplies,9.344
18,2022-03,2022-03-03,Melanie Seite,Consumer,Central,Technology,31.2
19,2022-03,2022-03-04,Anthony Jacobs,Corporate,South,Furniture,51.94
20,2022-03,2022-03-04,Anthony Jacobs,Corporate,South,Office Supplies,2.89
21,2022-03,2022-03-05,Seth Vernon,Consumer,East,Furniture,9.94
22,2022-03,2022-03-07,Brian Dahlen,Consumer,West,Furniture,333.999
23,2022-03,2022-03-07,Natalie DeCherney,Consumer,South,Furniture,545.94
24,2022-03,2022-03-07,Brian Dahlen,Consumer,West,Office Supplies,19.9
25,2022-03,2022-03-07,Michael Moore,Consumer,East,Office Supplies,3.438
26,2022-03,2022-03-07,Chris Selesnick,Corporate,South,Office Supplies,5.64
27,2022-03,2022-03-07,Chris Selesnick,Corporate,South,Office Supplies,50.94
28,2022-03,2022-03-07,Chris Selesnick,Corporate,South,Office Supplies,11.36
29,2022-03,2022-03-07,Michael Moore,Consumer,East,Office Supplies,37.408
30,2022-03,2022-03-07,Chris Selesnick,Corporate,South,Office Supplies,572.58
31,2022-03,2022-03-07,Brian Dahlen,Consumer,West,Office Supplies,1325.85
32,2022-03,2022-03-07,Chris Selesnick,Corporate,South,Technology,646.74
33,2022-03,2022-03-08,Brendan Sweed,Corporate,East,Furniture,61.96
34,2022-03,2022-03-09,Erica Hackney,Consumer,South,Technology,149.95
35,2022-03,2022-03-10,Delfina Latchford,Consumer,East,Furniture,127.104
36,2022-03,2022-03-10,Delfina Latchford,Consumer,East,Office Supplies,18.588
37,2022-03,2022-03-10,Delfina Latchford,Consumer,East,Office Supplies,30.072
38,2022-03,2022-03-10,Delfina Latchford,Consumer,East,Technology,124.2
39,2022-03,2022-03-12,David Wiener,Corporate,West,Office Supplies,64.864
40,2022-03,2022-03-13,Toby Swindell,Consumer,West,Furniture,181.47
41,2022-03,2022-03-13,Toby Swindell,Consumer,West,Office Supplies,32.34
42,2022-03,2022-03-13,Toby Swindell,Consumer,West,Office Supplies,108.72
43,2022-03,2022-03-13,Toby Swindell,Consumer,West,Office Supplies,56.064
44,2022-03,2022-03-14,Hunter Lopez,Consumer,South,Furniture,1067.94
45,2022-03,2022-03-14,Xylona Preis,Consumer,Central,Furniture,14.73
46,2022-03,2022-03-14,Xylona Preis,Consumer,Central,Furniture,272.94
47,2022-03,2022-03-14,Hunter Lopez,Consumer,South,Furniture,38.6
48,2022-03,2022-03-14,Mark Van Huff,Consumer,West,Furniture,19.3
49,2022-03,2022-03-14,Xylona Preis,Consumer,Central,Office Supplies,247.716
50,2022-03,2022-03-14,Hunter Lopez,Consumer,South,Office Supplies,22.96
51,2022-03,2022-03-14,Hunter Lopez,Consumer,South,Office Supplies,6.63
52,2022-03,2022-03-14,Xylona Preis,Consumer,Central,Office Supplies,43.92
53,2022-03,2022-03-14,Xylona Preis,Consumer,Central,Office Supplies,19.05
54,2022-03,2022-03-14,Muhammed MacIntyre,Corporate,South,Office Supplies,67.194
55,2022-03,2022-03-14,Xylona Preis,Consumer,Central,Office Supplies,29.7
56,2022-03,2022-03-14,Hunter Lopez,Consumer,South,Office Supplies,23.34
57,2022-03,2022-03-14,Mark Van Huff,Consumer,West,Office Supplies,19.36
58,2022-03,2022-03-14,Xylona Preis,Consumer,Central,Office Supplies,13.98
59,2022-03,2022-03-14,Xylona Preis,Consumer,Central,Office Supplies,66.58
60,2022-03,2022-03-14,Hunter Lopez,Consumer,South,Technology,699.93
61,2022-03,2022-03-15,Tom Boeckenhauer,Consumer,South,Furniture,25.248
62,2022-03,2022-03-15,Jane Waco,Corporate,East,Furniture,24.3
63,2022-03,2022-03-15,Jane Waco,Corporate,East,Furniture,9.48
64,2022-03,2022-03-15,Jane Waco,Corporate,East,Furniture,31.4
65,2022-03,2022-03-15,Jane Waco,Corporate,East,Office Supplies,6.48
66,2022-03,2022-03-15,Jane Waco,Corporate,East,Technology,209.5
67,2022-03,2022-03-17,Speros Goranitis,Consumer,Central,Office Supplies,5.94
68,2022-03,2022-03-17,Ionia McGrath,Consumer,West,Office Supplies,40.08
69,2022-03,2022-03-20,Carol Adams,Corporate,Central,Furniture,141.96
70,2022-03,2022-03-20,Shirley Daniels,Home Office,South,Furniture,12.42
71,2022-03,2022-03-20,Shirley Daniels,Home Office,South,Furniture,62.82
72,2022-03,2022-03-20,Carol Adams,Corporate,Central,Office Supplies,10.68
73,2022-03,2022-03-20,Shirley Daniels,Home Office,South,Office Supplies,16.68
74,2022-03,2022-03-20,Shirley Daniels,Home Office,South,Office Supplies,19.44
75,2022-03,2022-03-20,Shirley Daniels,Home Office,South,Office Supplies,489.92
76,2022-03,2022-03-20,Shirley Daniels,Home Office,South,Technology,187.98
77,2022-03,2022-03-20,Shirley Daniels,Home Office,South,Technology,155.35
78,2022-03,2022-03-21,Ed Jacobs,Consumer,West,Furniture,333.0
79,2022-03,2022-03-21,Ed Jacobs,Consumer,West,Office Supplies,36.44
80,2022-03,2022-03-21,Ed Jacobs,Consumer,West,Office Supplies,57.23
81,2022-03,2022-03-22,Jasper Cacioppo,Consumer,East,Office Supplies,3.928
82,2022-03,2022-03-24,Mike Vittorini,Consumer,Central,Office Supplies,10.56
83,2022-03,2022-03-24,Mike Vittorini,Consumer,Central,Office Supplies,229.94
84,2022-03,2022-03-25,Liz Carlisle,Consumer,West,Furniture,290.666
85,2022-03,2022-03-26,Bradley Drucker,Consumer,Central,Technology,468.9
86,2022-03,2022-03-27,Eric Barreto,Consumer,South,Office Supplies,18.336
87,2022-03,2022-03-27,Cynthia Delaney,Home Office,West,Office Supplies,12.35
88,2022-03,2022-03-27,Eric Barreto,Consumer,South,Technology,180.96
89,2022-03,2022-03-28,Tom Boeckenhauer,Consumer,West,Office Supplies,13.272
90,2022-03,2022-03-28,Tom Boeckenhauer,Consumer,West,Office Supplies,83.84
91,2022-03,2022-03-29,Mark Haberlin,Corporate,West,Office Supplies,17.248
92,2022-03,2022-03-29,Deborah Brumfield,Home Office,West,Office Supplies,82.896
93,2022-03,2022-03-29,Deborah Brumfield,Home Office,West,Office Supplies,34.24
94,2022-03,2022-03-31,Delfina Latchford,Consumer,Central,Office Supplies,8.952
95,2022-03,2022-03-31,Neil Ducich,Corporate,South,Office Supplies,15.0
96,2022-03,2022-03-31,Neil Ducich,Corporate,South,Technology,144.95
97,2022-03,2022-03-31,Neil Ducich,Corporate,South,Technology,161.61
98,2022-04,2022-04-01,Chris Selesnick,Corporate,East,Office Supplies,64.96
99,2022-04,2022-04-01,Cyma Kinney,Corporate,East,Technology,115.36
100,2022-04,2022-04-02,Nathan Mautz,Home Office,West,Furniture,14.56
101,2022-04,2022-04-05,Guy Armstrong,Consumer,Central,Furniture,60.89
102,2022-04,2022-04-05,Guy Armstrong,Consumer,Central,Furniture,332.94
103,2022-04,2022-04-05,Natalie Fritzler,Consumer,South,Furniture,1256.22
104,2022-04,2022-04-05,Natalie Fritzler,Consumer,South,Office Supplies,17.46
105,2022-04,2022-04-05,Guy Armstrong,Consumer,Central,Office Supplies,51.9
106,2022-04,2022-04-05,Guy Armstrong,Consumer,Central,Office Supplies,9.64
107,2022-04,2022-04-05,Guy Armstrong,Consumer,Central,Office Supplies,14.94
108,2022-04,2022-04-05,Guy Armstrong,Consumer,Central,Office Supplies,64.96
109,2022-04,2022-04-05,Natalie Fritzler,Consumer,South,Technology,234.45
110,2022-04,2022-04-06,Sanjit Chand,Consumer,West,Furniture,129.568
111,2022-04,2022-04-08,Marina Lichtenstein,Corporate,West,Office Supplies,81.96
112,2022-04,2022-04-08,Shui Tom,Consumer,Central,Office Supplies,16.176
113,2022-04,2022-04-08,Marina Lichtenstein,Corporate,West,Office Supplies,238.62
114,2022-04,2022-04-08,Marina Lichtenstein,Corporate,West,Technology,239.97
115,2022-04,2022-04-09,Barry Französisch,Corporate,West,Office Supplies,21.36
116,2022-04,2022-04-10,Michael Nguyen,Consumer,Central,Office Supplies,7.96
117,2022-04,2022-04-10,Michael Nguyen,Consumer,Central,Office Supplies,1.08
118,2022-04,2022-04-11,Delfina Latchford,Consumer,Central,Office Supplies,54.208
119,2022-04,2022-04-12,Troy Blackwell,Consumer,Central,Furniture,25.16
120,2022-04,2022-04-12,Aaron Bergman,Consumer,Central,Office Supplies,12.624
121,2022-04,2022-04-14,Linda Cazamias,Corporate,Central,Furniture,20.32
122,2022-04,2022-04-14,Steven Roelle,Home Office,West,Office Supplies,12.96
123,2022-04,2022-04-14,Linda Cazamias,Corporate,Central,Technology,62.31
124,2022-04,2022-04-15,Tamara Manning,Consumer,Central,Office Supplies,8.85
125,2022-04,2022-04-16,Sue Ann Reed,Consumer,West,Office Supplies,19.44
126,2022-04,2022-04-17,Michael Grace,Home Office,Central,Office Supplies,4.428
127,2022-04,2022-04-17,Michael Grace,Home Office,Central,Office Supplies,6.936
128,2022-04,2022-04-18,Jennifer Halladay,Consumer,West,Office Supplies,22.776
129,2022-04,2022-04-18,Jennifer Halladay,Consumer,West,Office Supplies,32.896
130,2022-04,2022-04-21,Joy Smith,Consumer,East,Office Supplies,19.456
131,2022-04,2022-04-23,Vicky Freymann,Home Office,Central,Furniture,634.116
132,2022-04,2022-04-23,Shahid Collister,Consumer,Central,Furniture,362.25
133,2022-04,2022-04-23,Dave Brooks,Consumer,West,Furniture,457.568
134,2022-04,2022-04-23,Shahid Collister,Consumer,Central,Furniture,63.552
135,2022-04,2022-04-23,Giulietta Weimer,Consumer,Central,Furniture,376.509
136,2022-04,2022-04-23,Shahid Collister,Consumer,Central,Office Supplies,18.84
137,2022-04,2022-04-23,Vicky Freymann,Home Office,Central,Office Supplies,17.472
138,2022-04,2022-04-23,Shahid Collister,Consumer,Central,Office Supplies,129.552
139,2022-04,2022-04-23,Giulietta Weimer,Consumer,Central,Office Supplies,137.352
140,2022-04,2022-04-23,Hallie Redmond,Home Office,East,Technology,5.94
141,2022-04,2022-04-24,Kristina Nunn,Home Office,East,Office Supplies,11.36
142,2022-04,2022-04-24,Nicole Hansen,Corporate,East,Office Supplies,3.424
143,2022-04,2022-04-24,Kristina Nunn,Home Office,East,Office Supplies,36.4
144,2022-04,2022-04-24,Nicole Hansen,Corporate,East,Technology,151.2
145,2022-04,2022-04-25,Jill Stevenson,Corporate,East,Furniture,302.45
146,2022-04,2022-04-25,Eva Jacobs,Consumer,West,Furniture,626.352
147,2022-04,2022-04-25,Sam Craven,Consumer,Central,Office Supplies,176.772
148,2022-04,2022-04-25,Ashley Jarboe,Consumer,South,Office Supplies,19.456
149,2022-04,2022-04-25,Anne Pryor,Home Office,East,Office Supplies,25.32
150,2022-04,2022-04-25,Anne Pryor,Home Office,East,Office Supplies,125.76
151,2022-04,2022-04-25,Jill Stevenson,Corporate,East,Office Supplies,15.12
152,2022-04,2022-04-25,Jill Stevenson,Corporate,East,Office Supplies,44.672
153,2022-04,2022-04-25,Anne Pryor,Home Office,East,Technology,9.99
154,2022-04,2022-04-26,Sanjit Chand,Consumer,South,Office Supplies,15.552
155,2022-04,2022-04-26,Clay Ludtke,Consumer,South,Office Supplies,354.9
156,2022-04,2022-04-27,Aimee Bixby,Consumer,East,Office Supplies,59.52
157,2022-04,2022-04-27,Aimee Bixby,Consumer,East,Office Supplies,49.632
158,2022-04,2022-04-27,Aimee Bixby,Consumer,East,Office Supplies,97.82
159,2022-04,2022-04-27,Aimee Bixby,Consumer,East,Office Supplies,18.62
160,2022-04,2022-04-27,Aimee Bixby,Consumer,East,Technology,479.97
161,2022-04,2022-04-29,Craig Molinari,Corporate,West,Furniture,436.704
162,2022-04,2022-04-29,Aaron Bergman,Consumer,West,Furniture,48.712
163,2022-04,2022-04-29,Craig Molinari,Corporate,West,Furniture,481.568
164,2022-04,2022-04-29,Craig Molinari,Corporate,West,Office Supplies,20.65
165,2022-04,2022-04-29,Aaron Bergman,Consumer,West,Office Supplies,17.94
166,2022-04,2022-04-29,Nora Pelletier,Home Office,West,Office Supplies,107.648
167,2022-04,2022-04-29,Craig Molinari,Corporate,West,Office Supplies,204.9
168,2022-04,2022-04-29,Aaron Bergman,Consumer,West,Office Supplies,242.94
169,2022-05,2022-05-02,Kean Thornton,Consumer,West,Office Supplies,83.168
170,2022-05,2022-05-02,Scott Williamson,Consumer,Central,Office Supplies,22.38
171,2022-05,2022-05-02,Kean Thornton,Consumer,West,Office Supplies,636.408
172,2022-05,2022-05-03,Chloris Kastensmidt,Consumer,East,Furniture,8.32
173,2022-05,2022-05-03,Filia McAdams,Corporate,South,Office Supplies,146.76
174,2022-05,2022-05-03,Richard Bierner,Consumer,West,Office Supplies,7.98
175,2022-05,2022-05-03,Chloris Kastensmidt,Consumer,East,Office Supplies,10.464
176,2022-05,2022-05-03,Filia McAdams,Corporate,South,Office Supplies,14.94
177,2022-05,2022-05-03,Kelly Andreada,Consumer,East,Office Supplies,108.92
178,2022-05,2022-05-03,Filia McAdams,Corporate,South,Technology,32.96
179,2022-05,2022-05-03,Filia McAdams,Corporate,South,Technology,587.97
180,2022-05,2022-05-05,Nicole Fjeld,Home Office,West,Furniture,915.14
181,2022-05,2022-05-05,Nicole Fjeld,Home Office,West,Furniture,327.76
182,2022-05,2022-05-06,Christine Kargatis,Home Office,South,Furniture,1139.92
183,2022-05,2022-05-06,Dean Katz,Corporate,West,Office Supplies,3.38
184,2022-05,2022-05-06,Jason Fortune-,Consumer,West,Office Supplies,33.088
185,2022-05,2022-05-06,Jason Fortune-,Consumer,West,Office Supplies,62.048
186,2022-05,2022-05-06,Neil Französisch,Home Office,South,Office Supplies,91.056
187,2022-05,2022-05-06,Dean Katz,Corporate,West,Office Supplies,10.56
188,2022-05,2022-05-06,Rick Bensley,Home Office,Central,Office Supplies,8.448
189,2022-05,2022-05-06,Jason Fortune-,Consumer,West,Office Supplies,80.98
190,2022-05,2022-05-06,Jason Fortune-,Consumer,West,Office Supplies,21.36
191,2022-05,2022-05-06,Jason Fortune-,Consumer,West,Technology,82.8
192,2022-05,2022-05-06,Rick Bensley,Home Office,Central,Technology,574.91
193,2022-05,2022-05-07,Alan Shonely,Consumer,South,Furniture,45.696
194,2022-05,2022-05-07,Alan Shonely,Consumer,South,Office Supplies,7.218
195,2022-05,2022-05-07,Alan Shonely,Consumer,South,Office Supplies,43.188
196,2022-05,2022-05-07,Alan Shonely,Consumer,South,Office Supplies,131.904
197,2022-05,2022-05-07,Alan Shonely,Consumer,South,Office Supplies,142.776
198,2022-05,2022-05-08,Kristina Nunn,Home Office,South,Technology,471.92
199,2022-05,2022-05-09,Christine Phan,Corporate,East,Furniture,1071.576
200,2022-05,2022-05-09,Christine Phan,Corporate,East,Furniture,1579.746
201,2022-05,2022-05-09,Christine Phan,Corporate,East,Furniture,613.908
202,2022-05,2022-05-09,Bradley Nguyen,Consumer,Central,Office Supplies,93.78
203,2022-05,2022-05-09,Mark Haberlin,Corporate,South,Office Supplies,32.67
204,2022-05,2022-05-09,Annie Zypern,Consumer,Central,Office Supplies,4.448
205,2022-05,2022-05-09,Bradley Nguyen,Consumer,Central,Office Supplies,19.68
206,2022-05,2022-05-09,Bradley Nguyen,Consumer,Central,Office Supplies,35.88
207,2022-05,2022-05-09,Mark Haberlin,Corporate,South,Office Supplies,30.44
208,2022-05,2022-05-09,Mark Haberlin,Corporate,South,Office Supplies,11.43
209,2022-05,2022-05-09,Bradley Nguyen,Consumer,Central,Office Supplies,53.4
210,2022-05,2022-05-09,Bradley Nguyen,Consumer,Central,Office Supplies,47.18
211,2022-05,2022-05-09,Christine Phan,Corporate,East,Office Supplies,155.04
212,2022-05,2022-05-09,Annie Zypern,Consumer,Central,Office Supplies,5.184
213,2022-05,2022-05-09,Annie Zypern,Consumer,Central,Office Supplies,15.552
214,2022-05,2022-05-09,Christine Phan,Corporate,East,Office Supplies,34.86
215,2022-05,2022-05-09,Mark Haberlin,Corporate,South,Office Supplies,16.0
216,2022-05,2022-05-09,Mark Haberlin,Corporate,South,Office Supplies,12.96
217,2022-05,2022-05-09,Quincy Jones,Corporate,East,Office Supplies,126.624
218,2022-05,2022-05-10,Eileen Kiefer,Home Office,West,Furniture,1198.33
219,2022-05,2022-05-10,Sean Miller,Home Office,South,Furniture,122.352
220,2022-05,2022-05-10,Sean Miller,Home Office,South,Furniture,30.768
221,2022-05,2022-05-10,Sample Company A,Home Office,West,Furniture,111.0
222,2022-05,2022-05-10,Sean Miller,Home Office,South,Office Supplies,8.016
223,2022-05,2022-05-10,Sean Miller,Home Office,South,Office Supplies,18.936
224,2022-05,2022-05-10,Sean Miller,Home Office,South,Office Supplies,21.376
225,2022-05,2022-05-10,Sample Company A,Home Office,West,Office Supplies,1856.19
226,2022-05,2022-05-10,Sample Company A,Home Office,West,Technology,1279.968
227,2022-05,2022-05-10,Sean Miller,Home Office,South,Technology,22638.48
228,2022-05,2022-05-10,Sean Miller,Home Office,South,Technology,821.3
229,2022-05,2022-05-11,Matt Connell,Corporate,South,Furniture,20.016
230,2022-05,2022-05-11,Matt Connell,Corporate,South,Furniture,4.992
231,2022-05,2022-05-11,Matt Connell,Corporate,South,Office Supplies,33.57
232,2022-05,2022-05-11,Matt Connell,Corporate,South,Office Supplies,11.808
233,2022-05,2022-05-11,Matt Connell,Corporate,South,Office Supplies,26.16
234,2022-05,2022-05-11,Matt Connell,Corporate,South,Technology,170.24
235,2022-05,2022-05-11,Matt Connell,Corporate,South,Technology,323.976
236,2022-05,2022-05-13,Gary McGarr,Consumer,South,Furniture,218.376
237,2022-05,2022-05-13,Gary McGarr,Consumer,South,Furniture,32.952
238,2022-05,2022-05-13,Kristen Hastings,Corporate,South,Office Supplies,9.32
239,2022-05,2022-05-13,Cassandra Brandow,Consumer,East,Office Supplies,6.048
240,2022-05,2022-05-13,Cassandra Brandow,Consumer,East,Office Supplies,7.408
241,2022-05,2022-05-13,Kristen Hastings,Corporate,South,Office Supplies,122.94
242,2022-05,2022-05-13,Kristen Hastings,Corporate,South,Office Supplies,14.4
243,2022-05,2022-05-13,Gary McGarr,Consumer,South,Office Supplies,59.2
244,2022-05,2022-05-13,Kristen Hastings,Corporate,South,Office Supplies,122.97
245,2022-05,2022-05-13,Thomas Seio,Corporate,South,Office Supplies,16.272
246,2022-05,2022-05-13,Kristen Hastings,Corporate,South,Technology,3499.93
247,2022-05,2022-05-14,Beth Fritzler,Corporate,West,Furniture,314.352
248,2022-05,2022-05-14,Vivian Mathis,Consumer,Central,Office Supplies,16.28
249,2022-05,2022-05-14,Craig Carroll,Consumer,South,Office Supplies,51.465
250,2022-05,2022-05-14,Craig Carroll,Consumer,South,Office Supplies,7.644
251,2022-05,2022-05-14,Beth Fritzler,Corporate,West,Office Supplies,74.352
252,2022-05,2022-05-15,Bruce Geld,Consumer,South,Office Supplies,9.912
253,2022-05,2022-05-15,Patrick O'Donnell,Consumer,West,Office Supplies,330.4
254,2022-05,2022-05-15,Patrick O'Donnell,Consumer,West,Technology,604.752
255,2022-05,2022-05-16,Maurice Satty,Consumer,West,Furniture,40.48
256,2022-05,2022-05-16,Carlos Daly,Consumer,East,Office Supplies,24.9
257,2022-05,2022-05-17,Annie Zypern,Consumer,East,Furniture,366.786
258,2022-05,2022-05-17,Christina Anderson,Consumer,West,Office Supplies,25.44
259,2022-05,2022-05-17,Christina Anderson,Consumer,West,Office Supplies,14.88
260,2022-05,2022-05-17,Christina Anderson,Consumer,West,Office Supplies,6.56
261,2022-05,2022-05-17,Christina Anderson,Consumer,West,Technology,45.48
262,2022-05,2022-05-18,Damala Kotsonis,Corporate,West,Office Supplies,3.36
263,2022-05,2022-05-18,Damala Kotsonis,Corporate,West,Office Supplies,27.936
264,2022-05,2022-05-18,Cindy Stewart,Consumer,West,Office Supplies,18.75
265,2022-05,2022-05-18,Jonathan Doherty,Corporate,West,Technology,66.3
266,2022-05,2022-05-18,Damala Kotsonis,Corporate,West,Technology,28.784
267,2022-05,2022-05-20,Mike Pelletier,Home Office,East,Furniture,330.588
268,2022-05,2022-05-20,Christina VanderZanden,Consumer,Central,Furniture,1184.72
269,2022-05,2022-05-20,Christina VanderZanden,Consumer,Central,Office Supplies,6.12
270,2022-05,2022-05-20,Daniel Raglin,Home Office,West,Technology,302.376
271,2022-05,2022-05-21,Mike Gockenbach,Consumer,Central,Furniture,890.841
272,2022-05,2022-05-22,Guy Armstrong,Consumer,West,Furniture,205.666
273,2022-05,2022-05-22,Mark Packer,Home Office,Central,Furniture,127.302
274,2022-05,2022-05-22,Susan Gilcrest,Corporate,East,Office Supplies,10.5
275,2022-05,2022-05-22,Kunst Miller,Consumer,East,Office Supplies,49.65
276,2022-05,2022-05-22,Mark Packer,Home Office,Central,Office Supplies,335.72
277,2022-05,2022-05-22,Dorris liebe,Corporate,West,Office Supplies,44.4
278,2022-05,2022-05-22,Nat Carroll,Consumer,Central,Office Supplies,129.3
279,2022-05,2022-05-22,Dorris liebe,Corporate,West,Office Supplies,15.84
280,2022-05,2022-05-22,Mark Packer,Home Office,Central,Technology,251.944
281,2022-05,2022-05-23,Trudy Glocke,Consumer,South,Furniture,1125.488
282,2022-05,2022-05-23,Alex Avila,Consumer,West,Office Supplies,52.98
283,2022-05,2022-05-23,Trudy Glocke,Consumer,South,Office Supplies,4.032
284,2022-05,2022-05-23,Karen Bern,Corporate,South,Office Supplies,1.869
285,2022-05,2022-05-23,Trudy Glocke,Consumer,South,Office Supplies,12.645
286,2022-05,2022-05-23,Dorothy Dickinson,Consumer,Central,Office Supplies,8.134
287,2022-05,2022-05-23,Jas O'Carroll,Consumer,East,Office Supplies,0.852
288,2022-05,2022-05-23,Alex Avila,Consumer,West,Office Supplies,673.568
289,2022-05,2022-05-23,Dorothy Dickinson,Consumer,Central,Technology,79.984
290,2022-05,2022-05-24,Kunst Miller,Consumer,West,Office Supplies,17.088
291,2022-05,2022-05-24,Katharine Harms,Corporate,East,Office Supplies,6.24
292,2022-05,2022-05-24,Kunst Miller,Consumer,West,Office Supplies,29.6
293,2022-05,2022-05-24,Katharine Harms,Corporate,East,Office Supplies,66.96
294,2022-05,2022-05-25,Anna Häberlin,Corporate,South,Furniture,177.68
295,2022-05,2022-05-25,Rob Dowd,Consumer,South,Office Supplies,154.9
296,2022-05,2022-05-25,Sam Craven,Consumer,Central,Office Supplies,33.488
297,2022-05,2022-05-25,Sam Craven,Consumer,Central,Office Supplies,26.72
298,2022-05,2022-05-25,Rob Dowd,Consumer,South,Office Supplies,15.84
299,2022-05,2022-05-25,Rob Dowd,Consumer,South,Technology,1049.93
300,2022-05,2022-05-26,Katrina Edelman,Corporate,West,Office Supplies,11.16
301,2022-05,2022-05-26,Katrina Edelman,Corporate,West,Technology,159.98
302,2022-05,2022-05-26,Katrina Edelman,Corporate,West,Technology,62.31
303,2022-05,2022-05-27,Maurice Satty,Consumer,Central,Furniture,5.47
304,2022-05,2022-05-27,Maurice Satty,Consumer,Central,Office Supplies,79.36
305,2022-05,2022-05-27,Mary Zewe,Corporate,West,Office Supplies,7.184
306,2022-05,2022-05-27,Paul Knutson,Home Office,West,Office Supplies,18.9
307,2022-05,2022-05-27,Ken Black,Corporate,South,Office Supplies,12.96
308,2022-05,2022-05-27,Ken Black,Corporate,South,Office Supplies,19.44
309,2022-05,2022-05-27,Ken Black,Corporate,South,Office Supplies,232.55
310,2022-05,2022-05-27,Ken Black,Corporate,South,Technology,99.98
311,2022-05,2022-05-28,Greg Maxwell,Corporate,South,Office Supplies,22.96
312,2022-05,2022-05-28,Ruben Dartt,Consumer,Central,Office Supplies,26.7
313,2022-05,2022-05-28,Ruben Dartt,Consumer,Central,Office Supplies,13.89
314,2022-05,2022-05-28,Greg Maxwell,Corporate,South,Office Supplies,22.96
315,2022-05,2022-05-28,Roy Phan,Corporate,South,Office Supplies,115.36
316,2022-05,2022-05-28,Ruben Dartt,Consumer,Central,Office Supplies,40.2
317,2022-05,2022-05-28,Greg Maxwell,Corporate,South,Office Supplies,12.96
318,2022-05,2022-05-28,Tracy Hopkins,Home Office,East,Office Supplies,55.48
319,2022-05,2022-05-28,Ruben Dartt,Consumer,Central,Office Supplies,689.82
320,2022-05,2022-05-28,John Grady,Corporate,Central,Office Supplies,52.096
321,2022-05,2022-05-28,John Grady,Corporate,Central,Office Supplies,49.632
322,2022-05,2022-05-28,Greg Maxwell,Corporate,South,Office Supplies,4164.05
323,2022-05,2022-05-28,Greg Maxwell,Corporate,South,Technology,28.99
324,2022-05,2022-05-29,Andy Yotov,Corporate,West,Furniture,91.96
325,2022-05,2022-05-29,Andy Yotov,Corporate,West,Furniture,33.11
326,2022-05,2022-05-29,Scott Cohen,Corporate,West,Furniture,653.55
327,2022-05,2022-05-29,Shirley Daniels,Home Office,East,Furniture,154.764
328,2022-05,2022-05-29,Frank Hawley,Corporate,West,Office Supplies,70.95
329,2022-05,2022-05-29,Frank Hawley,Corporate,West,Office Supplies,65.568
330,2022-05,2022-05-29,Guy Phonely,Corporate,East,Office Supplies,44.91
331,2022-05,2022-05-29,Andy Yotov,Corporate,West,Office Supplies,55.48
332,2022-05,2022-05-29,Andy Yotov,Corporate,West,Office Supplies,19.44
333,2022-05,2022-05-29,Shirley Daniels,Home Office,East,Office Supplies,10.304
334,2022-05,2022-05-29,Scott Cohen,Corporate,West,Technology,33.9
335,2022-05,2022-05-29,Frank Hawley,Corporate,West,Technology,299.97
336,2022-05,2022-05-29,Shirley Daniels,Home Office,East,Technology,116.784
337,2022-05,2022-05-30,Pauline Johnson,Consumer,South,Furniture,8.96
338,2022-05,2022-05-30,Roland Schwarz,Corporate,South,Office Supplies,122.97
339,2022-05,2022-05-30,Valerie Mitchum,Home Office,South,Office Supplies,58.32
340,2022-05,2022-05-30,Roland Schwarz,Corporate,South,Technology,629.95
341,2022-05,2022-05-30,Valerie Mitchum,Home Office,South,Technology,200.97
342,2022-05,2022-05-31,Ruben Ausman,Corporate,South,Furniture,1215.92
343,2022-05,2022-05-31,Nathan Mautz,Home Office,West,Furniture,99.592
344,2022-05,2022-05-31,John Stevenson,Consumer,East,Furniture,172.11
345,2022-05,2022-05-31,Jim Mitchum,Corporate,West,Office Supplies,2.368
346,2022-05,2022-05-31,Pauline Chand,Home Office,West,Office Supplies,49.792
347,2022-05,2022-05-31,Jim Mitchum,Corporate,West,Office Supplies,19.008
348,2022-05,2022-05-31,Nathan Mautz,Home Office,West,Technology,399.96
349,2022-06,2022-06-03,Sanjit Engle,Consumer,West,Office Supplies,9.584
350,2022-06,2022-06-03,Jay Kimmel,Consumer,South,Office Supplies,6.912
351,2022-06,2022-06-03,Jay Kimmel,Consumer,South,Office Supplies,10.368
352,2022-06,2022-06-03,Michelle Moray,Consumer,West,Office Supplies,87.08
353,2022-06,2022-06-03,Jay Kimmel,Consumer,South,Technology,335.944
354,2022-06,2022-06-03,Jay Kimmel,Consumer,South,Technology,383.976
355,2022-06,2022-06-03,Michelle Moray,Consumer,West,Technology,217.44
356,2022-06,2022-06-03,Michelle Moray,Consumer,West,Technology,105.584
357,2022-06,2022-06-03,Gary Mitchum,Home Office,Central,Technology,758.352
358,2022-06,2022-06-04,Kean Nguyen,Corporate,West,Furniture,308.499
359,2022-06,2022-06-04,Edward Hooks,Corporate,West,Office Supplies,39.68
360,2022-06,2022-06-04,Kean Nguyen,Corporate,West,Office Supplies,18.088
361,2022-06,2022-06-04,Stewart Visinsky,Consumer,Central,Office Supplies,32.4
362,2022-06,2022-06-04,Kean Nguyen,Corporate,West,Technology,438.368
363,2022-06,2022-06-04,Kean Nguyen,Corporate,West,Technology,1075.088
364,2022-06,2022-06-05,Jonathan Doherty,Corporate,East,Office Supplies,17.856
365,2022-06,2022-06-05,Jonathan Doherty,Corporate,East,Office Supplies,509.97
366,2022-06,2022-06-05,Jonathan Doherty,Corporate,East,Office Supplies,30.992
367,2022-06,2022-06-05,Ben Ferrer,Home Office,East,Office Supplies,7.83
368,2022-06,2022-06-05,Jonathan Doherty,Corporate,East,Technology,71.928
369,2022-06,2022-06-07,Paul Stevenson,Home Office,West,Furniture,187.76
370,2022-06,2022-06-07,Paul Stevenson,Home Office,West,Office Supplies,106.96
371,2022-06,2022-06-08,Stephanie Phelps,Corporate,South,Office Supplies,39.072
372,2022-06,2022-06-10,Kunst Miller,Consumer,Central,Furniture,317.058
373,2022-06,2022-06-10,John Lee,Consumer,West,Office Supplies,10.75
374,2022-06,2022-06-10,Kunst Miller,Consumer,Central,Office Supplies,2.688
375,2022-06,2022-06-10,John Lee,Consumer,West,Office Supplies,13.12
376,2022-06,2022-06-10,Kunst Miller,Consumer,Central,Office Supplies,149.352
377,2022-06,2022-06-10,John Lee,Consumer,West,Office Supplies,11.62
378,2022-06,2022-06-10,Kunst Miller,Consumer,Central,Technology,227.976
379,2022-06,2022-06-10,John Lee,Consumer,West,Technology,287.968
380,2022-06,2022-06-11,Nicole Fjeld,Home Office,West,Furniture,76.14
381,2022-06,2022-06-11,Allen Goldenen,Consumer,South,Office Supplies,58.05
382,2022-06,2022-06-11,Allen Goldenen,Consumer,South,Office Supplies,71.28
383,2022-06,2022-06-12,Benjamin Patterson,Consumer,West,Furniture,59.92
384,2022-06,2022-06-12,Seth Vernon,Consumer,Central,Furniture,744.1
385,2022-06,2022-06-12,Seth Vernon,Consumer,Central,Furniture,401.59
386,2022-06,2022-06-12,Seth Vernon,Consumer,Central,Office Supplies,44.84
387,2022-06,2022-06-13,Allen Armold,Consumer,West,Office Supplies,16.52
388,2022-06,2022-06-13,Dorothy Badders,Corporate,South,Office Supplies,828.84
389,2022-06,2022-06-14,Aaron Hawkins,Corporate,East,Office Supplies,9.912
390,2022-06,2022-06-14,Aaron Hawkins,Corporate,East,Office Supplies,247.84
391,2022-06,2022-06-15,Laurel Beltran,Home Office,East,Furniture,281.372
392,2022-06,2022-06-15,Laurel Beltran,Home Office,East,Furniture,281.372
393,2022-06,2022-06-15,Laurel Beltran,Home Office,East,Furniture,22.336
394,2022-06,2022-06-15,Laurel Beltran,Home Office,East,Office Supplies,7.488
395,2022-06,2022-06-15,Theresa Swint,Corporate,East,Office Supplies,2.502
396,2022-06,2022-06-15,Nathan Mautz,Home Office,West,Office Supplies,48.91
397,2022-06,2022-06-17,Beth Thompson,Home Office,West,Furniture,1487.04
398,2022-06,2022-06-17,Beth Thompson,Home Office,West,Furniture,303.25
399,2022-06,2022-06-17,Beth Thompson,Home Office,West,Office Supplies,270.72
400,2022-06,2022-06-17,Dianna Arnett,Home Office,Central,Office Supplies,6.24
401,2022-06,2022-06-17,Dianna Arnett,Home Office,Central,Office Supplies,10.368
402,2022-06,2022-06-17,Lena Creighton,Consumer,South,Technology,302.376
403,2022-06,2022-06-18,Aleksandra Gannaway,Corporate,West,Furniture,230.28
404,2022-06,2022-06-18,Marc Harrigan,Home Office,West,Office Supplies,21.4
405,2022-06,2022-06-18,Aleksandra Gannaway,Corporate,West,Office Supplies,18.288
406,2022-06,2022-06-18,Marc Harrigan,Home Office,West,Office Supplies,12.6
407,2022-06,2022-06-20,Muhammed Yedwab,Corporate,East,Office Supplies,5.34
408,2022-06,2022-06-20,Muhammed Yedwab,Corporate,East,Office Supplies,20.86
409,2022-06,2022-06-20,Muhammed Yedwab,Corporate,East,Office Supplies,3.15
410,2022-06,2022-06-20,George Bell,Corporate,East,Office Supplies,6.912
411,2022-06,2022-06-20,Muhammed Yedwab,Corporate,East,Office Supplies,497.61
412,2022-06,2022-06-20,George Bell,Corporate,East,Office Supplies,177.568
413,2022-06,2022-06-20,George Bell,Corporate,East,Office Supplies,27.096
414,2022-06,2022-06-20,David Smith,Corporate,East,Technology,159.98
415,2022-06,2022-06-20,Arianne Irving,Consumer,West,Technology,1679.96
416,2022-06,2022-06-21,Laura Armstrong,Corporate,South,Furniture,561.584
417,2022-06,2022-06-21,Harry Greene,Consumer,South,Furniture,51.96
418,2022-06,2022-06-21,Lauren Leatherbury,Consumer,East,Furniture,17.46
419,2022-06,2022-06-21,Harry Greene,Consumer,South,Office Supplies,17.94
420,2022-06,2022-06-21,Laura Armstrong,Corporate,South,Office Supplies,99.92
421,2022-06,2022-06-21,Katherine Hughes,Consumer,East,Technology,19.98
422,2022-06,2022-06-22,Justin MacKendrick,Consumer,South,Office Supplies,174.95
423,2022-06,2022-06-22,Justin MacKendrick,Consumer,South,Office Supplies,826.0
424,2022-06,2022-06-22,Tamara Manning,Consumer,South,Technology,47.79
425,2022-06,2022-06-24,Andrew Roberts,Consumer,East,Office Supplies,26.136
426,2022-06,2022-06-24,Cari Schnelling,Consumer,South,Technology,479.984
427,2022-06,2022-06-25,Nathan Cano,Consumer,East,Office Supplies,10.896
428,2022-06,2022-06-25,Nathan Cano,Consumer,East,Office Supplies,40.176
429,2022-06,2022-06-25,Joni Sundaresam,Home Office,Central,Office Supplies,21.56
430,2022-06,2022-06-26,Andrew Allen,Consumer,East,Furniture,27.46
431,2022-06,2022-06-26,Bill Shonely,Corporate,West,Furniture,12.18
432,2022-06,2022-06-26,Bill Shonely,Corporate,West,Office Supplies,57.68
433,2022-06,2022-06-26,Nat Carroll,Consumer,Central,Office Supplies,37.84
434,2022-06,2022-06-26,Paul MacIntyre,Consumer,Central,Office Supplies,46.8
435,2022-06,2022-06-26,Nat Carroll,Consumer,Central,Office Supplies,5.472
436,2022-06,2022-06-27,Emily Burns,Consumer,Central,Furniture,127.869
437,2022-06,2022-06-27,Peter Fuller,Consumer,South,Office Supplies,6.56
438,2022-06,2022-06-27,Giulietta Dortch,Corporate,South,Office Supplies,11.88
439,2022-06,2022-06-27,Giulietta Dortch,Corporate,South,Office Supplies,35.44
440,2022-06,2022-06-27,Peter Fuller,Consumer,South,Office Supplies,24.56
441,2022-06,2022-06-27,Peter Fuller,Consumer,South,Office Supplies,9.42
442,2022-06,2022-06-27,Katharine Harms,Corporate,Central,Office Supplies,45.248
443,2022-06,2022-06-28,Steve Nguyen,Home Office,West,Office Supplies,107.94
444,2022-06,2022-06-28,Harold Pawlan,Home Office,West,Office Supplies,140.736
445,2022-06,2022-06-28,Steve Nguyen,Home Office,West,Office Supplies,5.78
446,2022-06,2022-06-29,Carol Triggs,Consumer,East,Furniture,872.32
447,2022-06,2022-06-29,Carol Triggs,Consumer,East,Furniture,194.25
448,2022-06,2022-06-29,Carol Triggs,Consumer,East,Office Supplies,8.64
449,2022-06,2022-06-29,Carol Triggs,Consumer,East,Office Supplies,16.14
450,2022-06,2022-06-29,Carol Triggs,Consumer,East,Furniture,872.32
451,2022-06,2022-06-29,Carol Triggs,Consumer,East,Furniture,194.25
452,2022-06,2022-06-29,Carol Triggs,Consumer,East,Office Supplies,8.64
453,2022-06,2022-06-29,Carol Triggs,Consumer,East,Office Supplies,16.14
454,2022-06,2022-06-30,Kean Thornton,Consumer,East,Technology,1799.97
455,2022-07,2022-07-01,Sean Braxton,Corporate,South,Office Supplies,9.45
456,2022-07,2022-07-01,Sean Braxton,Corporate,South,Office Supplies,20.65
457,2022-07,2022-07-01,Sean Braxton,Corporate,South,Office Supplies,45.36
458,2022-07,2022-07-01,Sean Braxton,Corporate,South,Office Supplies,83.25
459,2022-07,2022-07-01,Patrick Gardner,Consumer,West,Technology,167.97
460,2022-07,2022-07-01,Patrick Gardner,Consumer,West,Technology,67.8
461,2022-07,2022-07-02,Art Foster,Consumer,East,Furniture,349.965
462,2022-07,2022-07-02,Greg Matthias,Consumer,West,Furniture,256.784
463,2022-07,2022-07-02,Art Foster,Consumer,East,Office Supplies,22.32
464,2022-07,2022-07-02,Arianne Irving,Consumer,West,Office Supplies,158.13
465,2022-07,2022-07-02,Greg Matthias,Consumer,West,Office Supplies,39.96
466,2022-07,2022-07-02,Greg Matthias,Consumer,West,Office Supplies,41.04
467,2022-07,2022-07-02,Greg Matthias,Consumer,West,Technology,1432.0
468,2022-07,2022-07-02,Arianne Irving,Consumer,West,Technology,43.6
469,2022-07,2022-07-03,Victoria Wilson,Corporate,Central,Furniture,1212.96
470,2022-07,2022-07-03,Paul Gonzalez,Consumer,Central,Furniture,66.112
471,2022-07,2022-07-03,Brooke Gillingham,Corporate,East,Office Supplies,35.91
472,2022-07,2022-07-03,Harold Dahlen,Home Office,Central,Office Supplies,104.58
473,2022-07,2022-07-03,Harold Dahlen,Home Office,Central,Office Supplies,17.472
474,2022-07,2022-07-03,Raymond Messe,Consumer,Central,Technology,46.864
475,2022-07,2022-07-03,Paul Gonzalez,Consumer,Central,Technology,58.112
476,2022-07,2022-07-03,Paul Gonzalez,Consumer,Central,Technology,100.792
477,2022-07,2022-07-04,Hunter Lopez,Consumer,Central,Furniture,34.79
478,2022-07,2022-07-04,Kean Thornton,Consumer,East,Furniture,700.056
479,2022-07,2022-07-05,Aaron Hawkins,Corporate,West,Furniture,279.456
480,2022-07,2022-07-05,Erica Hernandez,Home Office,South,Office Supplies,398.352
481,2022-07,2022-07-05,Erica Hernandez,Home Office,South,Office Supplies,7.104
482,2022-07,2022-07-05,Aaron Hawkins,Corporate,West,Office Supplies,8.0
483,2022-07,2022-07-05,Alejandro Grove,Consumer,West,Office Supplies,55.5
484,2022-07,2022-07-05,Naresj Patel,Consumer,West,Technology,149.97
485,2022-07,2022-07-06,Anthony Johnson,Corporate,South,Furniture,310.88
486,2022-07,2022-07-08,Pauline Webber,Corporate,West,Furniture,232.88
487,2022-07,2022-07-08,Cindy Chapman,Consumer,West,Technology,56.4
488,2022-07,2022-07-09,Pete Armstrong,Home Office,Central,Office Supplies,91.68
489,2022-07,2022-07-10,Ted Trevino,Consumer,East,Furniture,149.232
490,2022-07,2022-07-10,Ted Trevino,Consumer,East,Office Supplies,15.936
491,2022-07,2022-07-10,George Ashbrook,Consumer,Central,Office Supplies,3.984
492,2022-07,2022-07-10,Bruce Stewart,Consumer,East,Technology,779.796
493,2022-07,2022-07-11,John Huston,Consumer,Central,Office Supplies,57.42
494,2022-07,2022-07-11,Tamara Dahlen,Consumer,South,Office Supplies,34.2
495,2022-07,2022-07-12,Randy Ferguson,Corporate,East,Furniture,139.86
496,2022-07,2022-07-12,Matt Collister,Corporate,Central,Furniture,10.332
497,2022-07,2022-07-12,Randy Ferguson,Corporate,East,Office Supplies,33.28
498,2022-07,2022-07-12,Randy Ferguson,Corporate,East,Office Supplies,38.52
499,2022-07,2022-07-12,Matt Collister,Corporate,Central,Office Supplies,10.368
500,2022-07,2022-07-12,Matt Collister,Corporate,Central,Office Supplies,66.96
501,2022-07,2022-07-12,Matt Collister,Corporate,Central,Technology,20.784
502,2022-07,2022-07-12,Chuck Clark,Home Office,West,Furniture,518.27
503,2022-07,2022-07-12,Chuck Clark,Home Office,West,Furniture,6.98
504,2022-07,2022-07-12,Chuck Clark,Home Office,West,Technology,343.2
505,2022-07,2022-07-13,Katherine Hughes,Consumer,Central,Furniture,107.772
506,2022-07,2022-07-13,Frank Gastineau,Home Office,East,Office Supplies,245.88
507,2022-07,2022-07-13,Bradley Talbott,Home Office,West,Office Supplies,31.84
508,2022-07,2022-07-13,Katherine Hughes,Consumer,Central,Office Supplies,18.24
509,2022-07,2022-07-13,Frank Gastineau,Home Office,East,Office Supplies,447.86
510,2022-07,2022-07-13,Mitch Willingham,Corporate,South,Office Supplies,2715.93
511,2022-07,2022-07-13,Katherine Hughes,Consumer,Central,Office Supplies,56.064
512,2022-07,2022-07-13,Katherine Hughes,Consumer,Central,Office Supplies,4.832
513,2022-07,2022-07-13,Frank Gastineau,Home Office,East,Office Supplies,17.94
514,2022-07,2022-07-13,Mitch Willingham,Corporate,South,Technology,617.97
515,2022-07,2022-07-13,Frank Gastineau,Home Office,East,Office Supplies,245.88
516,2022-07,2022-07-13,Frank Gastineau,Home Office,East,Office Supplies,447.86
517,2022-07,2022-07-13,Frank Gastineau,Home Office,East,Office Supplies,17.94
518,2022-07,2022-07-14,Evan Henry,Consumer,South,Technology,135.98
519,2022-07,2022-07-14,Evan Henry,Consumer,South,Technology,44.95
520,2022-07,2022-07-15,Greg Tran,Consumer,East,Office Supplies,208.16
521,2022-07,2022-07-15,Andrew Roberts,Consumer,East,Office Supplies,21.168
522,2022-07,2022-07-15,Greg Tran,Consumer,East,Office Supplies,17.96
523,2022-07,2022-07-15,Andrew Roberts,Consumer,East,Office Supplies,3.282
524,2022-07,2022-07-15,Erica Hackney,Consumer,West,Office Supplies,12.96
525,2022-07,2022-07-15,Greg Tran,Consumer,East,Office Supplies,5.04
526,2022-07,2022-07-15,Andrew Roberts,Consumer,East,Technology,55.188
527,2022-07,2022-07-16,Resi Pölking,Consumer,East,Office Supplies,116.28
528,2022-07,2022-07-17,Janet Lee,Consumer,Central,Furniture,29.32
529,2022-07,2022-07-17,Janet Lee,Consumer,Central,Office Supplies,75.6
530,2022-07,2022-07-17,Barry Weirich,Consumer,East,Office Supplies,14.62
531,2022-07,2022-07-18,Marina Lichtenstein,Corporate,West,Furniture,290.666
532,2022-07,2022-07-18,Herbert Flentye,Consumer,West,Furniture,225.296
533,2022-07,2022-07-18,Michelle Moray,Consumer,Central,Furniture,359.772
534,2022-07,2022-07-18,Michelle Moray,Consumer,Central,Office Supplies,13.392
535,2022-07,2022-07-18,Dean percer,Home Office,West,Office Supplies,48.4
536,2022-07,2022-07-18,Michelle Moray,Consumer,Central,Office Supplies,102.624
537,2022-07,2022-07-18,Marina Lichtenstein,Corporate,West,Technology,201.584
538,2022-07,2022-07-18,Marina Lichtenstein,Corporate,West,Technology,83.984
539,2022-07,2022-07-19,Maya Herman,Corporate,West,Furniture,567.12
540,2022-07,2022-07-19,Laurel Elliston,Consumer,Central,Office Supplies,17.46
541,2022-07,2022-07-19,Maya Herman,Corporate,West,Office Supplies,359.32
542,2022-07,2022-07-19,Lena Creighton,Consumer,West,Technology,99.99
543,2022-07,2022-07-19,Lena Creighton,Consumer,West,Technology,1113.504
544,2022-07,2022-07-20,Magdelene Morse,Consumer,West,Office Supplies,136.96
545,2022-07,2022-07-20,Patrick Jones,Corporate,West,Technology,27.6
546,2022-07,2022-07-20,Patrick Jones,Corporate,West,Technology,57.408
547,2022-07,2022-07-22,Shahid Shariari,Consumer,Central,Furniture,355.455
548,2022-07,2022-07-22,Laurel Workman,Corporate,East,Office Supplies,235.95
549,2022-07,2022-07-22,James Galang,Consumer,East,Office Supplies,70.368
550,2022-07,2022-07-22,Laurel Workman,Corporate,East,Office Supplies,25.584
551,2022-07,2022-07-22,Ellis Ballard,Corporate,South,Office Supplies,13.62
552,2022-07,2022-07-22,Laurel Workman,Corporate,East,Office Supplies,39.96
553,2022-07,2022-07-22,Mark Cousins,Corporate,Central,Technology,719.976
554,2022-07,2022-07-22,Laurel Workman,Corporate,East,Technology,464.0
555,2022-07,2022-07-23,Jim Karlsson,Consumer,South,Technology,113.73
556,2022-07,2022-07-23,Jim Karlsson,Consumer,South,Technology,659.97
557,2022-07,2022-07-24,Dianna Wilson,Home Office,Central,Furniture,2001.86
558,2022-07,2022-07-24,Liz Thompson,Consumer,South,Furniture,22.2
559,2022-07,2022-07-24,Dianna Wilson,Home Office,Central,Office Supplies,1503.25
560,2022-07,2022-07-24,Quincy Jones,Corporate,Central,Office Supplies,65.52
561,2022-07,2022-07-24,Corey Roper,Home Office,East,Office Supplies,289.2
562,2022-07,2022-07-24,Corey Roper,Home Office,East,Office Supplies,45.48
563,2022-07,2022-07-24,Quincy Jones,Corporate,Central,Office Supplies,138.56
564,2022-07,2022-07-24,Dianna Wilson,Home Office,Central,Office Supplies,25.92
565,2022-07,2022-07-24,Dianna Wilson,Home Office,Central,Office Supplies,47.88
566,2022-07,2022-07-24,Dianna Wilson,Home Office,Central,Office Supplies,166.72
567,2022-07,2022-07-24,Liz Thompson,Consumer,South,Technology,881.93
568,2022-07,2022-07-25,Christine Kargatis,Home Office,West,Furniture,73.32
569,2022-07,2022-07-25,Stewart Visinsky,Consumer,South,Office Supplies,8.56
570,2022-07,2022-07-25,Christine Kargatis,Home Office,West,Office Supplies,59.808
571,2022-07,2022-07-25,Stewart Visinsky,Consumer,South,Office Supplies,356.94
572,2022-07,2022-07-25,Stewart Visinsky,Consumer,South,Technology,239.97
573,2022-07,2022-07-26,Richard Eichhorn,Consumer,Central,Furniture,61.544
574,2022-07,2022-07-26,Steven Cartwright,Consumer,West,Furniture,515.88
575,2022-07,2022-07-26,Ross Baird,Home Office,Central,Office Supplies,15.28
576,2022-07,2022-07-26,Richard Eichhorn,Consumer,Central,Office Supplies,15.936
577,2022-07,2022-07-26,Richard Eichhorn,Consumer,Central,Office Supplies,132.696
578,2022-07,2022-07-27,Bobby Trafton,Consumer,East,Furniture,353.568
579,2022-07,2022-07-27,Bobby Trafton,Consumer,East,Furniture,13.96
580,2022-07,2022-07-27,Bobby Trafton,Consumer,East,Furniture,56.96
581,2022-07,2022-07-27,Bobby Trafton,Consumer,East,Office Supplies,15.56
582,2022-07,2022-07-27,Mark Packer,Home Office,East,Office Supplies,16.224
583,2022-07,2022-07-29,Grant Thornton,Corporate,East,Furniture,991.764
584,2022-07,2022-07-29,Bryan Mills,Consumer,East,Office Supplies,13.36
585,2022-07,2022-07-29,Stewart Visinsky,Consumer,South,Office Supplies,1.365
586,2022-07,2022-07-29,Sarah Bern,Consumer,Central,Office Supplies,24.588
587,2022-07,2022-07-29,Grant Thornton,Corporate,East,Office Supplies,149.544
588,2022-07,2022-07-29,Sarah Bern,Consumer,Central,Office Supplies,13.984
589,2022-07,2022-07-29,Valerie Takahito,Home Office,Central,Office Supplies,100.24
590,2022-07,2022-07-29,Stewart Visinsky,Consumer,South,Office Supplies,62.016
591,2022-07,2022-07-29,Grant Thornton,Corporate,East,Office Supplies,17.14
592,2022-07,2022-07-30,Nick Radford,Consumer,Central,Furniture,268.935
593,2022-07,2022-07-30,Bart Pistole,Corporate,Central,Office Supplies,12.462
594,2022-07,2022-07-31,Katrina Edelman,Corporate,South,Furniture,170.352
595,2022-07,2022-07-31,Carlos Soltero,Consumer,West,Furniture,585.552
596,2022-07,2022-07-31,Rick Duston,Consumer,East,Office Supplies,68.48
597,2022-07,2022-07-31,Rick Duston,Consumer,East,Office Supplies,1676.88
598,2022-08,2022-08-01,Brosina Hoffman,Consumer,West,Furniture,48.86
599,2022-08,2022-08-01,Thomas Seio,Corporate,West,Furniture,37.4
600,2022-08,2022-08-01,Brosina Hoffman,Consumer,West,Furniture,1706.184
601,2022-08,2022-08-01,Frank Olsen,Consumer,South,Furniture,1441.3
602,2022-08,2022-08-01,Brosina Hoffman,Consumer,West,Office Supplies,114.9
603,2022-08,2022-08-01,Carl Weiss,Home Office,Central,Office Supplies,70.368
604,2022-08,2022-08-01,Thomas Seio,Corporate,West,Office Supplies,18.06
605,2022-08,2022-08-01,Brosina Hoffman,Consumer,West,Office Supplies,7.28
606,2022-08,2022-08-01,Chuck Magee,Consumer,West,Office Supplies,23.1
607,2022-08,2022-08-01,Brosina Hoffman,Consumer,West,Office Supplies,18.504
608,2022-08,2022-08-01,Thomas Seio,Corporate,West,Office Supplies,79.14
609,2022-08,2022-08-01,Chuck Magee,Consumer,West,Office Supplies,7.36
610,2022-08,2022-08-01,Carl Weiss,Home Office,Central,Technology,63.984
611,2022-08,2022-08-01,Carl Weiss,Home Office,Central,Technology,7.992
612,2022-08,2022-08-01,Brosina Hoffman,Consumer,West,Technology,911.424
613,2022-08,2022-08-01,Brosina Hoffman,Consumer,West,Technology,907.152
614,2022-08,2022-08-02,Heather Kirkland,Corporate,Central,Office Supplies,491.55
615,2022-08,2022-08-05,Filia McAdams,Corporate,West,Office Supplies,14.52
616,2022-08,2022-08-06,Sharelle Roach,Home Office,Central,Furniture,212.94
617,2022-08,2022-08-07,Kelly Lampkin,Corporate,Central,Furniture,797.944
618,2022-08,2022-08-07,Kelly Lampkin,Corporate,Central,Furniture,99.918
619,2022-08,2022-08-07,Kelly Lampkin,Corporate,Central,Office Supplies,8.568
620,2022-08,2022-08-07,Pamela Stobb,Consumer,Central,Office Supplies,36.544
621,2022-08,2022-08-08,Sonia Cooley,Consumer,Central,Furniture,647.84
622,2022-08,2022-08-08,Chloris Kastensmidt,Consumer,East,Office Supplies,35.0
623,2022-08,2022-08-08,Chloris Kastensmidt,Consumer,East,Office Supplies,39.552
624,2022-08,2022-08-08,Chloris Kastensmidt,Consumer,East,Office Supplies,41.4
625,2022-08,2022-08-09,Gary Hwang,Consumer,West,Furniture,6.24
626,2022-08,2022-08-09,Gary Hwang,Consumer,West,Office Supplies,3266.376
627,2022-08,2022-08-09,Gary Hwang,Consumer,West,Office Supplies,17.9
628,2022-08,2022-08-09,Jennifer Ferguson,Consumer,Central,Office Supplies,62.016
629,2022-08,2022-08-09,Duane Benoit,Consumer,East,Technology,65.97
630,2022-08,2022-08-10,Mick Crebagga,Consumer,West,Technology,139.8
631,2022-08,2022-08-10,Neil Cohen,Home Office,East,Office Supplies,74.352
632,2022-08,2022-08-12,Sam Craven,Consumer,Central,Furniture,193.0656
633,2022-08,2022-08-12,Corey-Lock,Consumer,Central,Office Supplies,471.9
634,2022-08,2022-08-12,Corey-Lock,Consumer,Central,Office Supplies,3.52
635,2022-08,2022-08-12,Sam Craven,Consumer,Central,Office Supplies,3.392
636,2022-08,2022-08-12,Sam Craven,Consumer,Central,Office Supplies,11.648
637,2022-08,2022-08-12,Sam Craven,Consumer,Central,Office Supplies,15.552
638,2022-08,2022-08-12,Sam Craven,Consumer,Central,Office Supplies,509.488
639,2022-08,2022-08-12,Sam Craven,Consumer,Central,Technology,418.8
640,2022-08,2022-08-12,Sam Craven,Consumer,Central,Technology,201.584
641,2022-08,2022-08-13,Natalie Webber,Consumer,East,Furniture,3.984
642,2022-08,2022-08-13,Naresj Patel,Consumer,South,Furniture,104.01
643,2022-08,2022-08-13,Toby Braunhardt,Consumer,East,Office Supplies,59.7
644,2022-08,2022-08-13,Natalie Webber,Consumer,East,Office Supplies,44.416
645,2022-08,2022-08-13,Dave Brooks,Consumer,East,Office Supplies,3.76
646,2022-08,2022-08-13,Raymond Messe,Consumer,East,Office Supplies,21.4
647,2022-08,2022-08-13,Natalie Webber,Consumer,East,Office Supplies,9.006
648,2022-08,2022-08-13,Stewart Visinsky,Consumer,West,Office Supplies,11.088
649,2022-08,2022-08-13,Stewart Visinsky,Consumer,West,Office Supplies,25.164
650,2022-08,2022-08-13,Natalie Webber,Consumer,East,Office Supplies,24.896
651,2022-08,2022-08-13,Toby Braunhardt,Consumer,East,Office Supplies,19.65
652,2022-08,2022-08-13,Naresj Patel,Consumer,South,Office Supplies,36.84
653,2022-08,2022-08-13,Natalie Webber,Consumer,East,Technology,95.968
654,2022-08,2022-08-13,Natalie Webber,Consumer,East,Technology,206.991
655,2022-08,2022-08-13,James Galang,Consumer,East,Technology,1214.85
656,2022-08,2022-08-13,Naresj Patel,Consumer,South,Technology,284.82
657,2022-08,2022-08-13,Toby Braunhardt,Consumer,East,Technology,617.97
658,2022-08,2022-08-13,Dave Brooks,Consumer,East,Technology,1322.93
659,2022-08,2022-08-14,Anna Andreadi,Consumer,East,Furniture,853.93
660,2022-08,2022-08-14,Anna Andreadi,Consumer,East,Furniture,170.058
661,2022-08,2022-08-14,Toby Braunhardt,Consumer,West,Office Supplies,8.226
662,2022-08,2022-08-14,Dianna Vittorini,Consumer,Central,Office Supplies,501.81
663,2022-08,2022-08-14,Dianna Vittorini,Consumer,Central,Office Supplies,161.94
664,2022-08,2022-08-14,Joel Eaton,Consumer,West,Technology,196.752
665,2022-08,2022-08-14,Anna Andreadi,Consumer,East,Technology,82.782
666,2022-08,2022-08-15,Denise Leinenbach,Consumer,South,Office Supplies,20.016
667,2022-08,2022-08-15,Denise Leinenbach,Consumer,South,Office Supplies,3.104
668,2022-08,2022-08-15,Brian Stugart,Consumer,East,Technology,86.376
669,2022-08,2022-08-16,Liz Pelletier,Consumer,West,Furniture,4.272
670,2022-08,2022-08-17,Noel Staavos,Corporate,West,Furniture,447.84
671,2022-08,2022-08-17,Grace Kelly,Corporate,West,Office Supplies,9.328
672,2022-08,2022-08-17,Grace Kelly,Corporate,West,Office Supplies,71.632
673,2022-08,2022-08-17,Grace Kelly,Corporate,West,Technology,263.96
674,2022-08,2022-08-19,Liz MacKendrick,Consumer,South,Furniture,85.98
675,2022-08,2022-08-19,Liz MacKendrick,Consumer,South,Office Supplies,306.2
676,2022-08,2022-08-19,Liz MacKendrick,Consumer,South,Technology,223.96
677,2022-08,2022-08-20,Cynthia Arntzen,Consumer,East,Furniture,1228.465
678,2022-08,2022-08-20,Cynthia Arntzen,Consumer,East,Office Supplies,3.168
679,2022-08,2022-08-20,Cynthia Arntzen,Consumer,East,Office Supplies,31.086
680,2022-08,2022-08-20,Rob Williams,Corporate,Central,Office Supplies,6.08
681,2022-08,2022-08-20,Cynthia Arntzen,Consumer,East,Office Supplies,41.472
682,2022-08,2022-08-20,Cynthia Arntzen,Consumer,East,Office Supplies,335.52
683,2022-08,2022-08-21,Dan Lawera,Consumer,East,Office Supplies,32.76
684,2022-08,2022-08-21,Jim Karlsson,Consumer,East,Office Supplies,13.92
685,2022-08,2022-08-22,Cari Schnelling,Consumer,East,Office Supplies,6.6
686,2022-08,2022-08-22,Anthony Rawles,Corporate,West,Office Supplies,32.4
687,2022-08,2022-08-22,Russell Applegate,Consumer,Central,Office Supplies,5.248
688,2022-08,2022-08-22,Helen Abelman,Consumer,East,Office Supplies,334.768
689,2022-08,2022-08-22,Cari Schnelling,Consumer,East,Office Supplies,2.688
690,2022-08,2022-08-22,Michael Stewart,Corporate,Central,Office Supplies,21.312
691,2022-08,2022-08-22,Brian DeCherney,Consumer,South,Office Supplies,310.688
692,2022-08,2022-08-22,Michael Stewart,Corporate,Central,Office Supplies,25.92
693,2022-08,2022-08-23,Laurel Workman,Corporate,South,Office Supplies,5.184
694,2022-08,2022-08-23,Dorris liebe,Corporate,West,Office Supplies,19.92
695,2022-08,2022-08-23,Laurel Workman,Corporate,South,Technology,575.92
696,2022-08,2022-08-24,Eric Hoffmann,Consumer,East,Office Supplies,5.58
697,2022-08,2022-08-24,Eric Hoffmann,Consumer,East,Technology,73.98
698,2022-08,2022-08-26,Katrina Edelman,Corporate,West,Office Supplies,32.432
699,2022-08,2022-08-26,Maxwell Schwartz,Consumer,South,Office Supplies,15.6
700,2022-08,2022-08-26,Katrina Edelman,Corporate,West,Office Supplies,177.536
701,2022-08,2022-08-26,Maxwell Schwartz,Consumer,South,Office Supplies,21.84
702,2022-08,2022-08-27,Don Miller,Corporate,South,Furniture,19.52
703,2022-08,2022-08-27,Don Miller,Corporate,South,Furniture,213.216
704,2022-08,2022-08-27,David Wiener,Corporate,South,Office Supplies,4.368
705,2022-08,2022-08-27,Dennis Pardue,Home Office,West,Office Supplies,180.96
706,2022-08,2022-08-27,Don Miller,Corporate,South,Office Supplies,9.81
707,2022-08,2022-08-27,Michael Chen,Consumer,South,Office Supplies,14.62
708,2022-08,2022-08-27,Michael Chen,Consumer,South,Office Supplies,19.44
709,2022-08,2022-08-27,Dan Campbell,Consumer,Central,Office Supplies,281.424
710,2022-08,2022-08-27,Dan Campbell,Consumer,Central,Office Supplies,220.776
711,2022-08,2022-08-27,Michael Chen,Consumer,South,Technology,479.97
712,2022-08,2022-08-28,Becky Castell,Home Office,West,Furniture,478.48
713,2022-08,2022-08-28,Emily Phan,Consumer,East,Technology,559.992
714,2022-08,2022-08-29,John Lee,Consumer,East,Furniture,172.186
715,2022-08,2022-08-29,John Lee,Consumer,East,Furniture,69.008
716,2022-08,2022-08-30,Michelle Huthwaite,Consumer,East,Furniture,63.882
717,2022-08,2022-08-30,Ed Braxton,Corporate,West,Furniture,502.488
718,2022-08,2022-08-30,Ed Braxton,Corporate,West,Office Supplies,196.704
719,2022-08,2022-08-31,Darrin Sayre,Home Office,West,Furniture,119.833
720,2022-08,2022-08-31,Darrin Sayre,Home Office,West,Office Supplies,5.56
721,2022-08,2022-08-31,Darrin Sayre,Home Office,West,Office Supplies,14.304
722,2022-08,2022-08-31,Gary Hansen,Home Office,West,Office Supplies,41.904
723,2022-08,2022-08-31,Gary Hansen,Home Office,West,Office Supplies,2.88
724,2022-08,2022-08-31,Brian Moss,Corporate,Central,Office Supplies,14.352
725,2022-08,2022-08-31,Darrin Sayre,Home Office,West,Office Supplies,32.4
726,2022-08,2022-08-31,Brian Moss,Corporate,Central,Office Supplies,10.368
727,2022-08,2022-08-31,Gary Hansen,Home Office,West,Office Supplies,23.92
728,2022-09,2022-09-02,Laura Armstrong,Corporate,East,Furniture,854.94
729,2022-09,2022-09-02,Laura Armstrong,Corporate,East,Furniture,124.11
730,2022-09,2022-09-02,Mark Hamilton,Consumer,East,Office Supplies,18.28
731,2022-09,2022-09-02,Laura Armstrong,Corporate,East,Office Supplies,14.4
732,2022-09,2022-09-02,Laura Armstrong,Corporate,East,Office Supplies,177.2
733,2022-09,2022-09-02,Michael Nguyen,Consumer,Central,Office Supplies,10.368
734,2022-09,2022-09-02,Mark Hamilton,Consumer,East,Office Supplies,49.12
735,2022-09,2022-09-02,Michael Nguyen,Consumer,Central,Technology,575.968
736,2022-09,2022-09-02,Laura Armstrong,Corporate,East,Technology,197.97
737,2022-09,2022-09-02,Jamie Kunitz,Consumer,East,Technology,164.85
738,2022-09,2022-09-03,Clay Ludtke,Consumer,West,Furniture,123.136
739,2022-09,2022-09-03,Paul Van Hugh,Home Office,Central,Furniture,512.358
740,2022-09,2022-09-03,Alyssa Crouse,Corporate,West,Furniture,698.352
741,2022-09,2022-09-03,Paul Van Hugh,Home Office,Central,Office Supplies,22.288
742,2022-09,2022-09-03,Clay Ludtke,Consumer,West,Office Supplies,11.264
743,2022-09,2022-09-03,Alyssa Crouse,Corporate,West,Office Supplies,7.712
744,2022-09,2022-09-03,Paul Van Hugh,Home Office,Central,Office Supplies,3.488
745,2022-09,2022-09-03,Max Engle,Consumer,Central,Office Supplies,35.856
746,2022-09,2022-09-03,Paul Van Hugh,Home Office,Central,Office Supplies,16.032
747,2022-09,2022-09-03,Ben Ferrer,Home Office,West,Office Supplies,249.75
748,2022-09,2022-09-03,Max Engle,Consumer,Central,Technology,23.84
749,2022-09,2022-09-03,Ben Ferrer,Home Office,West,Technology,255.936
750,2022-09,2022-09-04,Grace Kelly,Corporate,West,Furniture,351.216
751,2022-09,2022-09-05,Shui Tom,Consumer,East,Furniture,31.984
752,2022-09,2022-09-05,Shirley Schmidt,Home Office,East,Office Supplies,39.48
753,2022-09,2022-09-05,Shui Tom,Consumer,East,Office Supplies,41.584
754,2022-09,2022-09-05,Barbara Fisher,Corporate,East,Office Supplies,17.94
755,2022-09,2022-09-05,Arthur Wiediger,Home Office,Central,Office Supplies,29.932
756,2022-09,2022-09-05,Philip Brown,Consumer,West,Office Supplies,55.92
757,2022-09,2022-09-05,Arthur Wiediger,Home Office,Central,Technology,38.272
758,2022-09,2022-09-05,Shui Tom,Consumer,East,Technology,13.494
759,2022-09,2022-09-05,Shui Tom,Consumer,East,Technology,23.988
760,2022-09,2022-09-06,Victoria Wilson,Corporate,Central,Office Supplies,6.54
761,2022-09,2022-09-06,Victoria Wilson,Corporate,Central,Technology,2.97
762,2022-09,2022-09-09,Adrian Hane,Home Office,West,Furniture,259.136
763,2022-09,2022-09-09,Jack Lebron,Consumer,East,Office Supplies,13.904
764,2022-09,2022-09-10,Christine Abelman,Corporate,East,Furniture,70.56
765,2022-09,2022-09-10,Eugene Moren,Home Office,West,Office Supplies,6.096
766,2022-09,2022-09-10,Christine Abelman,Corporate,East,Office Supplies,3.81
767,2022-09,2022-09-10,Christine Abelman,Corporate,East,Office Supplies,20.88
768,2022-09,2022-09-10,Christine Abelman,Corporate,East,Technology,359.98
769,2022-09,2022-09-11,Katherine Murray,Home Office,Central,Furniture,981.372
770,2022-09,2022-09-11,Charles Crestani,Consumer,West,Furniture,43.02
771,2022-09,2022-09-11,Katherine Murray,Home Office,Central,Furniture,16.74
772,2022-09,2022-09-11,Jonathan Doherty,Corporate,West,Office Supplies,13.12
773,2022-09,2022-09-11,Scot Wooten,Consumer,East,Office Supplies,27.36
774,2022-09,2022-09-11,Charles Crestani,Consumer,West,Office Supplies,8.704
775,2022-09,2022-09-11,Roger Demir,Consumer,West,Office Supplies,89.712
776,2022-09,2022-09-11,Charles Crestani,Consumer,West,Office Supplies,104.85
777,2022-09,2022-09-11,Charles Crestani,Consumer,West,Office Supplies,19.92
778,2022-09,2022-09-11,Jonathan Doherty,Corporate,West,Office Supplies,11.96
779,2022-09,2022-09-11,Roger Demir,Consumer,West,Office Supplies,22.83
780,2022-09,2022-09-11,Jonathan Doherty,Corporate,West,Office Supplies,535.41
781,2022-09,2022-09-11,Scot Wooten,Consumer,East,Office Supplies,25.984
782,2022-09,2022-09-11,Katherine Murray,Home Office,Central,Office Supplies,342.864
783,2022-09,2022-09-11,Jonathan Doherty,Corporate,West,Technology,41.94
784,2022-09,2022-09-12,Michelle Ellison,Corporate,West,Furniture,801.568
785,2022-09,2022-09-12,Harry Marie,Corporate,Central,Furniture,657.93
786,2022-09,2022-09-12,Michelle Ellison,Corporate,West,Furniture,272.848
787,2022-09,2022-09-12,Harry Marie,Corporate,Central,Office Supplies,4.992
788,2022-09,2022-09-12,Michelle Ellison,Corporate,West,Office Supplies,99.2
789,2022-09,2022-09-12,Harry Marie,Corporate,Central,Office Supplies,1.044
790,2022-09,2022-09-12,Harry Marie,Corporate,Central,Office Supplies,87.92
791,2022-09,2022-09-12,Patrick Gardner,Consumer,Central,Technology,35.98
792,2022-09,2022-09-13,Naresj Patel,Consumer,West,Furniture,717.72
793,2022-09,2022-09-13,Naresj Patel,Consumer,West,Furniture,170.352
794,2022-09,2022-09-13,Erin Mull,Consumer,East,Office Supplies,5.96
795,2022-09,2022-09-13,Naresj Patel,Consumer,West,Office Supplies,11.52
796,2022-09,2022-09-13,Alejandro Ballentine,Home Office,West,Office Supplies,19.68
797,2022-09,2022-09-13,Naresj Patel,Consumer,West,Office Supplies,236.5
798,2022-09,2022-09-13,John Lucas,Consumer,Central,Office Supplies,26.632
799,2022-09,2022-09-13,Erin Mull,Consumer,East,Technology,159.98
800,2022-09,2022-09-14,Arthur Gainer,Consumer,West,Office Supplies,9.24
801,2022-09,2022-09-14,Arthur Gainer,Consumer,West,Office Supplies,8.16
802,2022-09,2022-09-14,Nick Crebassa,Corporate,West,Office Supplies,40.7
803,2022-09,2022-09-14,Alejandro Grove,Consumer,East,Technology,99.98
804,2022-09,2022-09-14,Arthur Gainer,Consumer,West,Technology,479.04
805,2022-09,2022-09-14,Nick Crebassa,Corporate,West,Technology,45.0
806,2022-09,2022-09-14,Arthur Gainer,Consumer,West,Technology,1023.936
807,2022-09,2022-09-14,Nick Crebassa,Corporate,West,Technology,604.752
808,2022-09,2022-09-14,Nick Crebassa,Corporate,West,Technology,302.376
809,2022-09,2022-09-16,Ken Lonsdale,Consumer,West,Furniture,77.92
810,2022-09,2022-09-16,Vicky Freymann,Home Office,West,Office Supplies,6.48
811,2022-09,2022-09-16,Ken Lonsdale,Consumer,West,Office Supplies,53.72
812,2022-09,2022-09-16,Ken Lonsdale,Consumer,West,Office Supplies,8187.65
813,2022-09,2022-09-16,Vicky Freymann,Home Office,West,Office Supplies,15.52
814,2022-09,2022-09-17,Sheri Gordon,Consumer,South,Furniture,67.88
815,2022-09,2022-09-17,Kunst Miller,Consumer,West,Furniture,674.352
816,2022-09,2022-09-17,Sheri Gordon,Consumer,South,Furniture,25.71
817,2022-09,2022-09-17,Kunst Miller,Consumer,West,Furniture,134.01
818,2022-09,2022-09-17,Luke Foster,Consumer,Central,Furniture,17.496
819,2022-09,2022-09-17,Luke Foster,Consumer,Central,Office Supplies,4.836
820,2022-09,2022-09-17,Luke Foster,Consumer,Central,Office Supplies,16.784
821,2022-09,2022-09-17,Luke Foster,Consumer,Central,Office Supplies,8.88
822,2022-09,2022-09-17,Luke Foster,Consumer,Central,Office Supplies,2177.584
823,2022-09,2022-09-17,Sheri Gordon,Consumer,South,Office Supplies,162.89
824,2022-09,2022-09-17,Carl Ludwig,Consumer,Central,Office Supplies,123.552
825,2022-09,2022-09-17,Jack O'Briant,Corporate,West,Technology,111.93
826,2022-09,2022-09-17,Luke Foster,Consumer,Central,Technology,431.136
827,2022-09,2022-09-17,Kunst Miller,Consumer,West,Technology,170.97
828,2022-09,2022-09-17,Kunst Miller,Consumer,West,Technology,911.984
829,2022-09,2022-09-18,Aaron Smayling,Corporate,East,Office Supplies,65.78
830,2022-09,2022-09-18,Barry Blumstein,Corporate,West,Office Supplies,276.28
831,2022-09,2022-09-18,Giulietta Weimer,Consumer,West,Technology,238.0
832,2022-09,2022-09-19,Chloris Kastensmidt,Consumer,South,Furniture,129.888
833,2022-09,2022-09-19,Chloris Kastensmidt,Consumer,South,Office Supplies,48.944
834,2022-09,2022-09-19,Chloris Kastensmidt,Consumer,South,Office Supplies,14.32
835,2022-09,2022-09-21,Tom Stivers,Corporate,West,Furniture,1367.84
836,2022-09,2022-09-23,Barbara Fisher,Corporate,South,Furniture,44.128
837,2022-09,2022-09-23,Barbara Fisher,Corporate,South,Office Supplies,62.92
838,2022-09,2022-09-23,Ivan Liston,Consumer,West,Office Supplies,19.752
839,2022-09,2022-09-23,Ann Steele,Home Office,East,Office Supplies,5.68
840,2022-09,2022-09-23,Barbara Fisher,Corporate,South,Office Supplies,17.544
841,2022-09,2022-09-23,Barbara Fisher,Corporate,South,Office Supplies,78.304
842,2022-09,2022-09-24,Nick Zandusky,Home Office,Central,Office Supplies,26.7
843,2022-09,2022-09-24,Nick Zandusky,Home Office,Central,Office Supplies,838.38
844,2022-09,2022-09-24,Nick Zandusky,Home Office,Central,Technology,21.2
845,2022-09,2022-09-25,Bruce Stewart,Consumer,West,Furniture,218.75
846,2022-09,2022-09-25,Bruce Stewart,Consumer,West,Office Supplies,2.6
847,2022-09,2022-09-25,Berenike Kampe,Consumer,East,Office Supplies,39.96
848,2022-09,2022-09-25,Gary Hansen,Home Office,West,Office Supplies,93.024
849,2022-09,2022-09-25,Berenike Kampe,Consumer,East,Office Supplies,21.36
850,2022-09,2022-09-25,Berenike Kampe,Consumer,East,Office Supplies,102.3
851,2022-09,2022-09-26,Marina Lichtenstein,Corporate,East,Office Supplies,101.96
852,2022-09,2022-09-26,Valerie Dominguez,Consumer,West,Office Supplies,1089.75
853,2022-09,2022-09-26,Valerie Dominguez,Consumer,West,Office Supplies,16.4
854,2022-09,2022-09-26,Valerie Dominguez,Consumer,West,Office Supplies,13.184
855,2022-09,2022-09-26,Valerie Dominguez,Consumer,West,Office Supplies,447.84
856,2022-09,2022-09-26,Marina Lichtenstein,Corporate,East,Office Supplies,259.74
857,2022-09,2022-09-26,Valerie Dominguez,Consumer,West,Office Supplies,158.9
858,2022-09,2022-09-26,Marina Lichtenstein,Corporate,East,Technology,255.42
859,2022-09,2022-09-26,Valerie Dominguez,Consumer,West,Technology,399.96
860,2022-09,2022-09-27,Ricardo Sperren,Corporate,East,Furniture,1133.35
861,2022-09,2022-09-27,Chad Sievert,Consumer,West,Furniture,340.144
862,2022-09,2022-09-27,Gary Zandusky,Consumer,Central,Furniture,489.23
863,2022-09,2022-09-27,Ricardo Sperren,Corporate,East,Office Supplies,79.47
864,2022-09,2022-09-27,Ricardo Sperren,Corporate,East,Office Supplies,4.56
865,2022-09,2022-09-27,Stephanie Phelps,Corporate,East,Office Supplies,15.96
866,2022-09,2022-09-27,Sonia Sunley,Consumer,West,Office Supplies,45.98
867,2022-09,2022-09-27,Chad Sievert,Consumer,West,Office Supplies,20.94
868,2022-09,2022-09-27,Chad Sievert,Consumer,West,Office Supplies,110.96
869,2022-09,2022-09-27,Sonia Sunley,Consumer,West,Office Supplies,15.78
870,2022-09,2022-09-27,Sonia Sunley,Consumer,West,Technology,16.36
871,2022-09,2022-09-27,Stephanie Phelps,Corporate,East,Technology,135.99
872,2022-09,2022-09-28,Roland Fjeld,Consumer,South,Technology,62.91
873,2022-09,2022-09-28,Trudy Brown,Consumer,East,Technology,199.98
874,2022-09,2022-09-30,Vivek Gonzalez,Consumer,South,Furniture,155.456
875,2022-09,2022-09-30,Maria Bertelson,Consumer,West,Furniture,121.376
876,2022-09,2022-09-30,Lena Radford,Consumer,West,Furniture,327.76
877,2022-09,2022-09-30,Matt Abelman,Home Office,Central,Furniture,53.88
878,2022-09,2022-09-30,Matt Abelman,Home Office,Central,Office Supplies,167.535
879,2022-09,2022-09-30,Lena Radford,Consumer,West,Office Supplies,76.12
880,2022-09,2022-09-30,Matt Abelman,Home Office,Central,Office Supplies,38.34
881,2022-09,2022-09-30,Tamara Manning,Consumer,West,Office Supplies,423.28
882,2022-09,2022-09-30,Maria Bertelson,Consumer,West,Technology,95.976
883,2022-09,2022-09-30,Matt Abelman,Home Office,Central,Technology,549.99
884,2022-09,2022-09-30,Lena Radford,Consumer,West,Technology,1199.976
885,2022-09,2022-09-30,Matt Abelman,Home Office,Central,Technology,299.98
886,2022-09,2022-09-30,Lena Radford,Consumer,West,Technology,445.96
887,2022-09,2022-09-30,Denny Blanton,Consumer,East,Office Supplies,113.92
888,2022-09,2022-09-30,Denny Blanton,Consumer,East,Office Supplies,39.66
889,2022-09,2022-09-30,Denny Blanton,Consumer,East,Office Supplies,447.86
890,2022-10,2022-10-01,Roger Demir,Consumer,West,Office Supplies,9.345
891,2022-10,2022-10-01,Joseph Holt,Consumer,West,Office Supplies,2060.744
892,2022-10,2022-10-01,Roger Demir,Consumer,West,Office Supplies,4.464
893,2022-10,2022-10-01,Emily Ducich,Home Office,West,Office Supplies,20.88
894,2022-10,2022-10-01,Gene McClure,Consumer,West,Office Supplies,5.98
895,2022-10,2022-10-01,Andy Gerbode,Corporate,South,Office Supplies,15.552
896,2022-10,2022-10-01,Matthew Grinstein,Home Office,West,Technology,219.168
897,2022-10,2022-10-01,Matthew Grinstein,Home Office,West,Technology,1091.168
898,2022-10,2022-10-01,Andy Gerbode,Corporate,South,Technology,178.384
899,2022-10,2022-10-03,Greg Matthias,Consumer,West,Furniture,12.35
900,2022-10,2022-10-03,Greg Matthias,Consumer,West,Office Supplies,40.97
901,2022-10,2022-10-03,Greg Matthias,Consumer,West,Office Supplies,22.96
902,2022-10,2022-10-03,Ken Lonsdale,Consumer,East,Office Supplies,375.34
903,2022-10,2022-10-04,Ben Wallace,Consumer,West,Furniture,85.44
904,2022-10,2022-10-04,Duane Huffman,Home Office,South,Office Supplies,211.248
905,2022-10,2022-10-04,Duane Huffman,Home Office,South,Office Supplies,47.96
906,2022-10,2022-10-04,Lauren Leatherbury,Consumer,South,Office Supplies,14.04
907,2022-10,2022-10-04,Charles Sheldon,Corporate,East,Office Supplies,196.21
908,2022-10,2022-10-04,Duane Huffman,Home Office,South,Office Supplies,2.952
909,2022-10,2022-10-04,Duane Huffman,Home Office,South,Office Supplies,31.104
910,2022-10,2022-10-04,Duane Huffman,Home Office,South,Office Supplies,5.552
911,2022-10,2022-10-04,Lauren Leatherbury,Consumer,South,Technology,272.61
912,2022-10,2022-10-04,Duane Huffman,Home Office,South,Technology,158.928
913,2022-10,2022-10-04,Ben Wallace,Consumer,West,Technology,806.336
914,2022-10,2022-10-07,Brian Dahlen,Consumer,West,Furniture,195.136
915,2022-10,2022-10-07,Brian Dahlen,Consumer,West,Office Supplies,152.91
916,2022-10,2022-10-07,Christine Sundaresam,Consumer,South,Office Supplies,152.24
917,2022-10,2022-10-07,Christine Sundaresam,Consumer,East,Office Supplies,62.94
918,2022-10,2022-10-07,Brian Dahlen,Consumer,West,Office Supplies,17.856
919,2022-10,2022-10-07,Keith Herrera,Consumer,Central,Office Supplies,30.96
920,2022-10,2022-10-07,Brian Dahlen,Consumer,West,Office Supplies,46.44
921,2022-10,2022-10-07,Brian Dahlen,Consumer,West,Office Supplies,92.94
922,2022-10,2022-10-07,Christine Sundaresam,Consumer,South,Office Supplies,91.36
923,2022-10,2022-10-08,Troy Staebel,Consumer,East,Furniture,853.092
924,2022-10,2022-10-09,Don Jones,Corporate,South,Office Supplies,17.96
925,2022-10,2022-10-09,Don Jones,Corporate,South,Office Supplies,12.67
926,2022-10,2022-10-09,Don Jones,Corporate,South,Office Supplies,114.2
927,2022-10,2022-10-09,Ken Black,Corporate,Central,Office Supplies,15.552
928,2022-10,2022-10-09,Don Jones,Corporate,South,Technology,339.96
929,2022-10,2022-10-11,Lena Hernandez,Consumer,South,Furniture,638.82
930,2022-10,2022-10-11,David Wiener,Corporate,West,Furniture,289.24
931,2022-10,2022-10-11,Jim Karlsson,Consumer,East,Office Supplies,10.72
932,2022-10,2022-10-11,David Wiener,Corporate,West,Office Supplies,69.456
933,2022-10,2022-10-11,Maxwell Schwartz,Consumer,East,Office Supplies,76.776
934,2022-10,2022-10-11,Bill Shonely,Corporate,South,Office Supplies,344.91
935,2022-10,2022-10-11,Maxwell Schwartz,Consumer,East,Office Supplies,9.184
936,2022-10,2022-10-11,Jennifer Braxton,Corporate,East,Office Supplies,19.44
937,2022-10,2022-10-11,Doug O'Connell,Consumer,East,Office Supplies,387.99
938,2022-10,2022-10-12,Nick Crebassa,Corporate,South,Furniture,500.24
939,2022-10,2022-10-12,Craig Reiter,Consumer,Central,Furniture,421.372
940,2022-10,2022-10-12,Nick Crebassa,Corporate,South,Office Supplies,896.99
941,2022-10,2022-10-12,Nick Crebassa,Corporate,South,Office Supplies,20.12
942,2022-10,2022-10-14,Deanra Eno,Home Office,East,Office Supplies,3.912
943,2022-10,2022-10-14,Jennifer Ferguson,Consumer,Central,Office Supplies,11.56
944,2022-10,2022-10-14,Jeremy Pistek,Consumer,South,Office Supplies,7.632
945,2022-10,2022-10-15,Arthur Prichep,Consumer,West,Furniture,4.224
946,2022-10,2022-10-15,Robert Barroso,Corporate,West,Office Supplies,49.568
947,2022-10,2022-10-15,Arthur Prichep,Consumer,West,Office Supplies,31.104
948,2022-10,2022-10-15,Arthur Prichep,Consumer,West,Office Supplies,223.056
949,2022-10,2022-10-15,Arthur Prichep,Consumer,West,Office Supplies,15.552
950,2022-10,2022-10-15,Corey Roper,Home Office,Central,Office Supplies,19.44
951,2022-10,2022-10-15,Rick Hansen,Consumer,East,Office Supplies,25.92
952,2022-10,2022-10-15,Rick Hansen,Consumer,East,Office Supplies,45.92
953,2022-10,2022-10-15,Arthur Prichep,Consumer,West,Office Supplies,6.8
954,2022-10,2022-10-15,Arthur Prichep,Consumer,West,Technology,143.64
955,2022-10,2022-10-16,Jennifer Patt,Corporate,East,Furniture,13.28
956,2022-10,2022-10-16,Jennifer Patt,Corporate,East,Office Supplies,12.672
957,2022-10,2022-10-16,Robert Barroso,Corporate,West,Office Supplies,8.288
958,2022-10,2022-10-16,Dorothy Wardle,Corporate,South,Office Supplies,25.5
959,2022-10,2022-10-17,Janet Molinari,Corporate,West,Furniture,6.28
960,2022-10,2022-10-17,Brendan Sweed,Corporate,East,Office Supplies,6.528
961,2022-10,2022-10-17,Brendan Sweed,Corporate,East,Office Supplies,20.856
962,2022-10,2022-10-17,Joe Elijah,Consumer,Central,Office Supplies,25.68
963,2022-10,2022-10-17,Joe Elijah,Consumer,Central,Office Supplies,12.384
964,2022-10,2022-10-17,Brendan Sweed,Corporate,East,Office Supplies,2.862
965,2022-10,2022-10-17,Ryan Crowe,Consumer,East,Office Supplies,130.464
966,2022-10,2022-10-17,Ryan Crowe,Consumer,East,Office Supplies,4.72
967,2022-10,2022-10-17,Ryan Crowe,Consumer,East,Office Supplies,40.096
968,2022-10,2022-10-17,Ryan Crowe,Consumer,East,Office Supplies,23.976
969,2022-10,2022-10-17,Janet Molinari,Corporate,West,Office Supplies,25.92
970,2022-10,2022-10-17,Janet Molinari,Corporate,West,Office Supplies,48.84
971,2022-10,2022-10-17,Janet Molinari,Corporate,West,Technology,95.1
972,2022-10,2022-10-17,Mitch Webber,Consumer,West,Technology,1007.944
973,2022-10,2022-10-18,Karl Braun,Consumer,East,Furniture,10.68
974,2022-10,2022-10-18,Paul Prost,Home Office,East,Office Supplies,8.64
975,2022-10,2022-10-18,Karl Braun,Consumer,East,Office Supplies,17.34
976,2022-10,2022-10-18,Karl Braun,Consumer,East,Office Supplies,3.38
977,2022-10,2022-10-18,Frank Merwin,Home Office,West,Technology,176.8
978,2022-10,2022-10-18,Paul Prost,Home Office,East,Technology,149.97
979,2022-10,2022-10-19,Corey Catlett,Corporate,South,Furniture,29.12
980,2022-10,2022-10-19,Corey Catlett,Corporate,South,Furniture,1202.94
981,2022-10,2022-10-19,Zuschuss Donatelli,Consumer,West,Office Supplies,8.56
982,2022-10,2022-10-19,Zuschuss Donatelli,Consumer,West,Office Supplies,22.72
983,2022-10,2022-10-19,Michael Moore,Consumer,South,Office Supplies,13.36
984,2022-10,2022-10-19,Corey Catlett,Corporate,South,Technology,579.95
985,2022-10,2022-10-19,Zuschuss Donatelli,Consumer,West,Technology,213.48
986,2022-10,2022-10-21,Ryan Akin,Consumer,South,Furniture,174.0585
987,2022-10,2022-10-21,Ryan Akin,Consumer,South,Office Supplies,505.176
988,2022-10,2022-10-21,Ryan Akin,Consumer,South,Office Supplies,29.808
989,2022-10,2022-10-21,Hilary Holden,Corporate,West,Office Supplies,13.36
990,2022-10,2022-10-21,Hilary Holden,Corporate,West,Office Supplies,109.92
991,2022-10,2022-10-22,Annie Thurman,Consumer,East,Office Supplies,25.3
992,2022-10,2022-10-22,Annie Thurman,Consumer,East,Office Supplies,95.94
993,2022-10,2022-10-23,Shirley Jackson,Consumer,West,Technology,92.52
994,2022-10,2022-10-24,Larry Tron,Consumer,West,Office Supplies,53.94
995,2022-10,2022-10-24,Jack Lebron,Consumer,Central,Office Supplies,3.648
996,2022-10,2022-10-24,Lena Hernandez,Consumer,East,Office Supplies,23.744
997,2022-10,2022-10-24,Jack Lebron,Consumer,Central,Office Supplies,31.104
998,2022-10,2022-10-24,Lena Hernandez,Consumer,East,Technology,357.0
999,2022-10,2022-10-25,Justin MacKendrick,Consumer,East,Furniture,70.71
1000,2022-10,2022-10-25,Justin MacKendrick,Consumer,East,Office Supplies,19.9
1001,2022-10,2022-10-25,Katherine Ducich,Consumer,East,Office Supplies,57.75
1002,2022-10,2022-10-25,Clay Ludtke,Consumer,East,Office Supplies,21.24
1003,2022-10,2022-10-25,Sanjit Chand,Consumer,South,Office Supplies,1793.98
1004,2022-10,2022-10-25,Katherine Ducich,Consumer,East,Office Supplies,14.94
1005,2022-10,2022-10-25,Bryan Mills,Consumer,Central,Technology,475.944
1006,2022-10,2022-10-25,Christina VanderZanden,Consumer,Central,Technology,239.976
1007,2022-10,2022-10-25,Andy Gerbode,Corporate,Central,Technology,559.71
1008,2022-10,2022-10-26,Mathew Reese,Home Office,Central,Office Supplies,7.68
1009,2022-10,2022-10-26,Allen Goldenen,Consumer,East,Office Supplies,14.4
1010,2022-10,2022-10-28,Patrick Ryan,Consumer,South,Furniture,31.984
1011,2022-10,2022-10-28,Nora Preis,Consumer,East,Office Supplies,264.32
1012,2022-10,2022-10-29,Victoria Pisteka,Corporate,West,Furniture,41.88
1013,2022-10,2022-10-29,Victoria Pisteka,Corporate,West,Office Supplies,58.48
1014,2022-10,2022-10-30,Rick Bensley,Home Office,Central,Furniture,161.96
1015,2022-10,2022-10-30,Sean Braxton,Corporate,East,Furniture,42.368
1016,2022-10,2022-10-30,Tom Boeckenhauer,Consumer,Central,Furniture,57.69
1017,2022-10,2022-10-30,Tom Boeckenhauer,Consumer,Central,Furniture,821.88
1018,2022-10,2022-10-30,Rick Bensley,Home Office,Central,Furniture,429.9
1019,2022-10,2022-10-30,Sam Zeldin,Home Office,Central,Furniture,200.795
1020,2022-10,2022-10-30,Sam Zeldin,Home Office,Central,Office Supplies,21.864
1021,2022-10,2022-10-30,Sam Zeldin,Home Office,Central,Office Supplies,2.92
1022,2022-10,2022-10-30,Rick Bensley,Home Office,Central,Office Supplies,32.06
1023,2022-10,2022-10-30,Tom Boeckenhauer,Consumer,Central,Office Supplies,42.81
1024,2022-10,2022-10-30,Shahid Shariari,Consumer,Central,Office Supplies,3.828
1025,2022-10,2022-10-30,Lisa Ryan,Corporate,West,Office Supplies,83.92
1026,2022-10,2022-10-30,Shahid Shariari,Consumer,Central,Office Supplies,304.99
1027,2022-10,2022-10-30,Shahid Shariari,Consumer,Central,Office Supplies,13.16
1028,2022-10,2022-10-30,Lisa Ryan,Corporate,West,Office Supplies,20.56
1029,2022-10,2022-10-30,Tom Boeckenhauer,Consumer,Central,Office Supplies,12.96
1030,2022-10,2022-10-30,Sean Braxton,Corporate,East,Office Supplies,64.784
1031,2022-10,2022-10-30,Rick Bensley,Home Office,Central,Office Supplies,19.86
1032,2022-10,2022-10-30,Lisa Ryan,Corporate,West,Office Supplies,27.36
1033,2022-10,2022-10-30,Sam Zeldin,Home Office,Central,Technology,46.688
1034,2022-10,2022-10-30,Sean Braxton,Corporate,East,Technology,399.54
1035,2022-10,2022-10-30,Tom Boeckenhauer,Consumer,Central,Technology,104.85
1036,2022-10,2022-10-30,Sam Zeldin,Home Office,Central,Technology,196.776
1037,2022-10,2022-10-30,Dennis Kane,Consumer,East,Technology,377.97
1038,2022-10,2022-10-30,Sean Braxton,Corporate,East,Technology,32.382
1039,2022-10,2022-10-31,Marc Crier,Consumer,West,Furniture,975.92
1040,2022-10,2022-10-31,Becky Martin,Consumer,Central,Furniture,1740.06
1041,2022-10,2022-10-31,Kean Takahito,Consumer,Central,Furniture,966.7
1042,2022-10,2022-10-31,Paul Prost,Home Office,East,Furniture,172.764
1043,2022-10,2022-10-31,Stefania Perrino,Corporate,East,Office Supplies,16.78
1044,2022-10,2022-10-31,Becky Martin,Consumer,Central,Office Supplies,177.98
1045,2022-10,2022-10-31,Dennis Pardue,Home Office,West,Office Supplies,56.65
1046,2022-10,2022-10-31,Marc Crier,Consumer,West,Office Supplies,303.84
1047,2022-10,2022-10-31,Becky Martin,Consumer,Central,Office Supplies,32.064
1048,2022-10,2022-10-31,Marc Crier,Consumer,West,Office Supplies,5.88
1049,2022-10,2022-10-31,Paul Prost,Home Office,East,Office Supplies,3.52
1050,2022-10,2022-10-31,Becky Martin,Consumer,Central,Office Supplies,9.936
1051,2022-10,2022-10-31,Toby Swindell,Consumer,West,Office Supplies,8.608
1052,2022-10,2022-10-31,Lisa Hazard,Consumer,Central,Office Supplies,51.184
1053,2022-10,2022-10-31,Ted Trevino,Consumer,South,Office Supplies,45.0
1054,2022-10,2022-10-31,Dennis Pardue,Home Office,West,Office Supplies,4.02
1055,2022-10,2022-10-31,Kean Takahito,Consumer,Central,Office Supplies,182.112
1056,2022-10,2022-10-31,Kean Takahito,Consumer,Central,Office Supplies,17.904
1057,2022-10,2022-10-31,Marc Crier,Consumer,West,Office Supplies,485.88
1058,2022-10,2022-10-31,Becky Martin,Consumer,Central,Office Supplies,275.928
1059,2022-10,2022-10-31,Dennis Pardue,Home Office,West,Office Supplies,14.97
1060,2022-10,2022-10-31,Karen Carlisle,Corporate,South,Technology,83.88
1061,2022-10,2022-10-31,Gary Zandusky,Consumer,West,Technology,49.98
1062,2022-10,2022-10-31,Karen Carlisle,Corporate,South,Technology,32.97
1063,2022-10,2022-10-31,Ted Trevino,Consumer,South,Technology,209.97
1064,2022-10,2022-10-31,Becky Martin,Consumer,Central,Technology,8159.952
1065,2022-10,2022-10-31,Becky Martin,Consumer,Central,Technology,143.976
1066,2022-11,2022-11-01,Rick Reed,Corporate,East,Furniture,785.88
1067,2022-11,2022-11-01,Logan Currie,Consumer,East,Furniture,17.472
1068,2022-11,2022-11-01,Nicole Fjeld,Home Office,East,Furniture,60.672
1069,2022-11,2022-11-01,Nicole Fjeld,Home Office,East,Office Supplies,30.816
1070,2022-11,2022-11-01,Maribeth Schnelling,Consumer,Central,Office Supplies,103.6
1071,2022-11,2022-11-01,Logan Currie,Consumer,East,Office Supplies,15.552
1072,2022-11,2022-11-01,Rick Reed,Corporate,East,Office Supplies,166.44
1073,2022-11,2022-11-01,Chris Cortes,Consumer,Central,Office Supplies,10.896
1074,2022-11,2022-11-01,Rick Reed,Corporate,East,Office Supplies,26.2
1075,2022-11,2022-11-01,Rick Reed,Corporate,East,Office Supplies,1325.85
1076,2022-11,2022-11-01,Logan Currie,Consumer,East,Technology,64.704
1077,2022-11,2022-11-01,Daniel Lacy,Consumer,South,Technology,1299.99
1078,2022-11,2022-11-01,Logan Currie,Consumer,East,Technology,135.516
1079,2022-11,2022-11-02,Clay Ludtke,Consumer,West,Furniture,1487.04
1080,2022-11,2022-11-02,Sandra Flanagan,Consumer,East,Furniture,254.9
1081,2022-11,2022-11-02,Sandra Flanagan,Consumer,East,Office Supplies,81.92
1082,2022-11,2022-11-02,Dianna Arnett,Home Office,South,Office Supplies,9.64
1083,2022-11,2022-11-02,Clay Ludtke,Consumer,West,Office Supplies,21.728
1084,2022-11,2022-11-02,Alex Russell,Corporate,East,Office Supplies,14.88
1085,2022-11,2022-11-03,Liz Willingham,Consumer,West,Furniture,127.95
1086,2022-11,2022-11-04,Luke Weiss,Consumer,East,Furniture,3785.292
1087,2022-11,2022-11-04,Tom Ashbrook,Home Office,Central,Furniture,40.56
1088,2022-11,2022-11-04,Brad Norvell,Corporate,South,Office Supplies,166.84
1089,2022-11,2022-11-04,Art Foster,Consumer,East,Office Supplies,63.924
1090,2022-11,2022-11-04,Pete Takahito,Consumer,Central,Office Supplies,5.18
1091,2022-11,2022-11-04,Tom Ashbrook,Home Office,Central,Office Supplies,331.96
1092,2022-11,2022-11-04,Brad Norvell,Corporate,South,Office Supplies,10.368
1093,2022-11,2022-11-04,Tom Ashbrook,Home Office,Central,Office Supplies,357.93
1094,2022-11,2022-11-04,Tom Ashbrook,Home Office,Central,Technology,57.4
1095,2022-11,2022-11-04,Brad Norvell,Corporate,South,Technology,15.216
1096,2022-11,2022-11-04,Shirley Daniels,Home Office,East,Technology,69.99
1097,2022-11,2022-11-05,Becky Castell,Home Office,Central,Furniture,340.116
1098,2022-11,2022-11-05,Resi Pölking,Consumer,West,Furniture,14.19
1099,2022-11,2022-11-05,Resi Pölking,Consumer,West,Office Supplies,22.66
1100,2022-11,2022-11-05,Dan Campbell,Consumer,East,Office Supplies,5.46
1101,2022-11,2022-11-05,Erin Ashbrook,Corporate,South,Office Supplies,18.648
1102,2022-11,2022-11-05,Lena Hernandez,Consumer,East,Office Supplies,2.502
1103,2022-11,2022-11-05,Resi Pölking,Consumer,West,Office Supplies,5.7
1104,2022-11,2022-11-05,Resi Pölking,Consumer,West,Office Supplies,48.94
1105,2022-11,2022-11-05,Jessica Myrick,Consumer,East,Office Supplies,15.552
1106,2022-11,2022-11-05,Odella Nelson,Corporate,West,Office Supplies,79.4
1107,2022-11,2022-11-05,Resi Pölking,Consumer,West,Office Supplies,7.3
1108,2022-11,2022-11-05,Resi Pölking,Consumer,West,Technology,118.0
1109,2022-11,2022-11-05,Resi Pölking,Consumer,West,Technology,199.98
1110,2022-11,2022-11-05,Resi Pölking,Consumer,West,Technology,144.96
1111,2022-11,2022-11-05,Jessica Myrick,Consumer,East,Technology,252.0
1112,2022-11,2022-11-06,Scott Cohen,Corporate,Central,Furniture,9.96
1113,2022-11,2022-11-06,John Castell,Consumer,South,Furniture,142.4
1114,2022-11,2022-11-06,Cynthia Arntzen,Consumer,South,Furniture,13.128
1115,2022-11,2022-11-06,Darrin Martin,Consumer,East,Furniture,464.292
1116,2022-11,2022-11-06,Jennifer Braxton,Corporate,Central,Office Supplies,52.448
1117,2022-11,2022-11-06,Darrin Martin,Consumer,East,Office Supplies,601.3
1118,2022-11,2022-11-06,Cynthia Arntzen,Consumer,South,Office Supplies,13.0
1119,2022-11,2022-11-06,Scott Cohen,Corporate,Central,Office Supplies,8.552
1120,2022-11,2022-11-06,John Castell,Consumer,South,Office Supplies,7.16
1121,2022-11,2022-11-06,Darrin Martin,Consumer,East,Office Supplies,68.46
1122,2022-11,2022-11-06,Astrea Jones,Consumer,East,Office Supplies,11.07
1123,2022-11,2022-11-06,Scott Cohen,Corporate,Central,Office Supplies,6.048
1124,2022-11,2022-11-06,Jennifer Braxton,Corporate,Central,Office Supplies,20.16
1125,2022-11,2022-11-06,Darrin Martin,Consumer,East,Office Supplies,44.82
1126,2022-11,2022-11-06,Scott Cohen,Corporate,Central,Office Supplies,6.848
1127,2022-11,2022-11-06,Astrea Jones,Consumer,East,Office Supplies,449.15
1128,2022-11,2022-11-06,Darrin Martin,Consumer,East,Technology,2799.96
1129,2022-11,2022-11-06,Darrin Martin,Consumer,East,Technology,287.97
1130,2022-11,2022-11-06,Darrin Martin,Consumer,East,Technology,16.99
1131,2022-11,2022-11-07,Monica Federle,Corporate,East,Furniture,103.936
1132,2022-11,2022-11-07,Alex Avila,Consumer,East,Furniture,14.56
1133,2022-11,2022-11-07,Alex Avila,Consumer,East,Office Supplies,14.94
1134,2022-11,2022-11-08,Randy Ferguson,Corporate,East,Office Supplies,33.552
1135,2022-11,2022-11-09,Bradley Nguyen,Consumer,West,Furniture,35.34
1136,2022-11,2022-11-09,Joseph Airdo,Consumer,West,Office Supplies,38.256
1137,2022-11,2022-11-09,Joseph Airdo,Consumer,West,Office Supplies,5.248
1138,2022-11,2022-11-09,Bradley Nguyen,Consumer,West,Office Supplies,137.24
1139,2022-11,2022-11-09,Anthony Garverick,Home Office,East,Office Supplies,5.892
1140,2022-11,2022-11-09,Nick Radford,Consumer,West,Office Supplies,182.94
1141,2022-11,2022-11-09,Joseph Airdo,Consumer,West,Office Supplies,40.24
1142,2022-11,2022-11-09,Kean Takahito,Consumer,South,Office Supplies,4.624
1143,2022-11,2022-11-09,Joseph Airdo,Consumer,West,Office Supplies,148.704
1144,2022-11,2022-11-09,Bradley Nguyen,Consumer,West,Office Supplies,57.93
1145,2022-11,2022-11-09,Bradley Nguyen,Consumer,West,Office Supplies,30.28
1146,2022-11,2022-11-09,Kean Takahito,Consumer,South,Technology,47.984
1147,2022-11,2022-11-09,Joseph Airdo,Consumer,West,Technology,55.92
1148,2022-11,2022-11-09,Joseph Airdo,Consumer,West,Technology,29.925
1149,2022-11,2022-11-11,Bill Shonely,Corporate,East,Furniture,887.103
1150,2022-11,2022-11-11,Neil Ducich,Corporate,West,Furniture,73.915
1151,2022-11,2022-11-11,Jim Kriz,Home Office,West,Office Supplies,5.67
1152,2022-11,2022-11-11,Frank Atkinson,Corporate,West,Office Supplies,7.16
1153,2022-11,2022-11-11,Mike Caudle,Corporate,West,Office Supplies,92.52
1154,2022-11,2022-11-11,John Lee,Consumer,South,Office Supplies,67.344
1155,2022-11,2022-11-11,Sean Braxton,Corporate,Central,Technology,3059.982
1156,2022-11,2022-11-11,John Lee,Consumer,South,Technology,2624.985
1157,2022-11,2022-11-11,Sean Braxton,Corporate,Central,Technology,2519.958
1158,2022-11,2022-11-12,Duane Noonan,Consumer,East,Furniture,362.94
1159,2022-11,2022-11-12,Mitch Webber,Consumer,East,Furniture,801.568
1160,2022-11,2022-11-12,Sarah Brown,Consumer,Central,Furniture,493.43
1161,2022-11,2022-11-12,Mitch Webber,Consumer,East,Furniture,631.782
1162,2022-11,2022-11-12,Duane Noonan,Consumer,East,Furniture,164.22
1163,2022-11,2022-11-12,Philip Fox,Consumer,Central,Furniture,617.7
1164,2022-11,2022-11-12,Michelle Arnett,Home Office,West,Office Supplies,43.92
1165,2022-11,2022-11-12,Mitch Webber,Consumer,East,Office Supplies,30.98
1166,2022-11,2022-11-12,Dorothy Badders,Corporate,South,Office Supplies,2.816
1167,2022-11,2022-11-12,Michelle Arnett,Home Office,West,Office Supplies,20.232
1168,2022-11,2022-11-12,Erica Smith,Consumer,West,Office Supplies,9.96
1169,2022-11,2022-11-12,Mitch Webber,Consumer,East,Office Supplies,75.18
1170,2022-11,2022-11-12,Erica Smith,Consumer,West,Office Supplies,21.72
1171,2022-11,2022-11-12,Henry Goldwyn,Corporate,West,Office Supplies,8.56
1172,2022-11,2022-11-12,Duane Noonan,Consumer,East,Technology,59.98
1173,2022-11,2022-11-12,Sarah Brown,Consumer,Central,Technology,11.12
1174,2022-11,2022-11-12,Mitch Webber,Consumer,East,Technology,1349.91
1175,2022-11,2022-11-12,Mitch Webber,Consumer,East,Technology,629.95
1176,2022-11,2022-11-12,Alejandro Grove,Consumer,East,Office Supplies,37.68
1177,2022-11,2022-11-13,Joni Sundaresam,Home Office,Central,Furniture,8.544
1178,2022-11,2022-11-13,Brian Moss,Corporate,Central,Office Supplies,25.96
1179,2022-11,2022-11-13,Brian Moss,Corporate,Central,Office Supplies,36.27
1180,2022-11,2022-11-13,Herbert Flentye,Consumer,West,Office Supplies,59.52
1181,2022-11,2022-11-13,Sara Luxemburg,Home Office,East,Office Supplies,66.03
1182,2022-11,2022-11-13,Larry Hughes,Consumer,East,Office Supplies,6.57
1183,2022-11,2022-11-13,Herbert Flentye,Consumer,West,Office Supplies,15.56
1184,2022-11,2022-11-13,Herbert Flentye,Consumer,West,Office Supplies,78.35
1185,2022-11,2022-11-13,Matt Abelman,Home Office,East,Office Supplies,20.808
1186,2022-11,2022-11-13,Brian Moss,Corporate,Central,Office Supplies,6.48
1187,2022-11,2022-11-13,Herbert Flentye,Consumer,West,Office Supplies,38.52
1188,2022-11,2022-11-13,Herbert Flentye,Consumer,West,Office Supplies,19.35
1189,2022-11,2022-11-13,Matt Abelman,Home Office,East,Office Supplies,11.352
1190,2022-11,2022-11-13,Jack Garza,Consumer,West,Technology,1799.97
1191,2022-11,2022-11-13,Herbert Flentye,Consumer,West,Technology,239.984
1192,2022-11,2022-11-13,Jack Garza,Consumer,West,Technology,246.384
1193,2022-11,2022-11-14,Adam Shillingsburg,Consumer,East,Furniture,579.528
1194,2022-11,2022-11-14,Adam Shillingsburg,Consumer,East,Furniture,97.44
1195,2022-11,2022-11-14,Adam Shillingsburg,Consumer,East,Office Supplies,13.04
1196,2022-11,2022-11-14,Adam Shillingsburg,Consumer,East,Office Supplies,3.984
1197,2022-11,2022-11-14,Maribeth Schnelling,Consumer,South,Office Supplies,4.608
1198,2022-11,2022-11-14,Sanjit Engle,Consumer,West,Office Supplies,169.45
1199,2022-11,2022-11-14,Sanjit Engle,Consumer,West,Office Supplies,40.68
1200,2022-11,2022-11-14,Vivek Grady,Corporate,Central,Office Supplies,331.536
1201,2022-11,2022-11-15,Brian Moss,Corporate,West,Furniture,435.999
1202,2022-11,2022-11-15,Thomas Thornton,Consumer,East,Office Supplies,9.84
1203,2022-11,2022-11-15,Sanjit Chand,Consumer,Central,Office Supplies,12.94
1204,2022-11,2022-11-15,Sanjit Chand,Consumer,Central,Office Supplies,9449.95
1205,2022-11,2022-11-15,Shui Tom,Consumer,East,Office Supplies,139.44
1206,2022-11,2022-11-15,Julie Prescott,Home Office,East,Office Supplies,18.464
1207,2022-11,2022-11-15,Thea Hudgings,Corporate,East,Office Supplies,11.12
1208,2022-11,2022-11-15,Thomas Thornton,Consumer,East,Office Supplies,34.5
1209,2022-11,2022-11-15,Jim Kriz,Home Office,East,Office Supplies,28.8
1210,2022-11,2022-11-15,Sanjit Chand,Consumer,Central,Office Supplies,32.4
1211,2022-11,2022-11-15,Sanjit Chand,Consumer,Central,Office Supplies,404.9
1212,2022-11,2022-11-15,Brian Moss,Corporate,West,Technology,83.984
1213,2022-11,2022-11-16,Julia Dunbar,Consumer,West,Office Supplies,211.96
1214,2022-11,2022-11-16,Bart Pistole,Corporate,East,Technology,391.98
1215,2022-11,2022-11-16,Bart Pistole,Corporate,East,Technology,437.85
1216,2022-11,2022-11-17,Michelle Tran,Home Office,Central,Furniture,300.5328
1217,2022-11,2022-11-17,Barry Franz,Home Office,West,Office Supplies,14.576
1218,2022-11,2022-11-17,Michelle Tran,Home Office,Central,Office Supplies,2.724
1219,2022-11,2022-11-17,Michelle Tran,Home Office,Central,Office Supplies,3.264
1220,2022-11,2022-11-17,Michelle Tran,Home Office,Central,Office Supplies,33.792
1221,2022-11,2022-11-18,Karen Ferguson,Home Office,West,Furniture,585.552
1222,2022-11,2022-11-18,Kean Takahito,Consumer,West,Furniture,145.568
1223,2022-11,2022-11-18,Craig Molinari,Corporate,East,Furniture,21.184
1224,2022-11,2022-11-18,Craig Molinari,Corporate,East,Office Supplies,41.376
1225,2022-11,2022-11-18,Dianna Arnett,Home Office,East,Office Supplies,16.704
1226,2022-11,2022-11-18,Nicole Brennan,Corporate,East,Office Supplies,143.952
1227,2022-11,2022-11-18,Craig Molinari,Corporate,East,Office Supplies,5.97
1228,2022-11,2022-11-18,Henry Goldwyn,Corporate,Central,Office Supplies,0.876
1229,2022-11,2022-11-18,Dianna Arnett,Home Office,East,Office Supplies,32.896
1230,2022-11,2022-11-18,Karen Ferguson,Home Office,West,Office Supplies,19.44
1231,2022-11,2022-11-18,Christopher Schild,Home Office,West,Office Supplies,310.12
1232,2022-11,2022-11-18,Dianna Arnett,Home Office,East,Technology,3.152
1233,2022-11,2022-11-18,Michael Moore,Consumer,Central,Technology,153.824
1234,2022-11,2022-11-19,Thea Hendricks,Consumer,West,Furniture,603.92
1235,2022-11,2022-11-19,Thomas Seio,Corporate,East,Furniture,87.54
1236,2022-11,2022-11-19,Thea Hendricks,Consumer,West,Office Supplies,81.98
1237,2022-11,2022-11-20,Xylona Preis,Consumer,South,Furniture,337.088
1238,2022-11,2022-11-20,Keith Dawkins,Corporate,South,Office Supplies,96.256
1239,2022-11,2022-11-20,Keith Dawkins,Corporate,South,Office Supplies,10.688
1240,2022-11,2022-11-20,George Zrebassa,Corporate,East,Office Supplies,46.26
1241,2022-11,2022-11-20,George Zrebassa,Corporate,East,Office Supplies,10.688
1242,2022-11,2022-11-21,Lisa DeCherney,Consumer,East,Furniture,117.36
1243,2022-11,2022-11-21,Paul Prost,Home Office,West,Furniture,6.16
1244,2022-11,2022-11-21,Arthur Prichep,Consumer,West,Furniture,204.6
1245,2022-11,2022-11-21,Paul Prost,Home Office,West,Furniture,2348.82
1246,2022-11,2022-11-21,Suzanne McNair,Corporate,East,Furniture,67.176
1247,2022-11,2022-11-21,Suzanne McNair,Corporate,East,Furniture,409.272
1248,2022-11,2022-11-21,Suzanne McNair,Corporate,East,Office Supplies,4.224
1249,2022-11,2022-11-21,Evan Bailliet,Consumer,West,Office Supplies,10.048
1250,2022-11,2022-11-21,Arthur Prichep,Consumer,West,Office Supplies,8.72
1251,2022-11,2022-11-21,Lisa DeCherney,Consumer,East,Office Supplies,18.9
1252,2022-11,2022-11-21,Suzanne McNair,Corporate,East,Office Supplies,55.44
1253,2022-11,2022-11-21,Suzanne McNair,Corporate,East,Office Supplies,20.928
1254,2022-11,2022-11-21,Lisa DeCherney,Consumer,East,Office Supplies,77.52
1255,2022-11,2022-11-21,Arthur Prichep,Consumer,West,Office Supplies,6.48
1256,2022-11,2022-11-21,Evan Bailliet,Consumer,West,Office Supplies,807.75
1257,2022-11,2022-11-21,Lisa DeCherney,Consumer,East,Office Supplies,1395.54
1258,2022-11,2022-11-21,Arthur Prichep,Consumer,West,Office Supplies,62.18
1259,2022-11,2022-11-21,Suzanne McNair,Corporate,East,Office Supplies,1801.632
1260,2022-11,2022-11-21,Arthur Prichep,Consumer,West,Technology,686.32
1261,2022-11,2022-11-22,Maya Herman,Corporate,East,Furniture,15.24
1262,2022-11,2022-11-22,Kelly Williams,Consumer,South,Office Supplies,69.216
1263,2022-11,2022-11-22,Dario Medina,Corporate,East,Office Supplies,795.408
1264,2022-11,2022-11-22,Doug Bickford,Consumer,West,Office Supplies,43.176
1265,2022-11,2022-11-22,Russell Applegate,Consumer,East,Office Supplies,48.94
1266,2022-11,2022-11-22,Ben Wallace,Consumer,South,Office Supplies,15.552
1267,2022-11,2022-11-23,Neil Französisch,Home Office,West,Office Supplies,4.71
1268,2022-11,2022-11-24,Erin Smith,Corporate,West,Office Supplies,12.768
1269,2022-11,2022-11-24,Erin Smith,Corporate,West,Office Supplies,4.672
1270,2022-11,2022-11-24,Erin Smith,Corporate,West,Office Supplies,9.408
1271,2022-11,2022-11-24,Erin Smith,Corporate,West,Office Supplies,15.36
1272,2022-11,2022-11-24,Erin Smith,Corporate,West,Technology,7.16
1273,2022-11,2022-11-24,Erin Smith,Corporate,West,Technology,230.376
1274,2022-11,2022-11-24,Erin Smith,Corporate,West,Technology,318.4
1275,2022-11,2022-11-25,Allen Rosenblatt,Corporate,West,Furniture,122.352
1276,2022-11,2022-11-25,Beth Paige,Consumer,Central,Furniture,258.279
1277,2022-11,2022-11-25,Russell D'Ascenzo,Consumer,Central,Furniture,31.776
1278,2022-11,2022-11-25,Allen Rosenblatt,Corporate,West,Furniture,143.432
1279,2022-11,2022-11-25,Sara Luxemburg,Home Office,South,Office Supplies,6.192
1280,2022-11,2022-11-25,Denny Ordway,Consumer,East,Office Supplies,55.984
1281,2022-11,2022-11-25,Russell D'Ascenzo,Consumer,Central,Office Supplies,1.788
1282,2022-11,2022-11-25,Denny Ordway,Consumer,East,Office Supplies,14.48
1283,2022-11,2022-11-25,Russell D'Ascenzo,Consumer,Central,Office Supplies,15.072
1284,2022-11,2022-11-25,Russell D'Ascenzo,Consumer,Central,Office Supplies,4.344
1285,2022-11,2022-11-25,Russell D'Ascenzo,Consumer,Central,Office Supplies,4.928
1286,2022-11,2022-11-25,Sara Luxemburg,Home Office,South,Office Supplies,61.568
1287,2022-11,2022-11-25,Denny Ordway,Consumer,East,Technology,142.488
1288,2022-11,2022-11-26,Chris Cortes,Consumer,East,Furniture,589.41
1289,2022-11,2022-11-26,David Flashing,Consumer,West,Office Supplies,95.648
1290,2022-11,2022-11-26,Joy Daniels,Consumer,West,Office Supplies,29.24
1291,2022-11,2022-11-26,David Flashing,Consumer,West,Office Supplies,14.45
1292,2022-11,2022-11-27,Brian Derr,Consumer,East,Office Supplies,91.92
1293,2022-11,2022-11-27,Keith Herrera,Consumer,West,Technology,99.98
1294,2022-11,2022-11-27,Greg Guthrie,Corporate,West,Furniture,435.17
1295,2022-11,2022-11-27,Greg Guthrie,Corporate,West,Furniture,72.9
1296,2022-11,2022-11-27,Greg Guthrie,Corporate,West,Furniture,206.35
1297,2022-11,2022-11-27,Greg Guthrie,Corporate,West,Office Supplies,15.8
1298,2022-11,2022-11-27,Greg Guthrie,Corporate,West,Office Supplies,14.9
1299,2022-11,2022-11-27,Greg Guthrie,Corporate,West,Technology,7.99
1300,2022-11,2022-11-28,Alice McCarthy,Corporate,Central,Office Supplies,15.36
1301,2022-11,2022-11-28,Joy Daniels,Consumer,East,Office Supplies,83.92
1302,2022-11,2022-11-28,Victoria Pisteka,Corporate,Central,Office Supplies,386.34
1303,2022-11,2022-11-28,Xylona Preis,Consumer,West,Technology,9.09
1304,2022-11,2022-11-29,Mathew Reese,Home Office,East,Furniture,129.92
1305,2022-11,2022-11-29,John Grady,Corporate,Central,Office Supplies,107.44
1306,2022-11,2022-11-30,Duane Noonan,Consumer,East,Office Supplies,123.92
1307,2022-11,2022-11-30,Jack Garza,Consumer,South,Technology,23.472
1308,2022-12,2022-12-01,Shirley Jackson,Consumer,West,Office Supplies,144.6
1309,2022-12,2022-12-01,Bart Pistole,Corporate,South,Office Supplies,88.768
1310,2022-12,2022-12-01,Shirley Jackson,Consumer,West,Technology,15.992
1311,2022-12,2022-12-02,Tanja Norvell,Home Office,West,Furniture,122.352
1312,2022-12,2022-12-02,Shirley Daniels,Home Office,West,Furniture,46.872
1313,2022-12,2022-12-02,Fred Chung,Corporate,West,Office Supplies,255.85
1314,2022-12,2022-12-02,Richard Bierner,Consumer,East,Office Supplies,18.264
1315,2022-12,2022-12-02,Craig Molinari,Corporate,Central,Office Supplies,0.898
1316,2022-12,2022-12-02,Craig Molinari,Corporate,Central,Office Supplies,11.98
1317,2022-12,2022-12-02,Tanja Norvell,Home Office,West,Office Supplies,15.28
1318,2022-12,2022-12-02,Richard Bierner,Consumer,East,Technology,101.994
1319,2022-12,2022-12-02,Craig Molinari,Corporate,Central,Technology,719.952
1320,2022-12,2022-12-02,Craig Molinari,Corporate,Central,Technology,755.944
1321,2022-12,2022-12-03,Helen Andreada,Consumer,West,Furniture,433.568
1322,2022-12,2022-12-03,Dean percer,Home Office,West,Furniture,63.47
1323,2022-12,2022-12-03,Dorothy Badders,Corporate,South,Furniture,8.92
1324,2022-12,2022-12-03,Alan Shonely,Consumer,West,Office Supplies,7.64
1325,2022-12,2022-12-03,Jill Fjeld,Consumer,East,Office Supplies,201.432
1326,2022-12,2022-12-03,Dorothy Badders,Corporate,South,Office Supplies,7.31
1327,2022-12,2022-12-03,Helen Andreada,Consumer,West,Office Supplies,31.92
1328,2022-12,2022-12-03,Jill Fjeld,Consumer,East,Office Supplies,281.904
1329,2022-12,2022-12-03,Dean percer,Home Office,West,Technology,345.0
1330,2022-12,2022-12-04,Duane Noonan,Consumer,West,Office Supplies,14.9
1331,2022-12,2022-12-04,Duane Noonan,Consumer,West,Office Supplies,21.39
1332,2022-12,2022-12-04,Barry Pond,Corporate,Central,Office Supplies,22.24
1333,2022-12,2022-12-05,Marina Lichtenstein,Corporate,East,Furniture,245.98
1334,2022-12,2022-12-05,Zuschuss Carroll,Consumer,West,Furniture,1298.55
1335,2022-12,2022-12-05,Zuschuss Carroll,Consumer,West,Office Supplies,213.92
1336,2022-12,2022-12-05,Zuschuss Carroll,Consumer,West,Office Supplies,11.52
1337,2022-12,2022-12-05,Michelle Arnett,Home Office,South,Office Supplies,15.18
1338,2022-12,2022-12-05,Sibella Parks,Corporate,East,Office Supplies,7.752
1339,2022-12,2022-12-05,Marina Lichtenstein,Corporate,East,Office Supplies,18.94
1340,2022-12,2022-12-05,Michelle Arnett,Home Office,South,Office Supplies,36.4
1341,2022-12,2022-12-05,Michelle Arnett,Home Office,South,Office Supplies,315.2
1342,2022-12,2022-12-05,Zuschuss Carroll,Consumer,West,Technology,25.78
1343,2022-12,2022-12-05,Michelle Arnett,Home Office,South,Technology,22.96
1344,2022-12,2022-12-06,Toby Carlisle,Consumer,East,Furniture,1628.82
1345,2022-12,2022-12-06,Hunter Glantz,Consumer,Central,Office Supplies,3.16
1346,2022-12,2022-12-06,Bradley Drucker,Consumer,Central,Office Supplies,2.946
1347,2022-12,2022-12-06,Jim Epp,Corporate,East,Office Supplies,22.92
1348,2022-12,2022-12-06,Bradley Drucker,Consumer,Central,Office Supplies,19.136
1349,2022-12,2022-12-06,Bradley Drucker,Consumer,Central,Office Supplies,322.192
1350,2022-12,2022-12-06,Toby Carlisle,Consumer,East,Office Supplies,79.45
1351,2022-12,2022-12-06,Jim Epp,Corporate,East,Office Supplies,269.9
1352,2022-12,2022-12-06,Toby Carlisle,Consumer,East,Technology,177.0
1353,2022-12,2022-12-06,Hunter Glantz,Consumer,Central,Technology,1999.96
1354,2022-12,2022-12-07,Anna Chung,Consumer,East,Furniture,183.372
1355,2022-12,2022-12-07,Dan Lawera,Consumer,South,Furniture,15.384
1356,2022-12,2022-12-07,Anna Chung,Consumer,East,Office Supplies,7.968
1357,2022-12,2022-12-08,Lynn Smith,Consumer,West,Office Supplies,14.352
1358,2022-12,2022-12-08,Lynn Smith,Consumer,West,Technology,179.97
1359,2022-12,2022-12-09,Evan Bailliet,Consumer,Central,Furniture,5.312
1360,2022-12,2022-12-09,Tracy Blumstein,Consumer,Central,Office Supplies,10.78
1361,2022-12,2022-12-09,Tracy Blumstein,Consumer,Central,Technology,119.976
1362,2022-12,2022-12-10,Alan Schoenberger,Corporate,South,Furniture,545.88
1363,2022-12,2022-12-10,Luke Schmidt,Corporate,South,Furniture,605.34
1364,2022-12,2022-12-10,Ivan Gibson,Consumer,West,Office Supplies,1.344
1365,2022-12,2022-12-10,Edward Hooks,Corporate,East,Office Supplies,52.512
1366,2022-12,2022-12-10,Ivan Gibson,Consumer,West,Office Supplies,61.96
1367,2022-12,2022-12-10,Edward Hooks,Corporate,East,Office Supplies,10.048
1368,2022-12,2022-12-10,Alan Schoenberger,Corporate,South,Office Supplies,275.97
1369,2022-12,2022-12-10,Edward Hooks,Corporate,East,Office Supplies,186.912
1370,2022-12,2022-12-10,Alan Schoenberger,Corporate,South,Technology,1394.95
1371,2022-12,2022-12-11,Rachel Payne,Corporate,West,Office Supplies,2.992
1372,2022-12,2022-12-11,Rachel Payne,Corporate,West,Office Supplies,20.064
1373,2022-12,2022-12-11,Rachel Payne,Corporate,West,Office Supplies,18.75
1374,2022-12,2022-12-11,Rachel Payne,Corporate,West,Office Supplies,146.73
1375,2022-12,2022-12-11,Jeremy Farry,Consumer,West,Office Supplies,13.44
1376,2022-12,2022-12-11,Rachel Payne,Corporate,West,Technology,117.576
1377,2022-12,2022-12-11,Eugene Hildebrand,Home Office,West,Technology,321.552
1378,2022-12,2022-12-11,Michael Paige,Corporate,East,Furniture,117.576
1379,2022-12,2022-12-11,Michael Paige,Corporate,East,Office Supplies,56.56
1380,2022-12,2022-12-11,Eugene Hildebrand,Home Office,West,Technology,32.7
1381,2022-12,2022-12-12,Fred Hopkins,Corporate,South,Furniture,328.59
1382,2022-12,2022-12-12,Lindsay Shagiari,Home Office,Central,Office Supplies,8.682
1383,2022-12,2022-12-12,Lindsay Shagiari,Home Office,Central,Office Supplies,24.424
1384,2022-12,2022-12-12,Lindsay Shagiari,Home Office,Central,Office Supplies,3.808
1385,2022-12,2022-12-12,Fred Hopkins,Corporate,South,Office Supplies,98.352
1386,2022-12,2022-12-12,Patrick O'Donnell,Consumer,Central,Office Supplies,211.96
1387,2022-12,2022-12-12,Lindsay Shagiari,Home Office,Central,Office Supplies,505.32
1388,2022-12,2022-12-12,Lindsay Shagiari,Home Office,Central,Technology,319.968
1389,2022-12,2022-12-13,Tracy Blumstein,Consumer,East,Furniture,409.59
1390,2022-12,2022-12-13,Frank Hawley,Corporate,South,Furniture,591.32
1391,2022-12,2022-12-13,Tracy Blumstein,Consumer,East,Office Supplies,121.792
1392,2022-12,2022-12-13,Frank Hawley,Corporate,South,Office Supplies,2.84
1393,2022-12,2022-12-13,Sylvia Foulston,Corporate,West,Office Supplies,36.36
1394,2022-12,2022-12-13,Frank Hawley,Corporate,South,Office Supplies,194.7
1395,2022-12,2022-12-14,Nicole Brennan,Corporate,South,Furniture,129.92
1396,2022-12,2022-12-14,Maureen Gastineau,Home Office,East,Furniture,93.888
1397,2022-12,2022-12-16,Allen Armold,Consumer,West,Office Supplies,34.272
1398,2022-12,2022-12-16,Arthur Prichep,Consumer,South,Office Supplies,11.85
1399,2022-12,2022-12-16,Daniel Byrd,Home Office,South,Office Supplies,10.368
1400,2022-12,2022-12-17,Evan Henry,Consumer,East,Office Supplies,13.698
1401,2022-12,2022-12-17,Aaron Hawkins,Corporate,West,Office Supplies,49.408
1402,2022-12,2022-12-17,Evan Henry,Consumer,East,Technology,40.776
1403,2022-12,2022-12-18,Angele Hood,Consumer,West,Furniture,63.92
1404,2022-12,2022-12-18,Angele Hood,Consumer,West,Technology,383.96
1405,2022-12,2022-12-19,Ross DeVincentis,Home Office,South,Office Supplies,11.952
1406,2022-12,2022-12-19,Ross DeVincentis,Home Office,South,Office Supplies,10.368
1407,2022-12,2022-12-20,Todd Sumrall,Corporate,West,Furniture,616.998
1408,2022-12,2022-12-20,Todd Sumrall,Corporate,West,Office Supplies,7.184
1409,2022-12,2022-12-20,Todd Sumrall,Corporate,West,Office Supplies,141.4
1410,2022-12,2022-12-20,Todd Sumrall,Corporate,West,Office Supplies,480.74
1411,2022-12,2022-12-20,Todd Sumrall,Corporate,West,Office Supplies,6.28
1412,2022-12,2022-12-20,Bill Tyler,Corporate,Central,Technology,257.98
1413,2022-12,2022-12-21,Noah Childs,Corporate,Central,Office Supplies,75.88
1414,2022-12,2022-12-21,Noah Childs,Corporate,Central,Technology,1.98
1415,2022-12,2022-12-21,Sue Ann Reed,Consumer,Central,Technology,2735.952
1416,2022-12,2022-12-23,Anne McFarland,Consumer,East,Furniture,1604.9
1417,2022-12,2022-12-23,Greg Guthrie,Corporate,West,Furniture,146.352
1418,2022-12,2022-12-23,Anne McFarland,Consumer,East,Furniture,17.67
1419,2022-12,2022-12-23,Anne McFarland,Consumer,East,Furniture,14.76
1420,2022-12,2022-12-23,Anne McFarland,Consumer,East,Furniture,385.686
1421,2022-12,2022-12-23,Anthony Jacobs,Corporate,East,Furniture,1421.664
1422,2022-12,2022-12-23,Greg Guthrie,Corporate,West,Office Supplies,12.39
1423,2022-12,2022-12-23,Anne McFarland,Consumer,East,Office Supplies,49.25
1424,2022-12,2022-12-23,Greg Guthrie,Corporate,West,Office Supplies,15.968
1425,2022-12,2022-12-23,Anne McFarland,Consumer,East,Office Supplies,34.08
1426,2022-12,2022-12-23,Greg Guthrie,Corporate,West,Office Supplies,19.296
1427,2022-12,2022-12-23,Greg Guthrie,Corporate,West,Office Supplies,11.34
1428,2022-12,2022-12-23,Greg Guthrie,Corporate,West,Office Supplies,64.74
1429,2022-12,2022-12-23,Anne McFarland,Consumer,East,Office Supplies,10.16
1430,2022-12,2022-12-23,Greg Guthrie,Corporate,West,Office Supplies,405.64
1431,2022-12,2022-12-23,Greg Guthrie,Corporate,West,Office Supplies,80.3
1432,2022-12,2022-12-23,Greg Guthrie,Corporate,West,Technology,251.91
1433,2022-12,2022-12-23,Amy Cox,Consumer,West,Technology,742.336
1434,2022-12,2022-12-23,Nancy Lomonaco,Home Office,West,Technology,73.584
1435,2022-12,2022-12-24,Erin Ashbrook,Corporate,East,Furniture,68.704
1436,2022-12,2022-12-24,Daniel Lacy,Consumer,East,Furniture,31.68
1437,2022-12,2022-12-24,Daniel Lacy,Consumer,East,Office Supplies,533.94
1438,2022-12,2022-12-24,Deirdre Greer,Corporate,East,Office Supplies,76.12
1439,2022-12,2022-12-24,Ken Heidel,Corporate,South,Office Supplies,10.272
1440,2022-12,2022-12-24,Russell Applegate,Consumer,West,Office Supplies,43.176
1441,2022-12,2022-12-24,Jack O'Briant,Corporate,South,Office Supplies,5.64
1442,2022-12,2022-12-24,Erin Ashbrook,Corporate,East,Office Supplies,3.132
1443,2022-12,2022-12-24,Erin Ashbrook,Corporate,East,Office Supplies,22.428
1444,2022-12,2022-12-24,Ken Heidel,Corporate,South,Office Supplies,7.52
1445,2022-12,2022-12-24,Ken Heidel,Corporate,South,Office Supplies,47.808
1446,2022-12,2022-12-24,Paul Lucas,Home Office,West,Office Supplies,44.4
1447,2022-12,2022-12-24,Suzanne McNair,Corporate,Central,Office Supplies,15.696
1448,2022-12,2022-12-24,Daniel Lacy,Consumer,East,Office Supplies,167.94
1449,2022-12,2022-12-24,Paul Lucas,Home Office,West,Office Supplies,21.4
1450,2022-12,2022-12-24,Jack O'Briant,Corporate,South,Office Supplies,69.52
1451,2022-12,2022-12-24,Natalie DeCherney,Consumer,West,Office Supplies,443.92
1452,2022-12,2022-12-24,Natalie DeCherney,Consumer,West,Technology,155.976
1453,2022-12,2022-12-24,Russell Applegate,Consumer,West,Technology,1983.968
1454,2022-12,2022-12-24,Ken Heidel,Corporate,South,Technology,978.84
1455,2022-12,2022-12-25,Roger Demir,Consumer,East,Furniture,89.34
1456,2022-12,2022-12-25,Liz Carlisle,Consumer,East,Office Supplies,19.242
1457,2022-12,2022-12-25,Roger Demir,Consumer,East,Office Supplies,34.86
1458,2022-12,2022-12-25,Shahid Hopkins,Consumer,West,Office Supplies,362.92
1459,2022-12,2022-12-25,Steven Ward,Corporate,West,Technology,41.94
1460,2022-12,2022-12-25,Julie Kriz,Home Office,South,Technology,799.92
1461,2022-12,2022-12-25,Liz Carlisle,Consumer,East,Technology,539.964
1462,2022-12,2022-12-25,Liz Carlisle,Consumer,East,Technology,50.232
1463,2022-12,2022-12-25,Shahid Hopkins,Consumer,West,Technology,46.384
1464,2022-12,2022-12-25,Steven Ward,Corporate,West,Technology,52.792
1465,2022-12,2022-12-25,Patrick O'Brill,Consumer,Central,Technology,88.776
1466,2022-12,2022-12-26,Shahid Hopkins,Consumer,South,Furniture,410.352
1467,2022-12,2022-12-26,Shahid Hopkins,Consumer,South,Furniture,945.036
1468,2022-12,2022-12-26,Tracy Collins,Home Office,West,Office Supplies,6.72
1469,2022-12,2022-12-26,Denise Monton,Corporate,East,Office Supplies,5.76
1470,2022-12,2022-12-26,Speros Goranitis,Consumer,East,Office Supplies,48.896
1471,2022-12,2022-12-26,Shahid Hopkins,Consumer,South,Office Supplies,14.301
1472,2022-12,2022-12-26,Speros Goranitis,Consumer,East,Office Supplies,7.856
1473,2022-12,2022-12-26,Annie Thurman,Consumer,South,Office Supplies,3.488
1474,2022-12,2022-12-26,Annie Thurman,Consumer,South,Office Supplies,143.856
1475,2022-12,2022-12-26,Shahid Hopkins,Consumer,South,Office Supplies,25.984
1476,2022-12,2022-12-26,Maxwell Schwartz,Consumer,East,Office Supplies,286.344
1477,2022-12,2022-12-26,Resi Pölking,Consumer,East,Office Supplies,11.64
1478,2022-12,2022-12-26,Stephanie Phelps,Corporate,Central,Technology,89.97
1479,2022-12,2022-12-26,Speros Goranitis,Consumer,East,Technology,783.96
1480,2022-12,2022-12-27,Nathan Mautz,Home Office,East,Furniture,135.882
1481,2022-12,2022-12-27,MaryBeth Skach,Consumer,West,Furniture,35.34
1482,2022-12,2022-12-27,William Brown,Consumer,West,Furniture,573.728
1483,2022-12,2022-12-27,Odella Nelson,Corporate,South,Office Supplies,58.24
1484,2022-12,2022-12-27,Tiffany House,Corporate,West,Office Supplies,2.94
1485,2022-12,2022-12-27,Sam Zeldin,Home Office,East,Office Supplies,52.064
1486,2022-12,2022-12-27,William Brown,Consumer,West,Office Supplies,21.936
1487,2022-12,2022-12-27,Odella Nelson,Corporate,South,Office Supplies,8.376
1488,2022-12,2022-12-27,William Brown,Consumer,West,Office Supplies,19.44
1489,2022-12,2022-12-27,Nathan Mautz,Home Office,East,Office Supplies,43.57
1490,2022-12,2022-12-27,Nathan Mautz,Home Office,East,Technology,360.0
1491,2022-12,2022-12-27,Nathan Mautz,Home Office,East,Technology,3991.98
1492,2022-12,2022-12-27,William Brown,Consumer,West,Technology,447.968
1493,2022-12,2022-12-27,William Brown,Consumer,West,Technology,666.344
1494,2022-12,2022-12-27,Nathan Mautz,Home Office,East,Technology,275.94
1495,2022-12,2022-12-28,Barry Gonzalez,Consumer,South,Furniture,149.9
1496,2022-12,2022-12-28,Deanra Eno,Home Office,West,Furniture,20.04
1497,2022-12,2022-12-28,Maribeth Dona,Consumer,East,Furniture,273.568
1498,2022-12,2022-12-28,Maribeth Dona,Consumer,East,Office Supplies,13.194
1499,2022-12,2022-12-28,Maribeth Dona,Consumer,East,Office Supplies,1080.096
1500,2022-12,2022-12-28,Maribeth Dona,Consumer,East,Technology,51.56
1501,2022-12,2022-12-28,Steven Roelle,Home Office,South,Technology,47.79
1502,2022-12,2022-12-28,Maribeth Dona,Consumer,East,Technology,58.416
1503,2022-12,2022-12-29,George Ashbrook,Consumer,South,Office Supplies,43.68
1504,2022-12,2022-12-30,Steven Cartwright,Consumer,Central,Furniture,683.144
1505,2022-12,2022-12-30,Maribeth Schnelling,Consumer,Central,Office Supplies,245.88
1506,2022-12,2022-12-30,Troy Blackwell,Consumer,West,Office Supplies,120.768
1507,2022-12,2022-12-30,Steven Cartwright,Consumer,Central,Office Supplies,1.476
1508,2022-12,2022-12-30,Tamara Chand,Corporate,Central,Office Supplies,26.046
1509,2022-12,2022-12-30,Lena Hernandez,Consumer,West,Office Supplies,123.144
1510,2022-12,2022-12-30,Maribeth Schnelling,Consumer,Central,Office Supplies,12.39
1511,2022-12,2022-12-30,Tamara Chand,Corporate,Central,Office Supplies,74.352
1512,2022-12,2022-12-30,Bart Pistole,Corporate,East,Office Supplies,5.92
1513,2022-12,2022-12-30,Bart Pistole,Corporate,East,Office Supplies,30.18
1514,2022-12,2022-12-30,Troy Blackwell,Consumer,West,Office Supplies,25.92
1515,2022-12,2022-12-30,Maribeth Schnelling,Consumer,Central,Office Supplies,22.58
1516,2022-12,2022-12-30,Maribeth Schnelling,Consumer,Central,Office Supplies,36.63
1517,2022-12,2022-12-30,Steven Cartwright,Consumer,Central,Office Supplies,40.712
1518,2022-12,2022-12-31,Emily Burns,Consumer,West,Technology,333.576
1519,2023-01,2023-01-01,Jeremy Pistek,Consumer,West,Furniture,222.666
1520,2023-01,2023-01-01,Benjamin Farhat,Home Office,East,Furniture,56.52
1521,2023-01,2023-01-01,Jeremy Pistek,Consumer,West,Office Supplies,62.65
1522,2023-01,2023-01-01,Jeremy Pistek,Consumer,West,Office Supplies,94.85
1523,2023-01,2023-01-01,Jeremy Pistek,Consumer,West,Office Supplies,92.52
1524,2023-01,2023-01-01,Jeremy Pistek,Consumer,West,Office Supplies,340.92
1525,2023-01,2023-01-01,Jeremy Pistek,Consumer,West,Technology,703.968
1526,2023-01,2023-01-02,Sam Craven,Consumer,Central,Furniture,563.94
1527,2023-01,2023-01-02,Ruben Dartt,Consumer,West,Furniture,39.88
1528,2023-01,2023-01-02,Ruben Dartt,Consumer,West,Furniture,53.2
1529,2023-01,2023-01-02,Sam Craven,Consumer,Central,Office Supplies,3.9
1530,2023-01,2023-01-02,Ruben Dartt,Consumer,West,Office Supplies,39.84
1531,2023-01,2023-01-02,Sam Craven,Consumer,Central,Office Supplies,12.84
1532,2023-01,2023-01-02,Ruben Dartt,Consumer,West,Office Supplies,62.24
1533,2023-01,2023-01-02,Sam Craven,Consumer,Central,Office Supplies,15.84
1534,2023-01,2023-01-02,Sam Craven,Consumer,Central,Office Supplies,535.41
1535,2023-01,2023-01-02,Sam Craven,Consumer,Central,Office Supplies,62.94
1536,2023-01,2023-01-02,Ruben Dartt,Consumer,West,Technology,10.99
1537,2023-01,2023-01-02,Ruben Dartt,Consumer,West,Technology,601.536
1538,2023-01,2023-01-03,Tom Stivers,Corporate,East,Furniture,521.96
1539,2023-01,2023-01-03,Tracy Zic,Consumer,West,Furniture,603.92
1540,2023-01,2023-01-03,Arthur Prichep,Consumer,West,Furniture,112.648
1541,2023-01,2023-01-03,Brosina Hoffman,Consumer,Central,Furniture,797.944
1542,2023-01,2023-01-03,Brosina Hoffman,Consumer,Central,Furniture,10.984
1543,2023-01,2023-01-03,Tom Stivers,Corporate,East,Furniture,23.968
1544,2023-01,2023-01-03,Matt Abelman,Home Office,West,Office Supplies,7.78
1545,2023-01,2023-01-03,Mary Zewe,Corporate,West,Office Supplies,22.98
1546,2023-01,2023-01-03,Tracy Zic,Consumer,West,Office Supplies,3.392
1547,2023-01,2023-01-03,Arthur Prichep,Consumer,West,Office Supplies,30.48
1548,2023-01,2023-01-03,Karen Daniels,Consumer,Central,Office Supplies,67.56
1549,2023-01,2023-01-03,Karen Daniels,Consumer,Central,Office Supplies,1.234
1550,2023-01,2023-01-03,Karen Daniels,Consumer,Central,Office Supplies,896.99
1551,2023-01,2023-01-03,Mary Zewe,Corporate,West,Office Supplies,2033.584
1552,2023-01,2023-01-03,Karen Daniels,Consumer,Central,Office Supplies,262.336
1553,2023-01,2023-01-03,Kristina Nunn,Home Office,East,Office Supplies,46.35
1554,2023-01,2023-01-03,Matt Abelman,Home Office,West,Office Supplies,123.92
1555,2023-01,2023-01-03,Karen Daniels,Consumer,Central,Office Supplies,21.72
1556,2023-01,2023-01-03,Kristina Nunn,Home Office,East,Office Supplies,223.92
1557,2023-01,2023-01-03,Pete Kriz,Consumer,Central,Office Supplies,665.88
1558,2023-01,2023-01-03,Kristina Nunn,Home Office,East,Office Supplies,7.3
1559,2023-01,2023-01-03,Mary Zewe,Corporate,West,Technology,102.13
1560,2023-01,2023-01-03,Tracy Zic,Consumer,West,Technology,559.984
1561,2023-01,2023-01-03,Matt Abelman,Home Office,West,Technology,575.928
1562,2023-01,2023-01-03,Karen Daniels,Consumer,Central,Technology,148.48
1563,2023-01,2023-01-03,Karen Daniels,Consumer,Central,Technology,241.176
1564,2023-01,2023-01-04,Darren Budd,Corporate,Central,Furniture,67.9932
1565,2023-01,2023-01-04,Darren Powers,Consumer,Central,Furniture,25.128
1566,2023-01,2023-01-04,Joseph Airdo,Consumer,West,Furniture,629.064
1567,2023-01,2023-01-04,Darren Budd,Corporate,Central,Office Supplies,2.672
1568,2023-01,2023-01-04,Denise Monton,Corporate,South,Office Supplies,7.872
1569,2023-01,2023-01-04,Joseph Airdo,Consumer,West,Office Supplies,11.96
1570,2023-01,2023-01-04,Darren Budd,Corporate,Central,Office Supplies,36.288
1571,2023-01,2023-01-04,Roy Französisch,Consumer,Central,Office Supplies,49.632
1572,2023-01,2023-01-04,Darren Budd,Corporate,Central,Office Supplies,16.656
1573,2023-01,2023-01-04,Darren Powers,Consumer,Central,Technology,127.984
1574,2023-01,2023-01-04,Darren Budd,Corporate,Central,Technology,79.512
1575,2023-01,2023-01-06,Robert Marley,Home Office,East,Furniture,69.264
1576,2023-01,2023-01-06,Jeremy Lonsdale,Consumer,Central,Office Supplies,11.52
1577,2023-01,2023-01-06,Jeremy Lonsdale,Consumer,Central,Office Supplies,12.72
1578,2023-01,2023-01-06,Maris LaWare,Consumer,East,Office Supplies,43.8
1579,2023-01,2023-01-06,Chris Cortes,Consumer,South,Office Supplies,32.4
1580,2023-01,2023-01-06,Robert Marley,Home Office,East,Office Supplies,11.36
1581,2023-01,2023-01-06,Candace McMahon,Corporate,Central,Office Supplies,20.736
1582,2023-01,2023-01-06,Maris LaWare,Consumer,East,Technology,832.93
1583,2023-01,2023-01-07,Shahid Shariari,Consumer,West,Furniture,10.11
1584,2023-01,2023-01-07,Jamie Frazer,Consumer,South,Office Supplies,333.056
1585,2023-01,2023-01-07,Jamie Frazer,Consumer,South,Office Supplies,4.224
1586,2023-01,2023-01-07,Peter Bühler,Consumer,Central,Office Supplies,604.656
1587,2023-01,2023-01-07,Jamie Frazer,Consumer,South,Office Supplies,24.896
1588,2023-01,2023-01-07,Scott Cohen,Corporate,West,Office Supplies,10.95
1589,2023-01,2023-01-07,Shahid Shariari,Consumer,West,Office Supplies,20.46
1590,2023-01,2023-01-07,Shahid Shariari,Consumer,West,Technology,772.47
1591,2023-01,2023-01-08,Justin Deggeller,Corporate,West,Furniture,305.9745
1592,2023-01,2023-01-08,Alan Barnes,Consumer,Central,Furniture,37.296
1593,2023-01,2023-01-08,Steven Roelle,Home Office,Central,Office Supplies,29.12
1594,2023-01,2023-01-08,Steven Roelle,Home Office,Central,Office Supplies,78.35
1595,2023-01,2023-01-08,Adam Hart,Corporate,West,Office Supplies,5.22
1596,2023-01,2023-01-08,Steven Roelle,Home Office,Central,Office Supplies,31.68
1597,2023-01,2023-01-08,Steven Roelle,Home Office,Central,Office Supplies,169.45
1598,2023-01,2023-01-08,Justin Deggeller,Corporate,West,Office Supplies,344.91
1599,2023-01,2023-01-08,Rick Huthwaite,Home Office,Central,Technology,273.96
1600,2023-01,2023-01-08,Justin Deggeller,Corporate,West,Technology,79.968
1601,2023-01,2023-01-09,Greg Tran,Consumer,East,Furniture,4007.84
1602,2023-01,2023-01-09,Mark Packer,Home Office,Central,Furniture,479.9
1603,2023-01,2023-01-09,Randy Bradley,Consumer,East,Furniture,657.93
1604,2023-01,2023-01-09,Yoseph Carroll,Corporate,East,Furniture,124.41
1605,2023-01,2023-01-09,Thomas Seio,Corporate,West,Office Supplies,241.44
1606,2023-01,2023-01-09,Yoseph Carroll,Corporate,East,Office Supplies,57.75
1607,2023-01,2023-01-09,Greg Tran,Consumer,East,Office Supplies,2152.776
1608,2023-01,2023-01-09,Cassandra Brandow,Consumer,Central,Office Supplies,7.08
1609,2023-01,2023-01-09,Randy Bradley,Consumer,East,Office Supplies,12.448
1610,2023-01,2023-01-09,Thomas Seio,Corporate,West,Office Supplies,733.95
1611,2023-01,2023-01-09,Frank Gastineau,Home Office,East,Office Supplies,34.44
1612,2023-01,2023-01-09,Yoseph Carroll,Corporate,East,Office Supplies,2934.33
1613,2023-01,2023-01-09,Thomas Seio,Corporate,West,Technology,99.98
1614,2023-01,2023-01-10,Joe Kamberova,Consumer,Central,Furniture,424.116
1615,2023-01,2023-01-10,Michael Kennedy,Corporate,Central,Furniture,392.94
1616,2023-01,2023-01-10,Carlos Soltero,Consumer,East,Furniture,60.312
1617,2023-01,2023-01-10,Joe Kamberova,Consumer,Central,Furniture,8.544
1618,2023-01,2023-01-10,Maya Herman,Corporate,West,Furniture,137.54
1619,2023-01,2023-01-10,Pierre Wener,Consumer,West,Furniture,145.98
1620,2023-01,2023-01-10,Joe Kamberova,Consumer,Central,Furniture,292.1
1621,2023-01,2023-01-10,Maya Herman,Corporate,West,Furniture,730.2
1622,2023-01,2023-01-10,Ann Blume,Corporate,Central,Office Supplies,14.48
1623,2023-01,2023-01-10,MaryBeth Skach,Consumer,East,Office Supplies,11.808
1624,2023-01,2023-01-10,Carlos Soltero,Consumer,East,Office Supplies,50.997
1625,2023-01,2023-01-10,Carlos Soltero,Consumer,East,Office Supplies,1.944
1626,2023-01,2023-01-10,Joe Kamberova,Consumer,Central,Office Supplies,2.892
1627,2023-01,2023-01-10,Pierre Wener,Consumer,West,Office Supplies,35.808
1628,2023-01,2023-01-10,John Grady,Corporate,West,Office Supplies,21.98
1629,2023-01,2023-01-10,Joe Kamberova,Consumer,Central,Office Supplies,381.72
1630,2023-01,2023-01-10,Julie Creighton,Corporate,Central,Office Supplies,67.15
1631,2023-01,2023-01-10,Carlos Soltero,Consumer,East,Office Supplies,76.792
1632,2023-01,2023-01-10,Carlos Soltero,Consumer,East,Technology,539.964
1633,2023-01,2023-01-10,MaryBeth Skach,Consumer,East,Technology,9.588
1634,2023-01,2023-01-11,Georgia Rosenberg,Corporate,East,Furniture,1025.88
1635,2023-01,2023-01-11,Georgia Rosenberg,Corporate,East,Office Supplies,213.08
1636,2023-01,2023-01-11,Georgia Rosenberg,Corporate,East,Office Supplies,9.96
1637,2023-01,2023-01-11,Georgia Rosenberg,Corporate,East,Office Supplies,22.5
1638,2023-01,2023-01-11,Dennis Bolton,Home Office,West,Office Supplies,166.44
1639,2023-01,2023-01-11,Alan Dominguez,Home Office,East,Office Supplies,5.88
1640,2023-01,2023-01-11,Mitch Webber,Consumer,Central,Office Supplies,221.16
1641,2023-01,2023-01-11,Robert Marley,Home Office,South,Technology,29.0
1642,2023-01,2023-01-11,Ruben Dartt,Consumer,East,Technology,47.496
1643,2023-01,2023-01-11,Mitch Webber,Consumer,Central,Technology,281.97
1644,2023-01,2023-01-11,John Murray,Consumer,East,Technology,4548.81
1645,2023-01,2023-01-11,Robert Marley,Home Office,South,Technology,503.96
1646,2023-01,2023-01-11,Robert Marley,Home Office,South,Technology,149.95
1647,2023-01,2023-01-12,Katharine Harms,Corporate,East,Office Supplies,12.96
1648,2023-01,2023-01-12,Katharine Harms,Corporate,East,Office Supplies,34.74
1649,2023-01,2023-01-12,Katharine Harms,Corporate,East,Office Supplies,25.92
1650,2023-01,2023-01-12,Katharine Harms,Corporate,East,Technology,833.94
1651,2023-01,2023-01-13,Dave Hallsten,Corporate,South,Office Supplies,5.46
1652,2023-01,2023-01-13,Jason Klamczynski,Corporate,Central,Office Supplies,1.632
1653,2023-01,2023-01-13,Steve Carroll,Home Office,West,Office Supplies,6.58
1654,2023-01,2023-01-13,Georgia Rosenberg,Corporate,West,Office Supplies,12.96
1655,2023-01,2023-01-13,Dave Hallsten,Corporate,South,Office Supplies,629.1
1656,2023-01,2023-01-13,Dave Hallsten,Corporate,South,Office Supplies,193.95
1657,2023-01,2023-01-13,Steve Carroll,Home Office,West,Technology,94.99
1658,2023-01,2023-01-13,Dave Hallsten,Corporate,South,Technology,36.99
1659,2023-01,2023-01-13,Jason Klamczynski,Corporate,Central,Technology,267.96
1660,2023-01,2023-01-14,Ruben Ausman,Corporate,South,Office Supplies,675.12
1661,2023-01,2023-01-14,Ruben Ausman,Corporate,South,Office Supplies,319.9
1662,2023-01,2023-01-14,Evan Henry,Consumer,Central,Office Supplies,6.928
1663,2023-01,2023-01-14,Tony Chapman,Home Office,Central,Office Supplies,9.98
1664,2023-01,2023-01-14,Ruben Ausman,Corporate,South,Office Supplies,11.36
1665,2023-01,2023-01-14,Ruben Ausman,Corporate,South,Office Supplies,16.23
1666,2023-01,2023-01-14,Robert Barroso,Corporate,South,Office Supplies,9.96
1667,2023-01,2023-01-14,Susan Pistek,Consumer,West,Office Supplies,53.82
1668,2023-01,2023-01-15,Sanjit Chand,Consumer,West,Furniture,381.44
1669,2023-01,2023-01-15,Sanjit Chand,Consumer,West,Furniture,603.92
1670,2023-01,2023-01-15,Damala Kotsonis,Corporate,Central,Furniture,155.372
1671,2023-01,2023-01-15,Saphhira Shifley,Corporate,Central,Furniture,6.368
1672,2023-01,2023-01-15,Saphhira Shifley,Corporate,Central,Office Supplies,34.176
1673,2023-01,2023-01-15,Bobby Trafton,Consumer,Central,Office Supplies,14.67
1674,2023-01,2023-01-15,Sally Matthias,Consumer,West,Office Supplies,23.472
1675,2023-01,2023-01-15,Phillip Breyer,Corporate,East,Office Supplies,62.808
1676,2023-01,2023-01-15,Sanjit Chand,Consumer,West,Office Supplies,21.84
1677,2023-01,2023-01-15,Emily Ducich,Home Office,Central,Office Supplies,23.68
1678,2023-01,2023-01-15,Sanjit Chand,Consumer,West,Technology,29.99
1679,2023-01,2023-01-15,Saphhira Shifley,Corporate,Central,Technology,5.544
1680,2023-01,2023-01-16,Muhammed Yedwab,Corporate,East,Furniture,611.058
1681,2023-01,2023-01-16,Erica Hackney,Consumer,West,Furniture,120.712
1682,2023-01,2023-01-16,Vivek Gonzalez,Consumer,West,Furniture,151.72
1683,2023-01,2023-01-16,Harold Pawlan,Home Office,South,Furniture,111.15
1684,2023-01,2023-01-16,Thea Hendricks,Consumer,East,Furniture,35.168
1685,2023-01,2023-01-16,Nat Gilpin,Corporate,Central,Office Supplies,151.92
1686,2023-01,2023-01-16,Nathan Gelder,Consumer,East,Office Supplies,2.624
1687,2023-01,2023-01-16,Alyssa Tate,Home Office,East,Office Supplies,5.742
1688,2023-01,2023-01-16,Harold Ryan,Corporate,West,Office Supplies,12.096
1689,2023-01,2023-01-16,Nat Gilpin,Corporate,Central,Office Supplies,196.62
1690,2023-01,2023-01-16,Harold Ryan,Corporate,West,Office Supplies,25.92
1691,2023-01,2023-01-16,Nat Gilpin,Corporate,Central,Office Supplies,144.12
1692,2023-01,2023-01-16,Nat Gilpin,Corporate,Central,Office Supplies,15.96
1693,2023-01,2023-01-16,Harold Ryan,Corporate,West,Office Supplies,197.58
1694,2023-01,2023-01-16,Darren Koutras,Consumer,Central,Office Supplies,646.2
1695,2023-01,2023-01-16,Harold Ryan,Corporate,West,Office Supplies,485.88
1696,2023-01,2023-01-16,Richard Bierner,Consumer,Central,Technology,111.79
1697,2023-01,2023-01-16,Muhammed Yedwab,Corporate,East,Technology,1049.97
1698,2023-01,2023-01-16,Thea Hendricks,Consumer,East,Technology,1502.376
1699,2023-01,2023-01-16,James Peterman,Corporate,East,Furniture,99.12
1700,2023-01,2023-01-16,James Peterman,Corporate,East,Furniture,99.12
1701,2023-01,2023-01-17,Mike Pelletier,Home Office,East,Furniture,275.952
1702,2023-01,2023-01-17,Richard Bierner,Consumer,West,Furniture,725.344
1703,2023-01,2023-01-17,Matt Collister,Corporate,Central,Furniture,6.096
1704,2023-01,2023-01-17,Andy Reiter,Consumer,East,Furniture,52.96
1705,2023-01,2023-01-17,Laurel Workman,Corporate,West,Furniture,23.88
1706,2023-01,2023-01-17,Matt Collister,Corporate,Central,Furniture,1218.735
1707,2023-01,2023-01-17,Laurel Workman,Corporate,West,Office Supplies,320.88
1708,2023-01,2023-01-17,Sanjit Engle,Consumer,West,Office Supplies,51.016
1709,2023-01,2023-01-17,Richard Bierner,Consumer,West,Office Supplies,7.44
1710,2023-01,2023-01-17,Matt Collister,Corporate,Central,Office Supplies,5.904
1711,2023-01,2023-01-17,Matt Collister,Corporate,Central,Office Supplies,2.52
1712,2023-01,2023-01-17,Laurel Workman,Corporate,West,Office Supplies,26.76
1713,2023-01,2023-01-17,Matt Collister,Corporate,Central,Office Supplies,15.696
1714,2023-01,2023-01-17,Mike Pelletier,Home Office,East,Office Supplies,1117.92
1715,2023-01,2023-01-17,Matt Collister,Corporate,Central,Technology,24.672
1716,2023-01,2023-01-17,Richard Bierner,Consumer,West,Technology,539.92
1717,2023-01,2023-01-18,Joel Eaton,Consumer,Central,Furniture,19.3
1718,2023-01,2023-01-18,Luke Schmidt,Corporate,West,Office Supplies,40.54
1719,2023-01,2023-01-18,Lynn Smith,Consumer,East,Office Supplies,17.088
1720,2023-01,2023-01-18,Lynn Smith,Consumer,East,Office Supplies,12.912
1721,2023-01,2023-01-18,Luke Schmidt,Corporate,West,Office Supplies,7.312
1722,2023-01,2023-01-18,Luke Schmidt,Corporate,West,Office Supplies,4.32
1723,2023-01,2023-01-18,Lynn Smith,Consumer,East,Office Supplies,93.15
1724,2023-01,2023-01-18,Lynn Smith,Consumer,East,Office Supplies,11.52
1725,2023-01,2023-01-18,Lindsay Shagiari,Home Office,West,Office Supplies,81.98
1726,2023-01,2023-01-18,Natalie Webber,Consumer,West,Office Supplies,15.552
1727,2023-01,2023-01-18,Luke Schmidt,Corporate,West,Office Supplies,14.94
1728,2023-01,2023-01-18,Natalie Webber,Consumer,West,Office Supplies,669.08
1729,2023-01,2023-01-18,Natalie Webber,Consumer,West,Technology,438.336
1730,2023-01,2023-01-18,Lynn Smith,Consumer,East,Technology,279.96
1731,2023-01,2023-01-19,Jack O'Briant,Corporate,East,Furniture,199.9
1732,2023-01,2023-01-19,Maxwell Schwartz,Consumer,East,Office Supplies,3.76
1733,2023-01,2023-01-20,Duane Huffman,Home Office,West,Furniture,411.332
1734,2023-01,2023-01-20,Chris Selesnick,Corporate,South,Furniture,397.6
1735,2023-01,2023-01-20,Sheri Gordon,Consumer,West,Office Supplies,43.68
1736,2023-01,2023-01-20,Bart Folk,Consumer,South,Office Supplies,14.67
1737,2023-01,2023-01-20,Chris Selesnick,Corporate,South,Office Supplies,13.12
1738,2023-01,2023-01-20,Chris Selesnick,Corporate,South,Office Supplies,45.66
1739,2023-01,2023-01-20,Mary O'Rourke,Consumer,East,Office Supplies,17.248
1740,2023-01,2023-01-20,Matthew Clasen,Corporate,Central,Office Supplies,64.02
1741,2023-01,2023-01-20,Duane Huffman,Home Office,West,Office Supplies,41.4
1742,2023-01,2023-01-20,Chris Selesnick,Corporate,South,Office Supplies,85.96
1743,2023-01,2023-01-20,Duane Huffman,Home Office,West,Office Supplies,7.36
1744,2023-01,2023-01-20,Sheri Gordon,Consumer,West,Technology,139.93
1745,2023-01,2023-01-20,Brian Thompson,Consumer,Central,Technology,998.85
1746,2023-01,2023-01-21,Bill Stewart,Corporate,Central,Office Supplies,12.624
1747,2023-01,2023-01-21,Alan Hwang,Consumer,West,Office Supplies,30.4
1748,2023-01,2023-01-21,Corey-Lock,Consumer,East,Office Supplies,5.04
1749,2023-01,2023-01-21,Philip Brown,Consumer,East,Office Supplies,25.06
1750,2023-01,2023-01-21,Alan Hwang,Consumer,West,Technology,575.92
1751,2023-01,2023-01-22,Randy Ferguson,Corporate,South,Office Supplies,6.642
1752,2023-01,2023-01-22,Jeremy Lonsdale,Consumer,East,Office Supplies,62.28
1753,2023-01,2023-01-22,Philip Brown,Consumer,West,Office Supplies,47.992
1754,2023-01,2023-01-22,Philip Brown,Consumer,West,Technology,102.24
1755,2023-01,2023-01-23,Joe Kamberova,Consumer,East,Furniture,909.72
1756,2023-01,2023-01-23,Resi Pölking,Consumer,Central,Furniture,2807.84
1757,2023-01,2023-01-23,Matt Connell,Corporate,Central,Furniture,674.058
1758,2023-01,2023-01-23,Joe Kamberova,Consumer,East,Furniture,8.128
1759,2023-01,2023-01-23,Toby Ritter,Consumer,West,Furniture,58.2
1760,2023-01,2023-01-23,Anna Andreadi,Consumer,East,Furniture,9.82
1761,2023-01,2023-01-23,Anna Andreadi,Consumer,East,Furniture,45.84
1762,2023-01,2023-01-23,Resi Pölking,Consumer,Central,Office Supplies,46.64
1763,2023-01,2023-01-23,Joe Kamberova,Consumer,East,Office Supplies,36.288
1764,2023-01,2023-01-23,Joe Kamberova,Consumer,East,Technology,659.988
1765,2023-01,2023-01-23,Toby Braunhardt,Consumer,South,Technology,95.968
1766,2023-01,2023-01-23,Anna Andreadi,Consumer,East,Technology,271.9
1767,2023-01,2023-01-24,David Philippe,Consumer,East,Furniture,883.92
1768,2023-01,2023-01-24,Odella Nelson,Corporate,East,Furniture,239.84
1769,2023-01,2023-01-24,Michael Dominguez,Corporate,Central,Furniture,58.36
1770,2023-01,2023-01-24,Michael Dominguez,Corporate,Central,Furniture,39.96
1771,2023-01,2023-01-24,Odella Nelson,Corporate,East,Furniture,60.72
1772,2023-01,2023-01-24,Matt Collins,Consumer,Central,Office Supplies,2.394
1773,2023-01,2023-01-24,Michael Dominguez,Corporate,Central,Office Supplies,16.464
1774,2023-01,2023-01-24,David Philippe,Consumer,East,Office Supplies,46.72
1775,2023-01,2023-01-24,Odella Nelson,Corporate,East,Office Supplies,15.66
1776,2023-01,2023-01-24,Elizabeth Moffitt,Corporate,South,Office Supplies,15.24
1777,2023-01,2023-01-24,Odella Nelson,Corporate,East,Office Supplies,146.82
1778,2023-01,2023-01-24,Elizabeth Moffitt,Corporate,South,Technology,5.95
1779,2023-01,2023-01-24,Katherine Nockton,Corporate,East,Technology,119.8
1780,2023-01,2023-01-24,David Philippe,Consumer,East,Technology,119.96
1781,2023-01,2023-01-24,Neil Cohen,Home Office,East,Furniture,58.36
1782,2023-01,2023-01-24,Michael Knudson,Corporate,East,Furniture,39.96
1783,2023-01,2023-01-24,Michael Knudson,Corporate,East,Office Supplies,16.464
1784,2023-01,2023-01-25,Matthew Clasen,Corporate,Central,Office Supplies,25.92
1785,2023-01,2023-01-25,Nathan Gelder,Consumer,Central,Technology,479.96
1786,2023-01,2023-01-26,Cathy Prescott,Corporate,East,Technology,129.98
1787,2023-01,2023-01-26,Tracy Zic,Consumer,West,Furniture,25.08
1788,2023-01,2023-01-26,Tracy Zic,Consumer,West,Office Supplies,16.9
1789,2023-01,2023-01-27,Joni Blumstein,Consumer,West,Office Supplies,250.26
1790,2023-01,2023-01-27,Brendan Sweed,Corporate,West,Office Supplies,1113.024
1791,2023-01,2023-01-27,Rob Lucas,Consumer,West,Office Supplies,26.46
1792,2023-01,2023-01-27,Erin Ashbrook,Corporate,East,Office Supplies,29.94
1793,2023-01,2023-01-27,Nona Balk,Corporate,East,Office Supplies,348.488
1794,2023-01,2023-01-27,Rob Lucas,Consumer,West,Office Supplies,15.0
1795,2023-01,2023-01-27,Erin Ashbrook,Corporate,East,Office Supplies,98.376
1796,2023-01,2023-01-27,Rob Lucas,Consumer,West,Office Supplies,49.12
1797,2023-01,2023-01-27,Erin Ashbrook,Corporate,East,Office Supplies,17.472
1798,2023-01,2023-01-27,Nona Balk,Corporate,East,Office Supplies,172.736
1799,2023-01,2023-01-27,Roy Collins,Consumer,South,Office Supplies,24.56
1800,2023-01,2023-01-27,David Kendrick,Corporate,Central,Office Supplies,24.816
1801,2023-01,2023-01-27,David Kendrick,Corporate,Central,Technology,408.744
1802,2023-01,2023-01-27,Erin Ashbrook,Corporate,East,Technology,179.94
1803,2023-01,2023-01-27,Erin Ashbrook,Corporate,East,Technology,36.738
1804,2023-01,2023-01-27,Brendan Sweed,Corporate,West,Technology,167.968
1805,2023-01,2023-01-28,Berenike Kampe,Consumer,Central,Furniture,10.776
1806,2023-01,2023-01-28,Luke Foster,Consumer,Central,Furniture,23.976
1807,2023-01,2023-01-28,Ryan Crowe,Consumer,West,Furniture,275.49
1808,2023-01,2023-01-28,Berenike Kampe,Consumer,Central,Furniture,214.95
1809,2023-01,2023-01-28,Berenike Kampe,Consumer,Central,Office Supplies,14.016
1810,2023-01,2023-01-28,Berenike Kampe,Consumer,Central,Office Supplies,4.6
1811,2023-01,2023-01-28,Barry Gonzalez,Consumer,South,Office Supplies,42.208
1812,2023-01,2023-01-28,Roland Schwarz,Corporate,West,Office Supplies,1261.33
1813,2023-01,2023-01-28,Ryan Crowe,Consumer,West,Office Supplies,53.424
1814,2023-01,2023-01-28,Berenike Kampe,Consumer,Central,Office Supplies,35.168
1815,2023-01,2023-01-28,Berenike Kampe,Consumer,Central,Technology,35.04
1816,2023-01,2023-01-29,Frank Preis,Consumer,West,Office Supplies,8.64
1817,2023-01,2023-01-29,Erica Hernandez,Home Office,West,Office Supplies,164.88
1818,2023-01,2023-01-29,Patrick O'Brill,Consumer,South,Office Supplies,105.52
1819,2023-01,2023-01-29,Ann Steele,Home Office,West,Office Supplies,269.36
1820,2023-01,2023-01-30,Jim Karlsson,Consumer,West,Furniture,603.92
1821,2023-01,2023-01-30,Denny Joy,Corporate,West,Furniture,39.88
1822,2023-01,2023-01-30,Denny Joy,Corporate,West,Furniture,79.44
1823,2023-01,2023-01-30,Tim Brockman,Consumer,West,Office Supplies,6.456
1824,2023-01,2023-01-30,Tim Brockman,Consumer,West,Office Supplies,27.888
1825,2023-01,2023-01-30,Tim Brockman,Consumer,West,Office Supplies,11.52
1826,2023-01,2023-01-30,Tim Brockman,Consumer,West,Office Supplies,10.368
1827,2023-01,2023-01-30,Jim Karlsson,Consumer,West,Office Supplies,45.68
1828,2023-01,2023-01-30,Thomas Boland,Corporate,Central,Office Supplies,60.416
1829,2023-01,2023-01-30,Tim Brockman,Consumer,West,Office Supplies,39.072
1830,2023-01,2023-01-30,Tim Brockman,Consumer,West,Office Supplies,13.88
1831,2023-01,2023-01-30,Tim Brockman,Consumer,West,Technology,103.92
1832,2023-01,2023-01-30,Tim Brockman,Consumer,West,Technology,52.68
1833,2023-01,2023-01-31,Thomas Seio,Corporate,Central,Office Supplies,20.388
1834,2023-01,2023-01-31,Frank Preis,Consumer,East,Office Supplies,30.672
1835,2023-01,2023-01-31,Thomas Seio,Corporate,Central,Office Supplies,8.448
1836,2023-01,2023-01-31,Victoria Pisteka,Corporate,Central,Office Supplies,10.688
1837,2023-01,2023-01-31,Cyma Kinney,Corporate,West,Office Supplies,34.68
1838,2023-01,2023-01-31,Victoria Pisteka,Corporate,Central,Office Supplies,237.096
1839,2023-01,2023-01-31,Dario Medina,Corporate,West,Office Supplies,100.704
1840,2023-01,2023-01-31,Frank Preis,Consumer,East,Technology,1079.976
1841,2023-02,2023-02-01,Sally Hughsby,Corporate,West,Furniture,338.352
1842,2023-02,2023-02-01,Sally Matthias,Consumer,East,Office Supplies,106.344
1843,2023-02,2023-02-01,Sally Hughsby,Corporate,West,Office Supplies,25.92
1844,2023-02,2023-02-01,Sally Hughsby,Corporate,West,Office Supplies,91.36
1845,2023-02,2023-02-01,Sally Matthias,Consumer,East,Office Supplies,11.36
1846,2023-02,2023-02-03,Nora Preis,Consumer,West,Furniture,254.9745
1847,2023-02,2023-02-03,Logan Haushalter,Consumer,West,Furniture,9.24
1848,2023-02,2023-02-03,William Brown,Consumer,West,Furniture,43.31
1849,2023-02,2023-02-03,Logan Haushalter,Consumer,West,Furniture,12.54
1850,2023-02,2023-02-03,Nora Preis,Consumer,West,Furniture,3610.848
1851,2023-02,2023-02-03,Nora Preis,Consumer,West,Furniture,764.688
1852,2023-02,2023-02-03,Craig Yedwab,Corporate,Central,Office Supplies,210.392
1853,2023-02,2023-02-03,Philip Brown,Consumer,South,Office Supplies,23.472
1854,2023-02,2023-02-03,Logan Haushalter,Consumer,West,Office Supplies,8.94
1855,2023-02,2023-02-04,Randy Ferguson,Corporate,West,Furniture,87.96
1856,2023-02,2023-02-04,Ellis Ballard,Corporate,Central,Furniture,94.428
1857,2023-02,2023-02-04,Randy Ferguson,Corporate,West,Office Supplies,5.214
1858,2023-02,2023-02-04,Kimberly Carter,Corporate,South,Office Supplies,12.39
1859,2023-02,2023-02-04,Katherine Ducich,Consumer,West,Office Supplies,90.24
1860,2023-02,2023-02-04,Ralph Arnett,Consumer,Central,Office Supplies,2.92
1861,2023-02,2023-02-05,Bryan Mills,Consumer,South,Furniture,186.304
1862,2023-02,2023-02-05,Sung Shariari,Consumer,East,Furniture,136.53
1863,2023-02,2023-02-05,Sung Shariari,Consumer,East,Office Supplies,2.624
1864,2023-02,2023-02-05,Joy Daniels,Consumer,Central,Office Supplies,5.104
1865,2023-02,2023-02-05,Cari Sayre,Corporate,Central,Office Supplies,9.264
1866,2023-02,2023-02-05,Joy Daniels,Consumer,Central,Office Supplies,2.896
1867,2023-02,2023-02-05,Joy Daniels,Consumer,Central,Technology,35.016
1868,2023-02,2023-02-05,Sung Shariari,Consumer,East,Technology,263.96
1869,2023-02,2023-02-05,Tom Boeckenhauer,Consumer,East,Technology,6999.96
1870,2023-02,2023-02-05,Ben Ferrer,Home Office,East,Furniture,526.58
1871,2023-02,2023-02-05,Ben Ferrer,Home Office,East,Office Supplies,17.28
1872,2023-02,2023-02-05,Ben Ferrer,Home Office,East,Office Supplies,73.85
1873,2023-02,2023-02-05,Ben Ferrer,Home Office,East,Office Supplies,25.71
1874,2023-02,2023-02-05,Ben Ferrer,Home Office,East,Technology,1199.98
1875,2023-02,2023-02-06,Ed Braxton,Corporate,East,Furniture,445.802
1876,2023-02,2023-02-06,Mick Crebagga,Consumer,Central,Furniture,763.28
1877,2023-02,2023-02-06,Sung Pak,Corporate,Central,Furniture,8.544
1878,2023-02,2023-02-06,Jas O'Carroll,Consumer,West,Furniture,6.16
1879,2023-02,2023-02-06,Mick Crebagga,Consumer,Central,Technology,40.68
1880,2023-02,2023-02-07,Ken Black,Corporate,South,Furniture,1013.832
1881,2023-02,2023-02-07,Stefanie Holloman,Corporate,West,Furniture,1403.92
1882,2023-02,2023-02-07,Chad Cunningham,Home Office,West,Furniture,241.568
1883,2023-02,2023-02-07,Sean Christensen,Consumer,Central,Furniture,8.624
1884,2023-02,2023-02-07,Ed Jacobs,Consumer,Central,Furniture,56.568
1885,2023-02,2023-02-07,Laurel Elliston,Consumer,South,Furniture,29.46
1886,2023-02,2023-02-07,Chad Cunningham,Home Office,West,Furniture,44.46
1887,2023-02,2023-02-07,Kean Nguyen,Corporate,South,Office Supplies,1.167
1888,2023-02,2023-02-07,Ken Black,Corporate,South,Office Supplies,1.984
1889,2023-02,2023-02-07,Ed Jacobs,Consumer,Central,Office Supplies,36.288
1890,2023-02,2023-02-07,Steve Chapman,Corporate,Central,Office Supplies,114.2
1891,2023-02,2023-02-07,Chad Cunningham,Home Office,West,Technology,395.0
1892,2023-02,2023-02-07,Laurel Elliston,Consumer,South,Technology,99.98
1893,2023-02,2023-02-07,Sean Christensen,Consumer,Central,Technology,319.968
1894,2023-02,2023-02-07,Chad Cunningham,Home Office,West,Technology,627.168
1895,2023-02,2023-02-08,Roy Französisch,Consumer,South,Office Supplies,40.05
1896,2023-02,2023-02-08,Erin Creighton,Consumer,East,Office Supplies,5.484
1897,2023-02,2023-02-10,Irene Maddox,Consumer,South,Furniture,1819.86
1898,2023-02,2023-02-10,Mike Kennedy,Consumer,South,Office Supplies,4.812
1899,2023-02,2023-02-10,Irene Maddox,Consumer,South,Office Supplies,152.76
1900,2023-02,2023-02-10,Bart Pistole,Corporate,West,Office Supplies,22.55
1901,2023-02,2023-02-10,Bart Pistole,Corporate,West,Office Supplies,14.62
1902,2023-02,2023-02-10,Speros Goranitis,Consumer,Central,Office Supplies,15.552
1903,2023-02,2023-02-10,Speros Goranitis,Consumer,Central,Office Supplies,32.592
1904,2023-02,2023-02-10,Irene Maddox,Consumer,South,Office Supplies,7.27
1905,2023-02,2023-02-10,Mike Kennedy,Consumer,South,Technology,247.8
1906,2023-02,2023-02-10,Bart Pistole,Corporate,West,Technology,583.8
1907,2023-02,2023-02-10,Bart Pistole,Corporate,West,Technology,211.168
1908,2023-02,2023-02-10,Speros Goranitis,Consumer,Central,Technology,323.976
1909,2023-02,2023-02-11,Tony Sayre,Consumer,South,Furniture,662.88
1910,2023-02,2023-02-11,Carol Triggs,Consumer,West,Furniture,242.352
1911,2023-02,2023-02-11,Suzanne McNair,Corporate,East,Furniture,192.186
1912,2023-02,2023-02-11,Carol Triggs,Consumer,West,Furniture,51.968
1913,2023-02,2023-02-11,Mark Hamilton,Consumer,East,Furniture,190.848
1914,2023-02,2023-02-11,Penelope Sewall,Home Office,South,Furniture,455.1
1915,2023-02,2023-02-11,Penelope Sewall,Home Office,South,Furniture,2244.48
1916,2023-02,2023-02-11,William Brown,Consumer,Central,Office Supplies,19.432
1917,2023-02,2023-02-11,Tony Sayre,Consumer,South,Office Supplies,43.512
1918,2023-02,2023-02-11,Michael Chen,Consumer,West,Office Supplies,47.3
1919,2023-02,2023-02-11,Michael Chen,Consumer,West,Office Supplies,4.13
1920,2023-02,2023-02-11,Michael Chen,Consumer,West,Office Supplies,155.12
1921,2023-02,2023-02-11,Penelope Sewall,Home Office,South,Office Supplies,62.31
1922,2023-02,2023-02-11,Adrian Barton,Consumer,Central,Office Supplies,1103.97
1923,2023-02,2023-02-11,Michael Chen,Consumer,West,Office Supplies,487.984
1924,2023-02,2023-02-11,Keith Herrera,Consumer,West,Office Supplies,31.05
1925,2023-02,2023-02-11,Adrian Barton,Consumer,Central,Office Supplies,3.69
1926,2023-02,2023-02-11,Carol Triggs,Consumer,West,Office Supplies,221.92
1927,2023-02,2023-02-11,Tony Sayre,Consumer,South,Office Supplies,25.92
1928,2023-02,2023-02-11,Carol Triggs,Consumer,West,Office Supplies,8.448
1929,2023-02,2023-02-11,Penelope Sewall,Home Office,South,Office Supplies,122.48
1930,2023-02,2023-02-11,Toby Carlisle,Consumer,West,Technology,447.944
1931,2023-02,2023-02-11,Carol Triggs,Consumer,West,Technology,71.976
1932,2023-02,2023-02-11,William Brown,Consumer,Central,Technology,65.44
1933,2023-02,2023-02-11,Alan Barnes,Consumer,West,Furniture,94.2
1934,2023-02,2023-02-12,Gary McGarr,Consumer,West,Furniture,572.16
1935,2023-02,2023-02-12,Gary McGarr,Consumer,West,Furniture,1325.76
1936,2023-02,2023-02-12,Dennis Pardue,Home Office,South,Office Supplies,18.24
1937,2023-02,2023-02-12,John Castell,Consumer,East,Office Supplies,17.28
1938,2023-02,2023-02-13,Khloe Miller,Consumer,West,Office Supplies,11.76
1939,2023-02,2023-02-13,Nora Preis,Consumer,Central,Office Supplies,17.904
1940,2023-02,2023-02-13,Tamara Willingham,Home Office,East,Office Supplies,296.712
1941,2023-02,2023-02-13,Nora Preis,Consumer,Central,Office Supplies,124.032
1942,2023-02,2023-02-13,Nora Preis,Consumer,Central,Office Supplies,132.16
1943,2023-02,2023-02-13,Bradley Talbott,Home Office,East,Office Supplies,216.4
1944,2023-02,2023-02-14,Craig Carreira,Consumer,South,Furniture,64.784
1945,2023-02,2023-02-14,Tiffany House,Corporate,East,Furniture,53.316
1946,2023-02,2023-02-14,Sarah Foster,Consumer,Central,Office Supplies,207.24
1947,2023-02,2023-02-14,Tiffany House,Corporate,East,Office Supplies,56.52
1948,2023-02,2023-02-14,Craig Carreira,Consumer,South,Office Supplies,1.344
1949,2023-02,2023-02-14,Michelle Ellison,Corporate,Central,Office Supplies,5.184
1950,2023-02,2023-02-14,Craig Carreira,Consumer,South,Office Supplies,45.528
1951,2023-02,2023-02-14,Craig Carreira,Consumer,South,Office Supplies,424.272
1952,2023-02,2023-02-14,Craig Carreira,Consumer,South,Office Supplies,83.92
1953,2023-02,2023-02-15,Julie Creighton,Corporate,West,Furniture,292.272
1954,2023-02,2023-02-15,Ben Ferrer,Home Office,West,Furniture,23.99
1955,2023-02,2023-02-15,Resi Pölking,Consumer,East,Furniture,30.36
1956,2023-02,2023-02-15,Ben Ferrer,Home Office,West,Office Supplies,361.96
1957,2023-02,2023-02-15,Adam Shillingsburg,Consumer,West,Office Supplies,13.97
1958,2023-02,2023-02-15,Luke Foster,Consumer,South,Office Supplies,9.568
1959,2023-02,2023-02-15,Ben Ferrer,Home Office,West,Office Supplies,20.34
1960,2023-02,2023-02-15,Julie Creighton,Corporate,West,Office Supplies,142.86
1961,2023-02,2023-02-15,Ben Ferrer,Home Office,West,Technology,62.85
1962,2023-02,2023-02-15,Ben Ferrer,Home Office,West,Technology,173.656
1963,2023-02,2023-02-15,Ben Ferrer,Home Office,West,Technology,818.376
1964,2023-02,2023-02-17,Kelly Lampkin,Corporate,West,Furniture,230.352
1965,2023-02,2023-02-17,Alan Dominguez,Home Office,Central,Furniture,600.558
1966,2023-02,2023-02-17,Clytie Kelty,Consumer,West,Furniture,3.48
1967,2023-02,2023-02-17,Kelly Lampkin,Corporate,West,Furniture,218.352
1968,2023-02,2023-02-17,Kelly Lampkin,Corporate,West,Furniture,300.416
1969,2023-02,2023-02-17,Maureen Gnade,Consumer,East,Office Supplies,34.656
1970,2023-02,2023-02-17,Maureen Gnade,Consumer,East,Office Supplies,81.552
1971,2023-02,2023-02-17,Andy Yotov,Corporate,East,Office Supplies,8.016
1972,2023-02,2023-02-17,Christina Anderson,Consumer,Central,Office Supplies,8.69
1973,2023-02,2023-02-17,Kelly Lampkin,Corporate,West,Office Supplies,78.6
1974,2023-02,2023-02-17,Kelly Lampkin,Corporate,West,Office Supplies,27.552
1975,2023-02,2023-02-17,Maureen Gnade,Consumer,East,Office Supplies,18.264
1976,2023-02,2023-02-17,Tracy Blumstein,Consumer,East,Office Supplies,191.88
1977,2023-02,2023-02-17,Maureen Gnade,Consumer,East,Office Supplies,227.136
1978,2023-02,2023-02-17,Clytie Kelty,Consumer,West,Office Supplies,11.91
1979,2023-02,2023-02-18,Thomas Brumley,Home Office,East,Furniture,767.214
1980,2023-02,2023-02-18,Jeremy Farry,Consumer,West,Furniture,230.28
1981,2023-02,2023-02-18,Corey-Lock,Consumer,Central,Furniture,32.952
1982,2023-02,2023-02-18,Karl Braun,Consumer,East,Furniture,182.352
1983,2023-02,2023-02-18,Cynthia Delaney,Home Office,West,Office Supplies,10.98
1984,2023-02,2023-02-18,Nathan Cano,Consumer,Central,Office Supplies,4.984
1985,2023-02,2023-02-18,Cynthia Delaney,Home Office,West,Office Supplies,37.056
1986,2023-02,2023-02-18,Resi Pölking,Consumer,West,Office Supplies,946.764
1987,2023-02,2023-02-18,Cynthia Delaney,Home Office,West,Office Supplies,7.86
1988,2023-02,2023-02-18,Alyssa Tate,Home Office,West,Office Supplies,11.56
1989,2023-02,2023-02-18,Tamara Chand,Corporate,South,Office Supplies,23.92
1990,2023-02,2023-02-18,Jeremy Farry,Consumer,West,Office Supplies,12.84
1991,2023-02,2023-02-18,Corey-Lock,Consumer,Central,Office Supplies,30.016
1992,2023-02,2023-02-18,Karl Braun,Consumer,East,Office Supplies,118.16
1993,2023-02,2023-02-18,Cynthia Delaney,Home Office,West,Office Supplies,51.45
1994,2023-02,2023-02-18,Tamara Chand,Corporate,South,Technology,498.0
1995,2023-02,2023-02-19,Anthony Jacobs,Corporate,East,Office Supplies,1737.18
1996,2023-02,2023-02-19,Sung Pak,Corporate,East,Office Supplies,99.136
1997,2023-02,2023-02-19,Anthony Jacobs,Corporate,East,Office Supplies,141.76
1998,2023-02,2023-02-19,Anthony Jacobs,Corporate,East,Office Supplies,704.25
1999,2023-02,2023-02-19,Maribeth Dona,Consumer,West,Office Supplies,998.82
2000,2023-02,2023-02-19,Maribeth Dona,Consumer,West,Office Supplies,51.15
2001,2023-02,2023-02-20,Zuschuss Carroll,Consumer,Central,Furniture,38.976
2002,2023-02,2023-02-20,Anthony Johnson,Corporate,West,Furniture,24.9
2003,2023-02,2023-02-20,Anthony Johnson,Corporate,West,Furniture,70.56
2004,2023-02,2023-02-20,Michael Granlund,Home Office,Central,Furniture,8.736
2005,2023-02,2023-02-20,Ricardo Emerson,Consumer,East,Office Supplies,48.36
2006,2023-02,2023-02-20,Anthony Johnson,Corporate,West,Office Supplies,14.352
2007,2023-02,2023-02-20,Anthony Johnson,Corporate,West,Office Supplies,274.77
2008,2023-02,2023-02-20,Arianne Irving,Consumer,West,Office Supplies,88.8
2009,2023-02,2023-02-20,Anthony Johnson,Corporate,West,Office Supplies,21.12
2010,2023-02,2023-02-20,Debra Catini,Consumer,Central,Office Supplies,24.56
2011,2023-02,2023-02-20,Shui Tom,Consumer,West,Office Supplies,33.29
2012,2023-02,2023-02-20,Debra Catini,Consumer,Central,Technology,119.8
2013,2023-02,2023-02-20,Anthony Johnson,Corporate,West,Technology,767.952
2014,2023-02,2023-02-20,Arianne Irving,Consumer,West,Technology,319.968
2015,2023-02,2023-02-20,Anthony Johnson,Corporate,West,Technology,191.976
2016,2023-02,2023-02-20,Shui Tom,Consumer,West,Technology,23.976
2017,2023-02,2023-02-20,James Peterman,Corporate,East,Furniture,19.6
2018,2023-02,2023-02-20,Bruce Galang,Consumer,East,Furniture,101.12
2019,2023-02,2023-02-20,Bruce Galang,Consumer,East,Furniture,68.46
2020,2023-02,2023-02-20,Bruce Galang,Consumer,East,Furniture,68.46
2021,2023-02,2023-02-20,Bruce Galang,Consumer,East,Office Supplies,68.46
2022,2023-02,2023-02-20,Bruce Galang,Consumer,East,Office Supplies,19.6
2023,2023-02,2023-02-20,Bruce Galang,Consumer,East,Office Supplies,19.6
2024,2023-02,2023-02-21,Alex Russell,Corporate,East,Furniture,523.764
2025,2023-02,2023-02-21,Astrea Jones,Consumer,East,Office Supplies,122.94
2026,2023-02,2023-02-21,Ken Brennan,Corporate,Central,Office Supplies,9.84
2027,2023-02,2023-02-21,Stefania Perrino,Corporate,Central,Office Supplies,2.286
2028,2023-02,2023-02-21,Astrea Jones,Consumer,East,Office Supplies,35.448
2029,2023-02,2023-02-21,Maureen Fritzler,Corporate,West,Office Supplies,551.985
2030,2023-02,2023-02-21,Stefania Perrino,Corporate,Central,Office Supplies,12.984
2031,2023-02,2023-02-21,Dorothy Dickinson,Consumer,South,Office Supplies,39.128
2032,2023-02,2023-02-21,Stefania Perrino,Corporate,Central,Technology,47.984
2033,2023-02,2023-02-21,Guy Armstrong,Consumer,East,Technology,27.968
2034,2023-02,2023-02-21,Stefania Perrino,Corporate,Central,Technology,328.776
2035,2023-02,2023-02-21,Alex Russell,Corporate,East,Technology,251.964
2036,2023-02,2023-02-21,Stefania Perrino,Corporate,Central,Technology,217.584
2037,2023-02,2023-02-21,Harry Olson,Consumer,East,Office Supplies,3.024
2038,2023-02,2023-02-22,Katherine Murray,Home Office,East,Furniture,341.96
2039,2023-02,2023-02-22,Pamela Coakley,Corporate,East,Furniture,1573.488
2040,2023-02,2023-02-22,Katherine Murray,Home Office,East,Furniture,605.88
2041,2023-02,2023-02-22,Gary Mitchum,Home Office,East,Furniture,63.2
2042,2023-02,2023-02-22,Rob Williams,Corporate,Central,Office Supplies,29.68
2043,2023-02,2023-02-22,Candace McMahon,Corporate,Central,Office Supplies,49.568
2044,2023-02,2023-02-22,Aaron Hawkins,Corporate,East,Office Supplies,18.9
2045,2023-02,2023-02-22,Katherine Murray,Home Office,East,Office Supplies,14.94
2046,2023-02,2023-02-22,Katherine Murray,Home Office,East,Office Supplies,195.64
2047,2023-02,2023-02-22,Rob Williams,Corporate,Central,Technology,47.53
2048,2023-02,2023-02-22,Gary Mitchum,Home Office,East,Technology,113.97
2049,2023-02,2023-02-22,Katherine Murray,Home Office,East,Technology,1687.8
2050,2023-02,2023-02-22,Aaron Hawkins,Corporate,East,Technology,34.77
2051,2023-02,2023-02-22,James Lanier,Home Office,West,Technology,475.944
2052,2023-02,2023-02-24,Victoria Wilson,Corporate,East,Furniture,452.45
2053,2023-02,2023-02-24,Claudia Bergmann,Corporate,East,Office Supplies,9.84
2054,2023-02,2023-02-24,Victoria Wilson,Corporate,East,Office Supplies,23.68
2055,2023-02,2023-02-24,Claudia Bergmann,Corporate,East,Office Supplies,20.04
2056,2023-02,2023-02-24,Claudia Bergmann,Corporate,East,Office Supplies,85.52
2057,2023-02,2023-02-24,Victoria Wilson,Corporate,East,Technology,89.584
2058,2023-02,2023-02-24,Victoria Wilson,Corporate,East,Technology,1188.0
2059,2023-02,2023-02-24,Victoria Wilson,Corporate,East,Technology,62.982
2060,2023-02,2023-02-25,Amy Hunt,Consumer,Central,Furniture,1352.3976
2061,2023-02,2023-02-25,Amy Hunt,Consumer,Central,Office Supplies,7.056
2062,2023-02,2023-02-25,Sylvia Foulston,Corporate,Central,Office Supplies,10.368
2063,2023-02,2023-02-25,Amy Hunt,Consumer,Central,Technology,398.4
2064,2023-02,2023-02-26,Andrew Gjertsen,Corporate,South,Furniture,192.22
2065,2023-02,2023-02-26,Chris Selesnick,Corporate,Central,Office Supplies,32.34
2066,2023-02,2023-02-26,Chris Selesnick,Corporate,Central,Office Supplies,39.9
2067,2023-02,2023-02-27,Steven Roelle,Home Office,West,Furniture,61.584
2068,2023-02,2023-02-27,James Lanier,Home Office,West,Office Supplies,87.36
2069,2023-02,2023-02-27,Brooke Gillingham,Corporate,East,Office Supplies,59.52
2070,2023-02,2023-02-27,James Lanier,Home Office,West,Office Supplies,56.16
2071,2023-02,2023-02-27,Brooke Gillingham,Corporate,East,Office Supplies,13.168
2072,2023-02,2023-02-27,Brooke Gillingham,Corporate,East,Office Supplies,17.48
2073,2023-02,2023-02-28,Stefania Perrino,Corporate,West,Office Supplies,1.938
2074,2023-02,2023-02-28,Stefania Perrino,Corporate,West,Office Supplies,29.6
2075,2023-03,2023-03-03,Craig Carroll,Consumer,South,Office Supplies,163.44
2076,2023-03,2023-03-03,Craig Carroll,Consumer,South,Office Supplies,42.76
2077,2023-03,2023-03-03,Craig Carroll,Consumer,South,Office Supplies,106.32
2078,2023-03,2023-03-03,Craig Carroll,Consumer,South,Office Supplies,51.55
2079,2023-03,2023-03-04,Michael Moore,Consumer,East,Furniture,1018.104
2080,2023-03,2023-03-06,Cindy Schnelling,Corporate,East,Office Supplies,10.368
2081,2023-03,2023-03-06,Yana Sorensen,Corporate,East,Office Supplies,465.18
2082,2023-03,2023-03-06,Cindy Schnelling,Corporate,East,Technology,10.384
2083,2023-03,2023-03-06,Cindy Schnelling,Corporate,East,Technology,26.376
2084,2023-03,2023-03-06,Cindy Schnelling,Corporate,East,Technology,107.118
2085,2023-03,2023-03-06,Cindy Schnelling,Corporate,East,Technology,235.188
2086,2023-03,2023-03-07,Philip Brown,Consumer,West,Furniture,77.6
2087,2023-03,2023-03-07,Philip Brown,Consumer,West,Furniture,464.85
2088,2023-03,2023-03-07,Philip Brown,Consumer,West,Office Supplies,70.008
2089,2023-03,2023-03-07,Karen Seio,Corporate,South,Office Supplies,9.82
2090,2023-03,2023-03-11,Joni Sundaresam,Home Office,Central,Furniture,254.744
2091,2023-03,2023-03-11,Scott Cohen,Corporate,East,Office Supplies,6.68
2092,2023-03,2023-03-11,Amy Hunt,Consumer,South,Office Supplies,88.96
2093,2023-03,2023-03-11,Scott Cohen,Corporate,East,Office Supplies,6.68
2094,2023-03,2023-03-13,Paul MacIntyre,Consumer,Central,Furniture,199.304
2095,2023-03,2023-03-13,Paul MacIntyre,Consumer,Central,Furniture,102.438
2096,2023-03,2023-03-15,Jane Waco,Corporate,East,Furniture,24.3
2097,2023-03,2023-03-15,Jane Waco,Corporate,East,Furniture,9.48
2098,2023-03,2023-03-15,Jane Waco,Corporate,East,Furniture,31.4
2099,2023-03,2023-03-15,Jane Waco,Corporate,East,Office Supplies,6.48
2100,2023-03,2023-03-15,Jane Waco,Corporate,East,Technology,209.5
2101,2023-03,2023-03-17,Carl Weiss,Home Office,West,Office Supplies,14.62
2102,2023-03,2023-03-17,Carl Weiss,Home Office,West,Office Supplies,29.04
2103,2023-03,2023-03-18,Cyra Reiten,Home Office,South,Office Supplies,13.12
2104,2023-03,2023-03-20,Elizabeth Moffitt,Corporate,West,Office Supplies,182.72
2105,2023-03,2023-03-21,Seth Vernon,Consumer,East,Furniture,181.986
2106,2023-03,2023-03-21,Sean Christensen,Consumer,West,Furniture,2803.92
2107,2023-03,2023-03-21,Seth Vernon,Consumer,East,Technology,431.976
2108,2023-03,2023-03-21,Seth Vernon,Consumer,East,Technology,155.37
2109,2023-03,2023-03-22,Joseph Holt,Consumer,South,Furniture,4297.644
2110,2023-03,2023-03-24,Charles Crestani,Consumer,West,Furniture,227.36
2111,2023-03,2023-03-24,Jeremy Pistek,Consumer,Central,Office Supplies,14.304
2112,2023-03,2023-03-24,Charles Crestani,Consumer,West,Technology,1919.976
2113,2023-03,2023-03-25,Karl Braun,Consumer,Central,Furniture,53.34
2114,2023-03,2023-03-25,Karl Braun,Consumer,Central,Office Supplies,32.96
2115,2023-03,2023-03-25,Karl Braun,Consumer,Central,Office Supplies,12.96
2116,2023-03,2023-03-28,Pauline Webber,Corporate,East,Furniture,90.882
2117,2023-03,2023-03-28,Allen Armold,Consumer,Central,Furniture,28.4
2118,2023-03,2023-03-28,Rick Wilson,Corporate,West,Furniture,136.92
2119,2023-03,2023-03-28,Ken Heidel,Corporate,West,Office Supplies,12.144
2120,2023-03,2023-03-28,Frank Olsen,Consumer,South,Office Supplies,74.52
2121,2023-03,2023-03-28,Allen Armold,Consumer,Central,Technology,149.97
2122,2023-03,2023-03-31,Ivan Liston,Consumer,East,Furniture,283.92
2123,2023-03,2023-03-31,Ivan Liston,Consumer,East,Furniture,1268.82
2124,2023-03,2023-03-31,Ivan Liston,Consumer,East,Office Supplies,5.68
2125,2023-03,2023-03-31,Victoria Wilson,Corporate,West,Office Supplies,5.28
2126,2023-03,2023-03-31,Trudy Schmidt,Consumer,Central,Office Supplies,2.934
2127,2023-03,2023-03-31,Lori Olson,Corporate,South,Office Supplies,29.9
2128,2023-03,2023-03-31,Lori Olson,Corporate,South,Office Supplies,146.73
2129,2023-03,2023-03-31,Trudy Schmidt,Consumer,Central,Office Supplies,670.752
2130,2023-03,2023-03-31,Trudy Schmidt,Consumer,Central,Technology,18.528
2131,2023-04,2023-04-01,Damala Kotsonis,Corporate,South,Office Supplies,311.15
2132,2023-04,2023-04-01,Damala Kotsonis,Corporate,South,Office Supplies,12.96
2133,2023-04,2023-04-02,Brosina Hoffman,Consumer,Central,Office Supplies,5.76
2134,2023-04,2023-04-02,Brosina Hoffman,Consumer,Central,Office Supplies,5.81
2135,2023-04,2023-04-02,Brosina Hoffman,Consumer,Central,Office Supplies,9.54
2136,2023-04,2023-04-02,Lisa Hazard,Consumer,East,Technology,107.982
2137,2023-04,2023-04-03,Sarah Jordon,Consumer,West,Furniture,203.92
2138,2023-04,2023-04-03,Frank Atkinson,Corporate,Central,Furniture,40.784
2139,2023-04,2023-04-03,Frank Atkinson,Corporate,Central,Office Supplies,40.096
2140,2023-04,2023-04-03,Michael Stewart,Corporate,Central,Technology,20.8
2141,2023-04,2023-04-03,Jill Fjeld,Consumer,Central,Technology,479.952
2142,2023-04,2023-04-04,Nona Balk,Corporate,East,Office Supplies,77.24
2143,2023-04,2023-04-08,Karl Braun,Consumer,East,Office Supplies,14.352
2144,2023-04,2023-04-08,Karl Braun,Consumer,East,Office Supplies,14.952
2145,2023-04,2023-04-08,Karl Braun,Consumer,East,Office Supplies,2.286
2146,2023-04,2023-04-08,Ted Trevino,Consumer,East,Office Supplies,26.424
2147,2023-04,2023-04-08,Karl Braun,Consumer,East,Technology,71.976
2148,2023-04,2023-04-08,Ted Trevino,Consumer,East,Technology,625.99
2149,2023-04,2023-04-08,Karl Braun,Consumer,East,Technology,323.982
2150,2023-04,2023-04-09,Justin MacKendrick,Consumer,West,Office Supplies,541.44
2151,2023-04,2023-04-09,Justin MacKendrick,Consumer,West,Office Supplies,11.52
2152,2023-04,2023-04-09,Justin MacKendrick,Consumer,West,Office Supplies,41.72
2153,2023-04,2023-04-09,Justin MacKendrick,Consumer,West,Office Supplies,19.44
2154,2023-04,2023-04-09,Justin MacKendrick,Consumer,West,Office Supplies,13.36
2155,2023-04,2023-04-09,Roy Phan,Corporate,Central,Technology,139.95
2156,2023-04,2023-04-09,Roy Phan,Corporate,Central,Technology,699.98
2157,2023-04,2023-04-09,Roy Phan,Corporate,Central,Technology,134.97
2158,2023-04,2023-04-10,Rob Dowd,Consumer,West,Office Supplies,87.71
2159,2023-04,2023-04-10,Rob Dowd,Consumer,West,Office Supplies,36.84
2160,2023-04,2023-04-10,Sung Pak,Corporate,East,Office Supplies,35.88
2161,2023-04,2023-04-12,Guy Thornton,Consumer,West,Furniture,35.544
2162,2023-04,2023-04-12,Ann Blume,Corporate,West,Office Supplies,9.24
2163,2023-04,2023-04-12,Guy Thornton,Consumer,West,Office Supplies,61.06
2164,2023-04,2023-04-14,Kelly Andreada,Consumer,East,Office Supplies,286.79
2165,2023-04,2023-04-14,Liz MacKendrick,Consumer,South,Technology,29.99
2166,2023-04,2023-04-15,Pierre Wener,Consumer,East,Office Supplies,2541.98
2167,2023-04,2023-04-15,Joe Elijah,Consumer,West,Office Supplies,49.12
2168,2023-04,2023-04-16,Penelope Sewall,Home Office,Central,Office Supplies,79.36
2169,2023-04,2023-04-17,Lindsay Castell,Home Office,East,Office Supplies,26.88
2170,2023-04,2023-04-17,Lindsay Castell,Home Office,East,Office Supplies,10.896
2171,2023-04,2023-04-19,Sung Shariari,Consumer,East,Office Supplies,3.15
2172,2023-04,2023-04-19,Sung Shariari,Consumer,East,Office Supplies,22.72
2173,2023-04,2023-04-21,Erin Smith,Corporate,East,Furniture,493.92
2174,2023-04,2023-04-21,Bill Tyler,Corporate,East,Office Supplies,16.032
2175,2023-04,2023-04-21,Bill Tyler,Corporate,East,Office Supplies,4.419
2176,2023-04,2023-04-21,Nora Paige,Consumer,West,Technology,538.92
2177,2023-04,2023-04-21,Erin Smith,Corporate,East,Technology,105.98
2178,2023-04,2023-04-22,Valerie Dominguez,Consumer,South,Furniture,389.696
2179,2023-04,2023-04-22,Valerie Dominguez,Consumer,South,Furniture,161.568
2180,2023-04,2023-04-23,Craig Molinari,Corporate,Central,Furniture,1227.9984
2181,2023-04,2023-04-23,Dave Hallsten,Corporate,West,Furniture,184.752
2182,2023-04,2023-04-23,Resi Pölking,Consumer,East,Office Supplies,3.552
2183,2023-04,2023-04-23,Craig Molinari,Corporate,Central,Office Supplies,55.328
2184,2023-04,2023-04-23,Shui Tom,Consumer,South,Office Supplies,58.72
2185,2023-04,2023-04-23,Dave Hallsten,Corporate,West,Technology,15.984
2186,2023-04,2023-04-23,Tracy Poddar,Corporate,Central,Technology,95.84
2187,2023-04,2023-04-24,Dave Kipp,Consumer,West,Furniture,787.53
2188,2023-04,2023-04-24,Pete Armstrong,Home Office,Central,Office Supplies,10.16
2189,2023-04,2023-04-24,Pete Armstrong,Home Office,Central,Office Supplies,101.88
2190,2023-04,2023-04-27,Luke Foster,Consumer,East,Furniture,383.607
2191,2023-04,2023-04-27,Alan Haines,Corporate,East,Furniture,99.372
2192,2023-04,2023-04-27,Maribeth Schnelling,Consumer,Central,Furniture,4.712
2193,2023-04,2023-04-27,Alan Haines,Corporate,East,Furniture,33.568
2194,2023-04,2023-04-27,Maribeth Schnelling,Consumer,Central,Office Supplies,180.98
2195,2023-04,2023-04-27,Sarah Foster,Consumer,Central,Office Supplies,60.69
2196,2023-04,2023-04-27,Maribeth Schnelling,Consumer,Central,Office Supplies,11.212
2197,2023-04,2023-04-27,Katherine Nockton,Corporate,East,Office Supplies,2.556
2198,2023-04,2023-04-27,Luke Foster,Consumer,East,Office Supplies,29.34
2199,2023-04,2023-04-27,Jennifer Jackson,Consumer,Central,Office Supplies,7.104
2200,2023-04,2023-04-27,Luke Foster,Consumer,East,Office Supplies,563.4
2201,2023-04,2023-04-27,Maribeth Schnelling,Consumer,Central,Office Supplies,60.416
2202,2023-04,2023-04-27,Katherine Nockton,Corporate,East,Technology,10.312
2203,2023-04,2023-04-27,Mike Vittorini,Consumer,Central,Technology,31.92
2204,2023-04,2023-04-27,Katherine Nockton,Corporate,East,Technology,466.158
2205,2023-04,2023-04-27,Sarah Foster,Consumer,Central,Technology,23.92
2206,2023-04,2023-04-28,John Lucas,Consumer,West,Furniture,435.26
2207,2023-04,2023-04-28,John Lucas,Consumer,West,Technology,1119.984
2208,2023-04,2023-04-29,Eugene Moren,Home Office,East,Office Supplies,30.44
2209,2023-04,2023-04-29,Eugene Moren,Home Office,East,Office Supplies,69.28
2210,2023-04,2023-04-29,Eugene Moren,Home Office,East,Technology,119.85
2211,2023-04,2023-04-29,Eugene Moren,Home Office,East,Technology,587.97
2212,2023-04,2023-04-30,Dana Kaydos,Consumer,Central,Furniture,512.94
2213,2023-04,2023-04-30,Dana Kaydos,Consumer,Central,Furniture,860.93
2214,2023-04,2023-04-30,Dana Kaydos,Consumer,Central,Furniture,373.08
2215,2023-04,2023-04-30,Fred Chung,Corporate,West,Office Supplies,3.408
2216,2023-04,2023-04-30,Dana Kaydos,Consumer,Central,Office Supplies,14.98
2217,2023-04,2023-04-30,Frank Olsen,Consumer,Central,Office Supplies,8.568
2218,2023-04,2023-04-30,Anthony Rawles,Corporate,East,Office Supplies,19.44
2219,2023-04,2023-04-30,Dana Kaydos,Consumer,Central,Technology,769.95
2220,2023-05,2023-05-01,Toby Gnade,Consumer,South,Office Supplies,4.608
2221,2023-05,2023-05-01,Noel Staavos,Corporate,Central,Technology,113.52
2222,2023-05,2023-05-01,Noel Staavos,Corporate,Central,Technology,359.88
2223,2023-05,2023-05-02,Toby Swindell,Consumer,Central,Office Supplies,1.112
2224,2023-05,2023-05-02,Ken Black,Corporate,East,Office Supplies,89.82
2225,2023-05,2023-05-04,Edward Becker,Corporate,South,Furniture,6.408
2226,2023-05,2023-05-04,Edward Becker,Corporate,South,Furniture,30.88
2227,2023-05,2023-05-04,Edward Becker,Corporate,South,Office Supplies,8.688
2228,2023-05,2023-05-04,Evan Bailliet,Consumer,South,Office Supplies,5.04
2229,2023-05,2023-05-05,Marc Crier,Consumer,West,Furniture,141.96
2230,2023-05,2023-05-05,Nicole Fjeld,Home Office,West,Furniture,915.136
2231,2023-05,2023-05-05,Nicole Fjeld,Home Office,West,Furniture,327.76
2232,2023-05,2023-05-05,Nicole Fjeld,Home Office,West,Furniture,915.136
2233,2023-05,2023-05-05,Nicole Fjeld,Home Office,West,Furniture,327.76
2234,2023-05,2023-05-06,Emily Phan,Consumer,East,Office Supplies,671.94
2235,2023-05,2023-05-06,Emily Phan,Consumer,East,Office Supplies,16.52
2236,2023-05,2023-05-06,Arianne Irving,Consumer,West,Office Supplies,19.44
2237,2023-05,2023-05-07,Karen Seio,Corporate,West,Technology,16.776
2238,2023-05,2023-05-08,Monica Federle,Corporate,West,Furniture,43.13
2239,2023-05,2023-05-08,Jeremy Ellison,Consumer,West,Furniture,171.96
2240,2023-05,2023-05-08,Christopher Martinez,Consumer,South,Office Supplies,2.74
2241,2023-05,2023-05-08,Jim Kriz,Home Office,East,Office Supplies,17.52
2242,2023-05,2023-05-08,Christopher Martinez,Consumer,South,Office Supplies,8.34
2243,2023-05,2023-05-08,Christopher Martinez,Consumer,South,Office Supplies,6354.95
2244,2023-05,2023-05-08,Maurice Satty,Consumer,South,Office Supplies,7.38
2245,2023-05,2023-05-08,Maurice Satty,Consumer,South,Office Supplies,491.55
2246,2023-05,2023-05-08,Christopher Martinez,Consumer,South,Office Supplies,46.74
2247,2023-05,2023-05-08,Michael Stewart,Corporate,East,Technology,85.9
2248,2023-05,2023-05-09,Harold Ryan,Corporate,East,Office Supplies,33.82
2249,2023-05,2023-05-09,Harold Ryan,Corporate,East,Technology,15.02
2250,2023-05,2023-05-11,Corinna Mitchell,Home Office,Central,Furniture,383.4656
2251,2023-05,2023-05-11,Berenike Kampe,Consumer,West,Office Supplies,17.568
2252,2023-05,2023-05-11,Guy Armstrong,Consumer,West,Office Supplies,10.9
2253,2023-05,2023-05-11,Berenike Kampe,Consumer,West,Office Supplies,14.62
2254,2023-05,2023-05-11,Corinna Mitchell,Home Office,Central,Office Supplies,65.584
2255,2023-05,2023-05-11,Dan Campbell,Consumer,South,Office Supplies,14.496
2256,2023-05,2023-05-11,Mike Caudle,Corporate,West,Office Supplies,11.96
2257,2023-05,2023-05-11,Berenike Kampe,Consumer,West,Office Supplies,40.14
2258,2023-05,2023-05-11,Fred Hopkins,Corporate,West,Office Supplies,209.7
2259,2023-05,2023-05-11,Fred Hopkins,Corporate,West,Office Supplies,1247.64
2260,2023-05,2023-05-11,Berenike Kampe,Consumer,West,Office Supplies,33.36
2261,2023-05,2023-05-11,Fred Hopkins,Corporate,West,Technology,3149.93
2262,2023-05,2023-05-11,Jesus Ocampo,Home Office,West,Technology,453.576
2263,2023-05,2023-05-12,Joe Kamberova,Consumer,Central,Office Supplies,2.512
2264,2023-05,2023-05-12,Dave Hallsten,Corporate,East,Office Supplies,1087.936
2265,2023-05,2023-05-12,Dave Hallsten,Corporate,East,Office Supplies,49.848
2266,2023-05,2023-05-12,Dave Hallsten,Corporate,East,Office Supplies,23.99
2267,2023-05,2023-05-12,Joe Kamberova,Consumer,Central,Office Supplies,18.864
2268,2023-05,2023-05-12,Bart Watters,Corporate,Central,Office Supplies,51.84
2269,2023-05,2023-05-12,Dave Hallsten,Corporate,East,Office Supplies,83.92
2270,2023-05,2023-05-12,Bryan Mills,Consumer,West,Office Supplies,29.304
2271,2023-05,2023-05-12,Dave Hallsten,Corporate,East,Technology,199.98
2272,2023-05,2023-05-13,Julia West,Consumer,South,Office Supplies,962.08
2273,2023-05,2023-05-13,Julia West,Consumer,South,Office Supplies,12.843
2274,2023-05,2023-05-13,Julia West,Consumer,South,Office Supplies,295.456
2275,2023-05,2023-05-13,Frank Gastineau,Home Office,East,Office Supplies,9.48
2276,2023-05,2023-05-14,Justin Deggeller,Corporate,West,Furniture,91.96
2277,2023-05,2023-05-14,Fred Wasserman,Corporate,South,Office Supplies,19.56
2278,2023-05,2023-05-14,Dean Braden,Consumer,Central,Office Supplies,14.112
2279,2023-05,2023-05-14,Justin Deggeller,Corporate,West,Office Supplies,105.52
2280,2023-05,2023-05-14,Dean Braden,Consumer,Central,Office Supplies,129.568
2281,2023-05,2023-05-14,Debra Catini,Consumer,South,Office Supplies,150.408
2282,2023-05,2023-05-14,Dean Braden,Consumer,Central,Technology,18.392
2283,2023-05,2023-05-14,Debra Catini,Consumer,South,Technology,447.944
2284,2023-05,2023-05-14,Ruben Dartt,Consumer,West,Technology,15.984
2285,2023-05,2023-05-14,Justin Deggeller,Corporate,West,Technology,1487.976
2286,2023-05,2023-05-15,Julia Dunbar,Consumer,Central,Furniture,107.772
2287,2023-05,2023-05-15,Sheri Gordon,Consumer,South,Office Supplies,31.56
2288,2023-05,2023-05-15,Bart Pistole,Corporate,West,Office Supplies,33.36
2289,2023-05,2023-05-15,Alice McCarthy,Corporate,West,Office Supplies,192.72
2290,2023-05,2023-05-15,Sheri Gordon,Consumer,South,Office Supplies,27.92
2291,2023-05,2023-05-15,Alice McCarthy,Corporate,West,Technology,239.97
2292,2023-05,2023-05-16,Dennis Pardue,Home Office,Central,Furniture,359.058
2293,2023-05,2023-05-16,Cathy Prescott,Corporate,West,Furniture,46.9
2294,2023-05,2023-05-16,Ben Peterman,Corporate,South,Office Supplies,6.992
2295,2023-05,2023-05-18,Ellis Ballard,Corporate,West,Furniture,3393.68
2296,2023-05,2023-05-18,Suzanne McNair,Corporate,East,Office Supplies,13.11
2297,2023-05,2023-05-18,Benjamin Venier,Corporate,South,Office Supplies,74.352
2298,2023-05,2023-05-18,Gene McClure,Consumer,East,Office Supplies,40.032
2299,2023-05,2023-05-18,Suzanne McNair,Corporate,East,Office Supplies,1085.42
2300,2023-05,2023-05-18,Gene McClure,Consumer,East,Technology,16.776
2301,2023-05,2023-05-19,Mark Van Huff,Consumer,West,Office Supplies,83.7
2302,2023-05,2023-05-20,John Huston,Consumer,East,Office Supplies,22.92
2303,2023-05,2023-05-20,Chloris Kastensmidt,Consumer,East,Office Supplies,5.232
2304,2023-05,2023-05-20,Alan Barnes,Consumer,West,Office Supplies,33.4
2305,2023-05,2023-05-20,Chloris Kastensmidt,Consumer,East,Office Supplies,15.552
2306,2023-05,2023-05-20,Alan Barnes,Consumer,West,Technology,166.24
2307,2023-05,2023-05-21,Sara Luxemburg,Home Office,South,Furniture,1166.92
2308,2023-05,2023-05-21,Richard Bierner,Consumer,West,Furniture,19.92
2309,2023-05,2023-05-21,Denny Ordway,Consumer,West,Office Supplies,73.28
2310,2023-05,2023-05-21,Alan Shonely,Consumer,South,Office Supplies,5.56
2311,2023-05,2023-05-21,Richard Bierner,Consumer,West,Office Supplies,9.87
2312,2023-05,2023-05-21,Richard Bierner,Consumer,West,Office Supplies,212.64
2313,2023-05,2023-05-21,Chad McGuire,Consumer,East,Office Supplies,17.64
2314,2023-05,2023-05-21,Richard Bierner,Consumer,West,Technology,53.25
2315,2023-05,2023-05-22,Daniel Raglin,Home Office,Central,Furniture,366.744
2316,2023-05,2023-05-22,Fred Chung,Corporate,Central,Office Supplies,23.52
2317,2023-05,2023-05-22,Fred Chung,Corporate,Central,Technology,180.96
2318,2023-05,2023-05-23,Ed Braxton,Corporate,Central,Furniture,22.38
2319,2023-05,2023-05-23,Ed Braxton,Corporate,Central,Office Supplies,98.376
2320,2023-05,2023-05-23,Scott Cohen,Corporate,South,Technology,79.96
2321,2023-05,2023-05-25,Michael Oakman,Consumer,Central,Office Supplies,32.192
2322,2023-05,2023-05-25,Cari Sayre,Corporate,Central,Office Supplies,9.156
2323,2023-05,2023-05-25,Michael Oakman,Consumer,Central,Technology,50.12
2324,2023-05,2023-05-25,Michael Oakman,Consumer,Central,Technology,47.976
2325,2023-05,2023-05-25,John Dryer,Consumer,West,Technology,71.976
2326,2023-05,2023-05-25,John Lucas,Consumer,West,Technology,87.8
2327,2023-05,2023-05-27,Nicole Fjeld,Home Office,East,Furniture,108.4
2328,2023-05,2023-05-27,Nat Carroll,Consumer,Central,Office Supplies,644.076
2329,2023-05,2023-05-27,Nicole Fjeld,Home Office,East,Office Supplies,11.16
2330,2023-05,2023-05-27,Nicole Fjeld,Home Office,East,Office Supplies,82.344
2331,2023-05,2023-05-27,Nat Carroll,Consumer,Central,Office Supplies,12.76
2332,2023-05,2023-05-27,Nicole Fjeld,Home Office,East,Office Supplies,9.088
2333,2023-05,2023-05-27,Nat Carroll,Consumer,Central,Office Supplies,5.84
2334,2023-05,2023-05-27,Nat Carroll,Consumer,Central,Technology,599.98
2335,2023-05,2023-05-27,Nat Carroll,Consumer,Central,Technology,10.95
2336,2023-05,2023-05-28,Valerie Takahito,Home Office,East,Furniture,352.45
2337,2023-05,2023-05-28,Carol Adams,Corporate,West,Furniture,892.224
2338,2023-05,2023-05-28,Valerie Takahito,Home Office,East,Furniture,7.584
2339,2023-05,2023-05-28,Valerie Takahito,Home Office,East,Furniture,547.136
2340,2023-05,2023-05-28,Valerie Takahito,Home Office,East,Office Supplies,98.112
2341,2023-05,2023-05-28,Jennifer Ferguson,Consumer,West,Office Supplies,23.84
2342,2023-05,2023-05-28,Valerie Takahito,Home Office,East,Office Supplies,10.428
2343,2023-05,2023-05-28,Greg Guthrie,Corporate,South,Office Supplies,157.794
2344,2023-05,2023-05-28,Ted Trevino,Consumer,East,Office Supplies,23.904
2345,2023-05,2023-05-28,Valerie Takahito,Home Office,East,Office Supplies,563.808
2346,2023-05,2023-05-28,Jennifer Ferguson,Consumer,West,Technology,239.94
2347,2023-05,2023-05-28,Valerie Takahito,Home Office,East,Technology,14.85
2348,2023-05,2023-05-28,Valerie Takahito,Home Office,East,Technology,41.988
2349,2023-05,2023-05-29,Thomas Thornton,Consumer,Central,Office Supplies,42.048
2350,2023-05,2023-05-29,Thomas Thornton,Consumer,Central,Office Supplies,9.648
2351,2023-05,2023-05-29,Thomas Thornton,Consumer,Central,Office Supplies,6.9
2352,2023-05,2023-05-29,Mark Hamilton,Consumer,South,Office Supplies,47.952
2353,2023-05,2023-05-29,Thomas Thornton,Consumer,Central,Office Supplies,7.968
2354,2023-05,2023-05-29,Thomas Thornton,Consumer,Central,Technology,25.488
2355,2023-05,2023-05-30,Peter Fuller,Consumer,Central,Office Supplies,463.248
2356,2023-05,2023-05-30,Frank Merwin,Home Office,East,Office Supplies,11.736
2357,2023-05,2023-05-30,Resi Pölking,Consumer,East,Office Supplies,25.92
2358,2023-05,2023-05-30,Resi Pölking,Consumer,East,Office Supplies,22.58
2359,2023-05,2023-05-30,Peter Fuller,Consumer,Central,Technology,383.952
2360,2023-06,2023-06-01,Jay Kimmel,Consumer,West,Furniture,369.912
2361,2023-06,2023-06-01,Ivan Gibson,Consumer,East,Office Supplies,370.14
2362,2023-06,2023-06-01,Mick Crebagga,Consumer,East,Office Supplies,17.94
2363,2023-06,2023-06-02,Eugene Hildebrand,Home Office,East,Office Supplies,14.67
2364,2023-06,2023-06-02,Dario Medina,Corporate,West,Office Supplies,12.832
2365,2023-06,2023-06-02,Eugene Hildebrand,Home Office,East,Office Supplies,142.04
2366,2023-06,2023-06-03,Patrick Ryan,Consumer,South,Furniture,54.528
2367,2023-06,2023-06-03,Patrick Ryan,Consumer,South,Furniture,67.36
2368,2023-06,2023-06-03,Sanjit Engle,Consumer,East,Office Supplies,406.6
2369,2023-06,2023-06-03,Andy Reiter,Consumer,West,Office Supplies,52.76
2370,2023-06,2023-06-03,Sanjit Engle,Consumer,East,Technology,85.14
2371,2023-06,2023-06-03,Andy Reiter,Consumer,West,Technology,639.968
2372,2023-06,2023-06-03,Sanjit Engle,Consumer,East,Technology,21.99
2373,2023-06,2023-06-04,Robert Dilbeck,Home Office,West,Office Supplies,40.74
2374,2023-06,2023-06-05,Bill Tyler,Corporate,West,Furniture,37.68
2375,2023-06,2023-06-05,Frank Preis,Consumer,Central,Furniture,609.98
2376,2023-06,2023-06-05,Eugene Barchas,Consumer,West,Furniture,241.568
2377,2023-06,2023-06-05,Frank Preis,Consumer,Central,Furniture,211.372
2378,2023-06,2023-06-05,Zuschuss Carroll,Consumer,West,Furniture,710.832
2379,2023-06,2023-06-05,Bill Tyler,Corporate,West,Office Supplies,75.84
2380,2023-06,2023-06-05,Sonia Sunley,Consumer,Central,Office Supplies,17.43
2381,2023-06,2023-06-05,Heather Jas,Home Office,West,Office Supplies,31.104
2382,2023-06,2023-06-05,Heather Jas,Home Office,West,Office Supplies,54.816
2383,2023-06,2023-06-05,Thea Hendricks,Consumer,West,Office Supplies,10.744
2384,2023-06,2023-06-05,Anthony Witt,Consumer,West,Office Supplies,12.88
2385,2023-06,2023-06-05,Zuschuss Carroll,Consumer,West,Technology,199.96
2386,2023-06,2023-06-05,Frank Preis,Consumer,Central,Technology,239.976
2387,2023-06,2023-06-05,Eugene Barchas,Consumer,West,Technology,479.92
2388,2023-06,2023-06-05,Bill Tyler,Corporate,West,Technology,258.576
2389,2023-06,2023-06-06,Theone Pippenger,Consumer,West,Office Supplies,35.208
2390,2023-06,2023-06-08,Lauren Leatherbury,Consumer,South,Furniture,523.26
2391,2023-06,2023-06-08,Denise Monton,Corporate,East,Furniture,127.764
2392,2023-06,2023-06-08,Lauren Leatherbury,Consumer,South,Furniture,1196.86
2393,2023-06,2023-06-08,Theresa Swint,Corporate,East,Office Supplies,45.216
2394,2023-06,2023-06-08,Theresa Swint,Corporate,East,Office Supplies,7.872
2395,2023-06,2023-06-08,Lauren Leatherbury,Consumer,South,Office Supplies,9.14
2396,2023-06,2023-06-08,Theresa Swint,Corporate,East,Office Supplies,55.47
2397,2023-06,2023-06-08,Brad Norvell,Corporate,East,Office Supplies,12.576
2398,2023-06,2023-06-08,Theresa Swint,Corporate,East,Office Supplies,1.448
2399,2023-06,2023-06-08,Theresa Swint,Corporate,East,Office Supplies,10.416
2400,2023-06,2023-06-08,Sarah Brown,Consumer,Central,Technology,43.56
2401,2023-06,2023-06-08,Sarah Brown,Consumer,Central,Technology,1439.968
2402,2023-06,2023-06-08,Lauren Leatherbury,Consumer,South,Technology,569.64
2403,2023-06,2023-06-08,Theresa Swint,Corporate,East,Technology,118.782
2404,2023-06,2023-06-09,George Ashbrook,Consumer,West,Office Supplies,1447.65
2405,2023-06,2023-06-09,Jessica Myrick,Consumer,East,Office Supplies,10.71
2406,2023-06,2023-06-09,George Ashbrook,Consumer,West,Office Supplies,5.56
2407,2023-06,2023-06-09,Jessica Myrick,Consumer,East,Office Supplies,62.296
2408,2023-06,2023-06-09,George Ashbrook,Consumer,West,Office Supplies,11.96
2409,2023-06,2023-06-09,George Ashbrook,Consumer,West,Technology,323.37
2410,2023-06,2023-06-09,Jessica Myrick,Consumer,East,Technology,99.6
2411,2023-06,2023-06-09,George Ashbrook,Consumer,West,Technology,783.96
2412,2023-06,2023-06-10,Michael Paige,Corporate,Central,Furniture,56.686
2413,2023-06,2023-06-10,Darren Powers,Consumer,Central,Furniture,89.99
2414,2023-06,2023-06-10,Darren Powers,Consumer,Central,Furniture,6.16
2415,2023-06,2023-06-10,Michael Paige,Corporate,Central,Office Supplies,74.352
2416,2023-06,2023-06-10,Michael Paige,Corporate,Central,Office Supplies,7.872
2417,2023-06,2023-06-10,Michael Paige,Corporate,Central,Office Supplies,1.476
2418,2023-06,2023-06-10,Michael Paige,Corporate,Central,Office Supplies,4.312
2419,2023-06,2023-06-10,Darren Powers,Consumer,Central,Office Supplies,38.22
2420,2023-06,2023-06-10,Darren Powers,Consumer,Central,Office Supplies,75.18
2421,2023-06,2023-06-10,Roland Fjeld,Consumer,East,Office Supplies,21.93
2422,2023-06,2023-06-10,Deanra Eno,Home Office,West,Office Supplies,61.96
2423,2023-06,2023-06-10,Michael Paige,Corporate,Central,Office Supplies,15.552
2424,2023-06,2023-06-10,Nathan Cano,Consumer,West,Office Supplies,115.44
2425,2023-06,2023-06-10,Deanra Eno,Home Office,West,Office Supplies,947.17
2426,2023-06,2023-06-10,Kelly Williams,Consumer,South,Technology,106.5
2427,2023-06,2023-06-10,Michael Paige,Corporate,Central,Technology,41.424
2428,2023-06,2023-06-10,Michael Paige,Corporate,Central,Technology,97.968
2429,2023-06,2023-06-10,Michael Paige,Corporate,Central,Technology,244.768
2430,2023-06,2023-06-11,Patrick Gardner,Consumer,Central,Office Supplies,19.568
2431,2023-06,2023-06-11,Patrick Gardner,Consumer,Central,Office Supplies,310.392
2432,2023-06,2023-06-12,Theresa Swint,Corporate,South,Furniture,595.38
2433,2023-06,2023-06-12,Olvera Toch,Consumer,Central,Office Supplies,180.96
2434,2023-06,2023-06-12,Theresa Swint,Corporate,South,Office Supplies,12.96
2435,2023-06,2023-06-12,Erica Smith,Consumer,Central,Office Supplies,117.456
2436,2023-06,2023-06-12,Theresa Swint,Corporate,South,Technology,287.97
2437,2023-06,2023-06-13,Juliana Krohn,Consumer,South,Furniture,191.96
2438,2023-06,2023-06-13,Juliana Krohn,Consumer,South,Furniture,209.88
2439,2023-06,2023-06-13,Juliana Krohn,Consumer,South,Office Supplies,21.3
2440,2023-06,2023-06-13,Juliana Krohn,Consumer,South,Technology,469.95
2441,2023-06,2023-06-14,Annie Zypern,Consumer,West,Office Supplies,64.14
2442,2023-06,2023-06-14,Annie Zypern,Consumer,West,Technology,88.776
2443,2023-06,2023-06-16,Deborah Brumfield,Home Office,East,Office Supplies,25.99
2444,2023-06,2023-06-17,Zuschuss Carroll,Consumer,Central,Furniture,128.058
2445,2023-06,2023-06-17,Trudy Schmidt,Consumer,Central,Office Supplies,272.4
2446,2023-06,2023-06-17,John Lucas,Consumer,East,Office Supplies,206.43
2447,2023-06,2023-06-17,Trudy Schmidt,Consumer,Central,Office Supplies,57.75
2448,2023-06,2023-06-17,Jill Stevenson,Corporate,West,Office Supplies,13.944
2449,2023-06,2023-06-17,Linda Southworth,Corporate,West,Office Supplies,21.34
2450,2023-06,2023-06-17,Zuschuss Carroll,Consumer,Central,Office Supplies,221.024
2451,2023-06,2023-06-18,Joel Eaton,Consumer,South,Furniture,831.936
2452,2023-06,2023-06-18,Bart Watters,Corporate,West,Furniture,63.936
2453,2023-06,2023-06-18,Pierre Wener,Consumer,Central,Furniture,408.422
2454,2023-06,2023-06-18,Joel Eaton,Consumer,South,Furniture,97.04
2455,2023-06,2023-06-18,Sue Ann Reed,Consumer,South,Furniture,191.5155
2456,2023-06,2023-06-18,Bart Watters,Corporate,West,Office Supplies,59.52
2457,2023-06,2023-06-18,Sue Ann Reed,Consumer,South,Office Supplies,2.624
2458,2023-06,2023-06-18,Bart Watters,Corporate,West,Office Supplies,50.352
2459,2023-06,2023-06-18,Joel Eaton,Consumer,South,Office Supplies,72.784
2460,2023-06,2023-06-18,Bart Watters,Corporate,West,Technology,311.976
2461,2023-06,2023-06-19,Greg Tran,Consumer,East,Furniture,1267.53
2462,2023-06,2023-06-19,Tony Chapman,Home Office,West,Office Supplies,43.56
2463,2023-06,2023-06-19,Greg Tran,Consumer,East,Office Supplies,22.74
2464,2023-06,2023-06-19,Tony Chapman,Home Office,West,Office Supplies,5.84
2465,2023-06,2023-06-19,Greg Tran,Consumer,East,Technology,1379.92
2466,2023-06,2023-06-20,Russell Applegate,Consumer,Central,Office Supplies,8.652
2467,2023-06,2023-06-20,Shirley Daniels,Home Office,Central,Office Supplies,186.732
2468,2023-06,2023-06-20,Russell Applegate,Consumer,Central,Office Supplies,12.176
2469,2023-06,2023-06-20,Shirley Daniels,Home Office,Central,Office Supplies,3812.97
2470,2023-06,2023-06-20,Russell Applegate,Consumer,Central,Office Supplies,23.832
2471,2023-06,2023-06-21,Jim Kriz,Home Office,East,Office Supplies,7.968
2472,2023-06,2023-06-22,Paul Stevenson,Home Office,Central,Furniture,213.115
2473,2023-06,2023-06-22,Jane Waco,Corporate,East,Furniture,24.3
2474,2023-06,2023-06-22,Jane Waco,Corporate,East,Furniture,9.48
2475,2023-06,2023-06-22,Jane Waco,Corporate,East,Furniture,31.4
2476,2023-06,2023-06-22,Ken Black,Corporate,West,Office Supplies,34.65
2477,2023-06,2023-06-22,Jane Waco,Corporate,East,Office Supplies,6.48
2478,2023-06,2023-06-22,Ken Black,Corporate,West,Technology,19.8
2479,2023-06,2023-06-22,Jane Waco,Corporate,East,Technology,209.5
2480,2023-06,2023-06-22,Benjamin Patterson,Consumer,East,Technology,1022.97
2481,2023-06,2023-06-23,David Bremer,Corporate,South,Furniture,63.552
2482,2023-06,2023-06-23,David Bremer,Corporate,South,Office Supplies,172.704
2483,2023-06,2023-06-23,Patrick O'Brill,Consumer,West,Office Supplies,12.176
2484,2023-06,2023-06-23,Patrick O'Brill,Consumer,West,Office Supplies,37.32
2485,2023-06,2023-06-23,Patrick O'Brill,Consumer,West,Office Supplies,35.06
2486,2023-06,2023-06-23,David Bremer,Corporate,South,Office Supplies,41.376
2487,2023-06,2023-06-23,Jennifer Braxton,Corporate,West,Technology,88.752
2488,2023-06,2023-06-24,Noah Childs,Corporate,Central,Office Supplies,8.856
2489,2023-06,2023-06-24,Noah Childs,Corporate,Central,Technology,158.376
2490,2023-06,2023-06-25,Stewart Visinsky,Consumer,East,Furniture,844.116
2491,2023-06,2023-06-25,Julia Barnett,Home Office,West,Furniture,665.88
2492,2023-06,2023-06-25,Stewart Visinsky,Consumer,East,Office Supplies,23.696
2493,2023-06,2023-06-25,Stewart Visinsky,Consumer,East,Office Supplies,18.2
2494,2023-06,2023-06-25,Lena Cacioppo,Consumer,West,Office Supplies,8.82
2495,2023-06,2023-06-25,Stewart Visinsky,Consumer,East,Office Supplies,59.904
2496,2023-06,2023-06-25,Lena Cacioppo,Consumer,West,Office Supplies,49.568
2497,2023-06,2023-06-25,Lena Cacioppo,Consumer,West,Office Supplies,62.496
2498,2023-06,2023-06-25,Nicole Fjeld,Home Office,West,Office Supplies,13.848
2499,2023-06,2023-06-25,Stewart Visinsky,Consumer,East,Office Supplies,7.968
2500,2023-06,2023-06-25,Stewart Visinsky,Consumer,East,Office Supplies,76.752
2501,2023-06,2023-06-25,Lena Cacioppo,Consumer,West,Technology,339.96
2502,2023-06,2023-06-25,Stewart Visinsky,Consumer,East,Technology,27.552
2503,2023-06,2023-06-26,Laura Armstrong,Corporate,Central,Furniture,22.288
2504,2023-06,2023-06-26,Alan Schoenberger,Corporate,East,Furniture,26.8
2505,2023-06,2023-06-26,Stuart Van,Corporate,Central,Office Supplies,125.93
2506,2023-06,2023-06-26,Anna Häberlin,Corporate,Central,Technology,946.344
2507,2023-06,2023-06-29,Anna Gayman,Consumer,Central,Furniture,244.006
2508,2023-06,2023-06-29,Anna Gayman,Consumer,Central,Office Supplies,15.936
2509,2023-06,2023-06-29,Chris Cortes,Consumer,South,Office Supplies,45.68
2510,2023-06,2023-06-29,Carol Triggs,Consumer,East,Furniture,24.3
2511,2023-06,2023-06-29,Carol Triggs,Consumer,East,Furniture,19.6
2512,2023-06,2023-06-29,Carol Triggs,Consumer,East,Office Supplies,39.96
2513,2023-06,2023-06-29,Carol Triggs,Consumer,East,Office Supplies,31.4
2514,2023-06,2023-06-30,Natalie Webber,Consumer,East,Furniture,127.764
2515,2023-06,2023-06-30,Daniel Lacy,Consumer,Central,Furniture,123.96
2516,2023-06,2023-06-30,Natalie Webber,Consumer,East,Furniture,79.44
2517,2023-06,2023-06-30,Claudia Bergmann,Corporate,East,Furniture,8.352
2518,2023-06,2023-06-30,Allen Armold,Consumer,West,Office Supplies,5.248
2519,2023-06,2023-06-30,Daniel Lacy,Consumer,Central,Office Supplies,43.98
2520,2023-06,2023-06-30,Natalie Webber,Consumer,East,Office Supplies,19.44
2521,2023-06,2023-06-30,Alejandro Ballentine,Home Office,East,Office Supplies,37.94
2522,2023-06,2023-06-30,Natalie Webber,Consumer,East,Office Supplies,357.93
2523,2023-06,2023-06-30,Natalie Webber,Consumer,East,Technology,2799.944
2524,2023-06,2023-06-30,Daniel Lacy,Consumer,Central,Technology,377.97
2525,2023-07,2023-07-01,Max Engle,Consumer,South,Office Supplies,48.81
2526,2023-07,2023-07-02,Dennis Pardue,Home Office,Central,Office Supplies,70.97
2527,2023-07,2023-07-02,Dennis Pardue,Home Office,Central,Office Supplies,36.784
2528,2023-07,2023-07-02,Alan Barnes,Consumer,West,Technology,46.688
2529,2023-07,2023-07-03,Paul Stevenson,Home Office,West,Furniture,191.968
2530,2023-07,2023-07-04,James Galang,Consumer,Central,Furniture,21.968
2531,2023-07,2023-07-04,Rose O'Brian,Consumer,West,Office Supplies,14.592
2532,2023-07,2023-07-04,James Galang,Consumer,Central,Office Supplies,127.904
2533,2023-07,2023-07-04,Cindy Stewart,Consumer,West,Office Supplies,12.84
2534,2023-07,2023-07-04,Cindy Stewart,Consumer,West,Office Supplies,25.68
2535,2023-07,2023-07-04,Annie Zypern,Consumer,East,Office Supplies,36.63
2536,2023-07,2023-07-04,Larry Tron,Consumer,West,Technology,201.584
2537,2023-07,2023-07-04,James Galang,Consumer,Central,Technology,619.152
2538,2023-07,2023-07-05,Ben Ferrer,Home Office,Central,Office Supplies,16.0
2539,2023-07,2023-07-05,Ben Ferrer,Home Office,Central,Technology,222.384
2540,2023-07,2023-07-06,Claudia Bergmann,Corporate,West,Furniture,509.9575
2541,2023-07,2023-07-06,Claudia Bergmann,Corporate,West,Furniture,97.568
2542,2023-07,2023-07-06,Claudia Bergmann,Corporate,West,Furniture,722.352
2543,2023-07,2023-07-06,Claudia Bergmann,Corporate,West,Furniture,122.91
2544,2023-07,2023-07-06,Jesus Ocampo,Home Office,East,Office Supplies,2.696
2545,2023-07,2023-07-06,Jesus Ocampo,Home Office,East,Office Supplies,198.272
2546,2023-07,2023-07-06,Jesus Ocampo,Home Office,East,Office Supplies,18.588
2547,2023-07,2023-07-06,Jesus Ocampo,Home Office,East,Office Supplies,4.896
2548,2023-07,2023-07-06,Jesus Ocampo,Home Office,East,Office Supplies,200.984
2549,2023-07,2023-07-06,Jesus Ocampo,Home Office,East,Office Supplies,47.36
2550,2023-07,2023-07-06,Jesus Ocampo,Home Office,East,Office Supplies,97.696
2551,2023-07,2023-07-06,Hunter Glantz,Consumer,West,Office Supplies,1117.92
2552,2023-07,2023-07-07,Anna Häberlin,Corporate,South,Office Supplies,17.94
2553,2023-07,2023-07-07,Fred Chung,Corporate,East,Office Supplies,51.968
2554,2023-07,2023-07-08,Tracy Hopkins,Home Office,South,Technology,255.968
2555,2023-07,2023-07-09,Odella Nelson,Corporate,Central,Office Supplies,33.28
2556,2023-07,2023-07-09,Dianna Vittorini,Consumer,East,Office Supplies,31.5
2557,2023-07,2023-07-09,Odella Nelson,Corporate,Central,Office Supplies,14.088
2558,2023-07,2023-07-09,Dianna Vittorini,Consumer,East,Office Supplies,55.6
2559,2023-07,2023-07-10,Anthony Jacobs,Corporate,West,Office Supplies,10.86
2560,2023-07,2023-07-12,Sheri Gordon,Consumer,South,Furniture,163.136
2561,2023-07,2023-07-12,Sheri Gordon,Consumer,South,Office Supplies,6.408
2562,2023-07,2023-07-13,Joel Eaton,Consumer,Central,Office Supplies,20.768
2563,2023-07,2023-07-13,Henry Goldwyn,Corporate,East,Office Supplies,24.588
2564,2023-07,2023-07-13,Michelle Ellison,Corporate,West,Office Supplies,26.976
2565,2023-07,2023-07-14,Sarah Brown,Consumer,West,Office Supplies,8.26
2566,2023-07,2023-07-14,Sarah Brown,Consumer,West,Office Supplies,104.79
2567,2023-07,2023-07-14,Sarah Brown,Consumer,West,Technology,2973.32
2568,2023-07,2023-07-14,Sarah Brown,Consumer,West,Technology,775.728
2569,2023-07,2023-07-15,Nathan Mautz,Home Office,Central,Furniture,75.33
2570,2023-07,2023-07-15,Nathan Mautz,Home Office,Central,Office Supplies,850.5
2571,2023-07,2023-07-15,Emily Burns,Consumer,West,Office Supplies,121.792
2572,2023-07,2023-07-15,Emily Burns,Consumer,West,Office Supplies,19.194
2573,2023-07,2023-07-15,Erin Ashbrook,Corporate,South,Office Supplies,186.69
2574,2023-07,2023-07-15,Kristen Hastings,Corporate,East,Office Supplies,51.45
2575,2023-07,2023-07-16,Vivek Sundaresam,Consumer,Central,Furniture,602.651
2576,2023-07,2023-07-16,Vivek Sundaresam,Consumer,Central,Office Supplies,7.656
2577,2023-07,2023-07-17,Nora Pelletier,Home Office,West,Furniture,14.73
2578,2023-07,2023-07-17,Justin Hirsh,Consumer,West,Office Supplies,845.728
2579,2023-07,2023-07-17,Nathan Mautz,Home Office,Central,Office Supplies,21.24
2580,2023-07,2023-07-17,Nathan Mautz,Home Office,Central,Office Supplies,127.96
2581,2023-07,2023-07-17,Muhammed MacIntyre,Corporate,Central,Office Supplies,32.368
2582,2023-07,2023-07-17,Muhammed MacIntyre,Corporate,Central,Office Supplies,22.368
2583,2023-07,2023-07-17,Muhammed MacIntyre,Corporate,Central,Technology,207.984
2584,2023-07,2023-07-17,Craig Yedwab,Corporate,South,Technology,467.04
2585,2023-07,2023-07-18,Pamela Stobb,Consumer,Central,Furniture,105.686
2586,2023-07,2023-07-18,Pamela Stobb,Consumer,Central,Furniture,104.93
2587,2023-07,2023-07-18,Ruben Dartt,Consumer,West,Furniture,20.24
2588,2023-07,2023-07-18,Ben Ferrer,Home Office,South,Office Supplies,12.224
2589,2023-07,2023-07-18,Ben Ferrer,Home Office,South,Office Supplies,153.728
2590,2023-07,2023-07-18,Ben Ferrer,Home Office,South,Office Supplies,18.272
2591,2023-07,2023-07-18,Ben Ferrer,Home Office,South,Technology,167.944
2592,2023-07,2023-07-18,Pamela Stobb,Consumer,Central,Technology,399.54
2593,2023-07,2023-07-20,Karl Braun,Consumer,East,Office Supplies,47.82
2594,2023-07,2023-07-20,Neil Knudson,Home Office,West,Office Supplies,6.63
2595,2023-07,2023-07-20,Maxwell Schwartz,Consumer,East,Office Supplies,6.096
2596,2023-07,2023-07-20,Karl Braun,Consumer,East,Office Supplies,13.05
2597,2023-07,2023-07-20,Maxwell Schwartz,Consumer,East,Office Supplies,45.36
2598,2023-07,2023-07-20,Trudy Brown,Consumer,East,Office Supplies,77.55
2599,2023-07,2023-07-20,Maxwell Schwartz,Consumer,East,Office Supplies,535.41
2600,2023-07,2023-07-20,Trudy Brown,Consumer,East,Office Supplies,16.24
2601,2023-07,2023-07-20,Maxwell Schwartz,Consumer,East,Technology,45.99
2602,2023-07,2023-07-21,Victoria Pisteka,Corporate,East,Furniture,317.058
2603,2023-07,2023-07-21,Victoria Pisteka,Corporate,East,Furniture,41.568
2604,2023-07,2023-07-21,John Lucas,Consumer,West,Office Supplies,167.76
2605,2023-07,2023-07-21,Victoria Pisteka,Corporate,East,Office Supplies,8.04
2606,2023-07,2023-07-21,Karl Braun,Consumer,Central,Office Supplies,12.39
2607,2023-07,2023-07-21,Chad Cunningham,Home Office,East,Office Supplies,85.056
2608,2023-07,2023-07-21,John Lucas,Consumer,West,Office Supplies,32.4
2609,2023-07,2023-07-21,John Lucas,Consumer,West,Office Supplies,540.57
2610,2023-07,2023-07-22,Edward Nazzal,Consumer,East,Office Supplies,160.32
2611,2023-07,2023-07-22,Brendan Dodson,Home Office,South,Technology,151.96
2612,2023-07,2023-07-22,Edward Nazzal,Consumer,East,Technology,128.85
2613,2023-07,2023-07-22,Edward Nazzal,Consumer,East,Technology,239.97
2614,2023-07,2023-07-23,Tamara Manning,Consumer,West,Furniture,1406.86
2615,2023-07,2023-07-23,Bill Donatelli,Consumer,Central,Furniture,2567.84
2616,2023-07,2023-07-23,Elizabeth Moffitt,Corporate,East,Furniture,8.28
2617,2023-07,2023-07-23,Sample Company A,Home Office,East,Furniture,22.2
2618,2023-07,2023-07-23,Janet Molinari,Corporate,Central,Furniture,51.56
2619,2023-07,2023-07-23,Muhammed Lee,Consumer,South,Office Supplies,10.272
2620,2023-07,2023-07-23,Janet Molinari,Corporate,Central,Office Supplies,3.564
2621,2023-07,2023-07-23,Carl Weiss,Home Office,East,Office Supplies,7.56
2622,2023-07,2023-07-23,Janet Molinari,Corporate,Central,Office Supplies,5.904
2623,2023-07,2023-07-23,Tamara Manning,Consumer,West,Office Supplies,15.75
2624,2023-07,2023-07-23,Janet Molinari,Corporate,Central,Office Supplies,173.488
2625,2023-07,2023-07-23,Stephanie Phelps,Corporate,West,Office Supplies,58.38
2626,2023-07,2023-07-23,Elizabeth Moffitt,Corporate,East,Office Supplies,274.8
2627,2023-07,2023-07-23,Stephanie Phelps,Corporate,West,Office Supplies,105.52
2628,2023-07,2023-07-23,Tamara Manning,Consumer,West,Office Supplies,323.1
2629,2023-07,2023-07-23,Stephanie Phelps,Corporate,West,Office Supplies,80.88
2630,2023-07,2023-07-23,Elizabeth Moffitt,Corporate,East,Office Supplies,62.18
2631,2023-07,2023-07-24,Katrina Edelman,Corporate,Central,Office Supplies,5.728
2632,2023-07,2023-07-24,Ashley Jarboe,Consumer,Central,Office Supplies,403.68
2633,2023-07,2023-07-24,Ashley Jarboe,Consumer,Central,Office Supplies,28.91
2634,2023-07,2023-07-24,Catherine Glotzbach,Home Office,West,Office Supplies,11.76
2635,2023-07,2023-07-24,Katrina Edelman,Corporate,Central,Office Supplies,42.24
2636,2023-07,2023-07-24,Ashley Jarboe,Consumer,Central,Technology,299.98
2637,2023-07,2023-07-24,Ashley Jarboe,Consumer,Central,Technology,41.9
2638,2023-07,2023-07-27,Tracy Collins,Home Office,East,Furniture,35.28
2639,2023-07,2023-07-27,Lauren Leatherbury,Consumer,West,Office Supplies,9.26
2640,2023-07,2023-07-27,Lauren Leatherbury,Consumer,West,Office Supplies,7.38
2641,2023-07,2023-07-27,Tracy Collins,Home Office,East,Office Supplies,30.44
2642,2023-07,2023-07-27,Becky Pak,Consumer,West,Technology,119.98
2643,2023-07,2023-07-27,Becky Pak,Consumer,West,Technology,989.97
2644,2023-07,2023-07-28,Edward Becker,Corporate,East,Furniture,1522.638
2645,2023-07,2023-07-28,Brenda Bowman,Corporate,Central,Office Supplies,10.56
2646,2023-07,2023-07-30,Harold Dahlen,Home Office,East,Office Supplies,8.016
2647,2023-07,2023-07-30,Harold Dahlen,Home Office,East,Office Supplies,18.312
2648,2023-07,2023-07-30,Eleni McCrary,Corporate,West,Office Supplies,7.52
2649,2023-07,2023-07-30,Harold Dahlen,Home Office,East,Office Supplies,25.92
2650,2023-07,2023-07-31,Andrew Gjertsen,Corporate,South,Furniture,173.208
2651,2023-07,2023-07-31,Maureen Gnade,Consumer,Central,Office Supplies,143.128
2652,2023-07,2023-07-31,Andrew Gjertsen,Corporate,South,Office Supplies,4.448
2653,2023-07,2023-07-31,Andrew Gjertsen,Corporate,South,Office Supplies,18.264
2654,2023-07,2023-07-31,Andrew Gjertsen,Corporate,South,Office Supplies,9.0
2655,2023-07,2023-07-31,Andrew Gjertsen,Corporate,South,Office Supplies,42.24
2656,2023-07,2023-07-31,Andrew Gjertsen,Corporate,South,Office Supplies,173.488
2657,2023-07,2023-07-31,Andrew Gjertsen,Corporate,South,Office Supplies,516.96
2658,2023-07,2023-07-31,Maureen Gnade,Consumer,Central,Technology,2.376
2659,2023-08,2023-08-01,Trudy Glocke,Consumer,West,Furniture,355.36
2660,2023-08,2023-08-01,Anthony Garverick,Home Office,South,Office Supplies,113.1
2661,2023-08,2023-08-01,Max Jones,Consumer,South,Office Supplies,38.52
2662,2023-08,2023-08-01,Max Jones,Consumer,South,Office Supplies,64.2
2663,2023-08,2023-08-01,Nathan Cano,Consumer,Central,Office Supplies,12.96
2664,2023-08,2023-08-01,Max Jones,Consumer,South,Technology,72.6
2665,2023-08,2023-08-01,Trudy Glocke,Consumer,West,Technology,140.376
2666,2023-08,2023-08-03,Jim Epp,Corporate,South,Furniture,1123.92
2667,2023-08,2023-08-03,Jim Epp,Corporate,South,Furniture,48.672
2668,2023-08,2023-08-03,Brian Dahlen,Consumer,South,Furniture,29.16
2669,2023-08,2023-08-03,Jim Epp,Corporate,South,Office Supplies,60.768
2670,2023-08,2023-08-03,Brian Dahlen,Consumer,South,Office Supplies,56.3
2671,2023-08,2023-08-03,Jim Epp,Corporate,South,Office Supplies,3.768
2672,2023-08,2023-08-03,Brian Dahlen,Consumer,South,Office Supplies,36.26
2673,2023-08,2023-08-03,Jim Epp,Corporate,South,Office Supplies,78.6
2674,2023-08,2023-08-03,Brian Dahlen,Consumer,South,Office Supplies,32.4
2675,2023-08,2023-08-03,Jim Epp,Corporate,South,Office Supplies,1036.624
2676,2023-08,2023-08-03,Jim Epp,Corporate,South,Office Supplies,563.808
2677,2023-08,2023-08-03,Brian Dahlen,Consumer,South,Technology,53.7
2678,2023-08,2023-08-03,Jim Epp,Corporate,South,Technology,249.584
2679,2023-08,2023-08-04,Giulietta Baptist,Consumer,East,Furniture,43.296
2680,2023-08,2023-08-04,Giulietta Baptist,Consumer,East,Office Supplies,20.736
2681,2023-08,2023-08-04,Laurel Elliston,Consumer,East,Office Supplies,29.9
2682,2023-08,2023-08-04,Sam Zeldin,Home Office,Central,Office Supplies,24.56
2683,2023-08,2023-08-04,Jonathan Howell,Consumer,South,Technology,55.984
2684,2023-08,2023-08-05,Frank Carlisle,Home Office,East,Office Supplies,3.424
2685,2023-08,2023-08-05,Dave Hallsten,Corporate,South,Office Supplies,24.78
2686,2023-08,2023-08-05,Dave Hallsten,Corporate,South,Office Supplies,19.14
2687,2023-08,2023-08-05,Penelope Sewall,Home Office,East,Office Supplies,29.84
2688,2023-08,2023-08-05,Jennifer Jackson,Consumer,West,Office Supplies,36.624
2689,2023-08,2023-08-05,Penelope Sewall,Home Office,East,Office Supplies,8.26
2690,2023-08,2023-08-05,Barbara Fisher,Corporate,South,Office Supplies,6.48
2691,2023-08,2023-08-05,Dave Hallsten,Corporate,South,Office Supplies,32.4
2692,2023-08,2023-08-05,Penelope Sewall,Home Office,East,Technology,67.98
2693,2023-08,2023-08-05,Dave Hallsten,Corporate,South,Technology,899.97
2694,2023-08,2023-08-06,Alan Dominguez,Home Office,East,Furniture,51.072
2695,2023-08,2023-08-07,Peter Fuller,Consumer,West,Furniture,40.256
2696,2023-08,2023-08-07,Peter Fuller,Consumer,West,Furniture,364.704
2697,2023-08,2023-08-07,Peter Fuller,Consumer,West,Office Supplies,9.568
2698,2023-08,2023-08-07,Peter Fuller,Consumer,West,Office Supplies,82.368
2699,2023-08,2023-08-07,Amy Cox,Consumer,South,Technology,11.672
2700,2023-08,2023-08-07,Grace Kelly,Corporate,West,Technology,225.576
2701,2023-08,2023-08-08,Lycoris Saunders,Consumer,Central,Furniture,197.372
2702,2023-08,2023-08-08,Lena Creighton,Consumer,East,Office Supplies,3050.376
2703,2023-08,2023-08-08,Lycoris Saunders,Consumer,Central,Office Supplies,28.752
2704,2023-08,2023-08-08,Philip Brown,Consumer,East,Office Supplies,6.208
2705,2023-08,2023-08-08,Lycoris Saunders,Consumer,Central,Office Supplies,27.216
2706,2023-08,2023-08-08,Lena Creighton,Consumer,East,Technology,133.98
2707,2023-08,2023-08-10,Benjamin Venier,Corporate,South,Furniture,643.136
2708,2023-08,2023-08-10,Keith Herrera,Consumer,South,Furniture,60.84
2709,2023-08,2023-08-10,Skye Norling,Home Office,West,Furniture,75.36
2710,2023-08,2023-08-10,Bruce Geld,Consumer,West,Office Supplies,51.98
2711,2023-08,2023-08-10,Harold Ryan,Corporate,South,Office Supplies,13.632
2712,2023-08,2023-08-10,Benjamin Venier,Corporate,South,Office Supplies,6.129
2713,2023-08,2023-08-10,Skye Norling,Home Office,West,Office Supplies,9.156
2714,2023-08,2023-08-10,Keith Herrera,Consumer,South,Office Supplies,34.6
2715,2023-08,2023-08-10,Skye Norling,Home Office,West,Office Supplies,4.536
2716,2023-08,2023-08-10,Keith Herrera,Consumer,South,Office Supplies,33.02
2717,2023-08,2023-08-10,Skye Norling,Home Office,West,Office Supplies,11.952
2718,2023-08,2023-08-10,Benjamin Venier,Corporate,South,Office Supplies,20.736
2719,2023-08,2023-08-10,Keith Herrera,Consumer,South,Office Supplies,450.04
2720,2023-08,2023-08-10,Keith Herrera,Consumer,South,Technology,467.97
2721,2023-08,2023-08-11,Logan Haushalter,Consumer,West,Furniture,12.56
2722,2023-08,2023-08-11,Maria Etezadi,Home Office,Central,Office Supplies,5.792
2723,2023-08,2023-08-11,Logan Haushalter,Consumer,West,Office Supplies,186.69
2724,2023-08,2023-08-11,Paul Prost,Home Office,East,Office Supplies,5.904
2725,2023-08,2023-08-11,Logan Haushalter,Consumer,West,Office Supplies,6.48
2726,2023-08,2023-08-11,Katherine Murray,Home Office,Central,Office Supplies,228.92
2727,2023-08,2023-08-12,Stewart Carmichael,Corporate,West,Furniture,257.64
2728,2023-08,2023-08-12,Becky Castell,Home Office,East,Technology,319.984
2729,2023-08,2023-08-12,Justin MacKendrick,Consumer,West,Technology,125.944
2730,2023-08,2023-08-12,Stewart Carmichael,Corporate,West,Technology,125.976
2731,2023-08,2023-08-13,Emily Phan,Consumer,South,Technology,107.976
2732,2023-08,2023-08-14,Michael Grace,Home Office,Central,Furniture,796.425
2733,2023-08,2023-08-14,Shaun Weien,Consumer,East,Office Supplies,1217.568
2734,2023-08,2023-08-14,Ken Lonsdale,Consumer,West,Office Supplies,4.96
2735,2023-08,2023-08-15,Randy Ferguson,Corporate,South,Furniture,27.42
2736,2023-08,2023-08-15,Randy Ferguson,Corporate,South,Office Supplies,165.98
2737,2023-08,2023-08-15,Christine Sundaresam,Consumer,West,Office Supplies,5.43
2738,2023-08,2023-08-15,Randy Ferguson,Corporate,South,Technology,75.0
2739,2023-08,2023-08-15,Christine Sundaresam,Consumer,West,Technology,217.584
2740,2023-08,2023-08-15,Christine Sundaresam,Consumer,West,Technology,143.976
2741,2023-08,2023-08-15,Rick Duston,Consumer,West,Technology,201.568
2742,2023-08,2023-08-17,Jill Fjeld,Consumer,West,Furniture,204.85
2743,2023-08,2023-08-17,Mark Van Huff,Consumer,Central,Furniture,75.384
2744,2023-08,2023-08-17,Alan Barnes,Consumer,West,Office Supplies,20.96
2745,2023-08,2023-08-17,Mark Van Huff,Consumer,Central,Office Supplies,0.984
2746,2023-08,2023-08-17,Alan Barnes,Consumer,West,Office Supplies,88.752
2747,2023-08,2023-08-17,Mark Van Huff,Consumer,Central,Office Supplies,4.608
2748,2023-08,2023-08-17,Mark Van Huff,Consumer,Central,Office Supplies,47.952
2749,2023-08,2023-08-17,Cathy Hwang,Home Office,East,Office Supplies,31.104
2750,2023-08,2023-08-17,Alan Barnes,Consumer,West,Office Supplies,304.23
2751,2023-08,2023-08-17,Cathy Hwang,Home Office,East,Office Supplies,78.256
2752,2023-08,2023-08-18,Sue Ann Reed,Consumer,South,Furniture,332.94
2753,2023-08,2023-08-18,Sue Ann Reed,Consumer,South,Office Supplies,43.04
2754,2023-08,2023-08-18,Sue Ann Reed,Consumer,South,Office Supplies,143.96
2755,2023-08,2023-08-18,Dennis Bolton,Home Office,East,Office Supplies,43.056
2756,2023-08,2023-08-18,Sue Ann Reed,Consumer,South,Office Supplies,15.42
2757,2023-08,2023-08-18,Laura Armstrong,Corporate,Central,Technology,41.9
2758,2023-08,2023-08-18,Valerie Dominguez,Consumer,Central,Technology,971.88
2759,2023-08,2023-08-20,Dorothy Wardle,Corporate,East,Furniture,482.94
2760,2023-08,2023-08-20,Craig Yedwab,Corporate,West,Furniture,621.76
2761,2023-08,2023-08-20,Mark Packer,Home Office,South,Office Supplies,140.75
2762,2023-08,2023-08-20,Mark Packer,Home Office,South,Office Supplies,119.56
2763,2023-08,2023-08-20,Craig Yedwab,Corporate,West,Office Supplies,5.904
2764,2023-08,2023-08-20,Dorothy Wardle,Corporate,East,Office Supplies,15.552
2765,2023-08,2023-08-21,Sheri Gordon,Consumer,East,Furniture,117.882
2766,2023-08,2023-08-21,Steven Cartwright,Consumer,East,Furniture,20.104
2767,2023-08,2023-08-21,Michelle Moray,Consumer,East,Office Supplies,24.96
2768,2023-08,2023-08-21,Neil Französisch,Home Office,Central,Technology,269.98
2769,2023-08,2023-08-24,Rob Haberlin,Consumer,Central,Furniture,382.116
2770,2023-08,2023-08-24,Rob Haberlin,Consumer,Central,Furniture,408.422
2771,2023-08,2023-08-24,Frank Atkinson,Corporate,South,Furniture,159.84
2772,2023-08,2023-08-24,Richard Bierner,Consumer,Central,Office Supplies,32.784
2773,2023-08,2023-08-24,Frank Atkinson,Corporate,South,Office Supplies,2.892
2774,2023-08,2023-08-24,Karl Braun,Consumer,South,Office Supplies,11.952
2775,2023-08,2023-08-24,Rob Haberlin,Consumer,Central,Office Supplies,11.168
2776,2023-08,2023-08-24,Frank Atkinson,Corporate,South,Office Supplies,9.392
2777,2023-08,2023-08-24,Karl Braun,Consumer,South,Office Supplies,15.552
2778,2023-08,2023-08-24,Steven Roelle,Home Office,East,Office Supplies,19.44
2779,2023-08,2023-08-24,Rob Haberlin,Consumer,Central,Office Supplies,435.504
2780,2023-08,2023-08-24,Rob Haberlin,Consumer,Central,Office Supplies,68.6
2781,2023-08,2023-08-24,Frank Atkinson,Corporate,South,Technology,74.24
2782,2023-08,2023-08-25,Bruce Degenhardt,Consumer,South,Furniture,70.98
2783,2023-08,2023-08-25,Deirdre Greer,Corporate,East,Furniture,168.464
2784,2023-08,2023-08-25,Deirdre Greer,Corporate,East,Furniture,282.888
2785,2023-08,2023-08-25,Bruce Degenhardt,Consumer,South,Office Supplies,294.93
2786,2023-08,2023-08-25,Deirdre Greer,Corporate,East,Office Supplies,6.72
2787,2023-08,2023-08-26,Alan Dominguez,Home Office,East,Office Supplies,15.48
2788,2023-08,2023-08-26,Julie Prescott,Home Office,West,Office Supplies,22.848
2789,2023-08,2023-08-26,Irene Maddox,Consumer,Central,Technology,1099.96
2790,2023-08,2023-08-27,Barbara Fisher,Corporate,South,Furniture,4.928
2791,2023-08,2023-08-27,Roland Schwarz,Corporate,South,Furniture,4.928
2792,2023-08,2023-08-27,Victor Preis,Home Office,Central,Office Supplies,19.0
2793,2023-08,2023-08-27,Barbara Fisher,Corporate,South,Office Supplies,7.23
2794,2023-08,2023-08-27,Roland Schwarz,Corporate,South,Office Supplies,11.784
2795,2023-08,2023-08-27,Mitch Webber,Consumer,East,Office Supplies,38.976
2796,2023-08,2023-08-27,Mitch Webber,Consumer,East,Technology,34.8
2797,2023-08,2023-08-28,Paul Prost,Home Office,East,Furniture,301.96
2798,2023-08,2023-08-28,Sarah Jordon,Consumer,West,Furniture,170.352
2799,2023-08,2023-08-28,Kalyca Meade,Corporate,East,Furniture,155.82
2800,2023-08,2023-08-28,Kalyca Meade,Corporate,East,Furniture,13.96
2801,2023-08,2023-08-28,Barbara Fisher,Corporate,East,Office Supplies,11.12
2802,2023-08,2023-08-28,Kalyca Meade,Corporate,East,Office Supplies,601.65
2803,2023-08,2023-08-28,Kalyca Meade,Corporate,East,Technology,124.95
2804,2023-08,2023-08-30,Darrin Martin,Consumer,Central,Office Supplies,21.12
2805,2023-08,2023-08-31,Brian Thompson,Consumer,East,Furniture,181.96
2806,2023-08,2023-08-31,Kean Nguyen,Corporate,Central,Office Supplies,48.632
2807,2023-08,2023-08-31,Emily Burns,Consumer,South,Office Supplies,5.16
2808,2023-08,2023-08-31,Brian Thompson,Consumer,East,Office Supplies,79.36
2809,2023-08,2023-08-31,Claudia Bergmann,Corporate,East,Office Supplies,122.94
2810,2023-08,2023-08-31,Brian Thompson,Consumer,East,Office Supplies,43.68
2811,2023-08,2023-08-31,Brian Thompson,Consumer,East,Office Supplies,84.09
2812,2023-08,2023-08-31,Brian Thompson,Consumer,East,Office Supplies,153.36
2813,2023-08,2023-08-31,Brian Thompson,Consumer,East,Office Supplies,15.8
2814,2023-08,2023-08-31,Brian Thompson,Consumer,East,Office Supplies,12.39
2815,2023-08,2023-08-31,Claudia Bergmann,Corporate,East,Office Supplies,6.58
2816,2023-08,2023-08-31,Brian Thompson,Consumer,East,Office Supplies,98.21
2817,2023-08,2023-08-31,Brian Thompson,Consumer,East,Technology,464.97
2818,2023-08,2023-08-31,Matt Collins,Consumer,East,Technology,269.982
2819,2023-09,2023-09-01,Eric Hoffmann,Consumer,West,Office Supplies,3.366
2820,2023-09,2023-09-01,Mike Vittorini,Consumer,West,Office Supplies,39.92
2821,2023-09,2023-09-02,Clytie Kelty,Consumer,East,Furniture,341.488
2822,2023-09,2023-09-02,Clytie Kelty,Consumer,East,Furniture,25.344
2823,2023-09,2023-09-02,Clytie Kelty,Consumer,East,Furniture,289.8
2824,2023-09,2023-09-02,Todd Sumrall,Corporate,East,Furniture,199.836
2825,2023-09,2023-09-02,Clytie Kelty,Consumer,East,Office Supplies,11.12
2826,2023-09,2023-09-02,Shahid Collister,Consumer,West,Office Supplies,98.352
2827,2023-09,2023-09-02,Clytie Kelty,Consumer,East,Office Supplies,6.48
2828,2023-09,2023-09-02,Clytie Kelty,Consumer,East,Office Supplies,2.502
2829,2023-09,2023-09-02,Todd Sumrall,Corporate,East,Office Supplies,221.06
2830,2023-09,2023-09-02,Shahid Collister,Consumer,West,Office Supplies,29.97
2831,2023-09,2023-09-02,Todd Sumrall,Corporate,East,Technology,716.0
2832,2023-09,2023-09-03,Rob Lucas,Consumer,Central,Furniture,383.607
2833,2023-09,2023-09-03,Rob Lucas,Consumer,Central,Furniture,7.76
2834,2023-09,2023-09-03,Rob Lucas,Consumer,Central,Office Supplies,6.912
2835,2023-09,2023-09-03,Rob Lucas,Consumer,Central,Office Supplies,1.928
2836,2023-09,2023-09-03,Rob Lucas,Consumer,Central,Technology,537.544
2837,2023-09,2023-09-03,Fred McMath,Consumer,Central,Technology,307.168
2838,2023-09,2023-09-03,Rob Lucas,Consumer,Central,Technology,148.48
2839,2023-09,2023-09-03,Rob Lucas,Consumer,Central,Technology,659.168
2840,2023-09,2023-09-04,Natalie DeCherney,Consumer,East,Furniture,1931.04
2841,2023-09,2023-09-04,Natalie DeCherney,Consumer,East,Office Supplies,11.808
2842,2023-09,2023-09-04,Sara Luxemburg,Home Office,Central,Office Supplies,41.568
2843,2023-09,2023-09-04,Neil Ducich,Corporate,South,Office Supplies,38.88
2844,2023-09,2023-09-04,Natalie DeCherney,Consumer,East,Office Supplies,9.96
2845,2023-09,2023-09-05,Toby Gnade,Consumer,West,Furniture,127.764
2846,2023-09,2023-09-05,Toby Gnade,Consumer,West,Furniture,441.92
2847,2023-09,2023-09-05,Toby Gnade,Consumer,West,Office Supplies,18.496
2848,2023-09,2023-09-05,Toby Gnade,Consumer,West,Office Supplies,272.736
2849,2023-09,2023-09-07,Eleni McCrary,Corporate,West,Furniture,1348.704
2850,2023-09,2023-09-07,Eleni McCrary,Corporate,West,Furniture,700.152
2851,2023-09,2023-09-07,Michael Granlund,Home Office,East,Furniture,150.98
2852,2023-09,2023-09-07,Michael Granlund,Home Office,East,Office Supplies,137.25
2853,2023-09,2023-09-07,Michael Granlund,Home Office,East,Office Supplies,11.52
2854,2023-09,2023-09-07,Katrina Edelman,Corporate,East,Office Supplies,80.88
2855,2023-09,2023-09-07,Katrina Edelman,Corporate,East,Technology,599.9
2856,2023-09,2023-09-08,Jessica Myrick,Consumer,West,Furniture,195.466
2857,2023-09,2023-09-08,Michael Paige,Corporate,South,Furniture,231.92
2858,2023-09,2023-09-08,Victoria Brennan,Corporate,Central,Office Supplies,14.432
2859,2023-09,2023-09-08,Victoria Brennan,Corporate,Central,Office Supplies,6.264
2860,2023-09,2023-09-09,Pauline Johnson,Consumer,East,Furniture,7.38
2861,2023-09,2023-09-09,Karen Carlisle,Corporate,East,Office Supplies,5.76
2862,2023-09,2023-09-09,Pauline Johnson,Consumer,East,Office Supplies,3.328
2863,2023-09,2023-09-09,Roland Fjeld,Consumer,West,Technology,519.96
2864,2023-09,2023-09-09,Pauline Johnson,Consumer,East,Technology,135.99
2865,2023-09,2023-09-10,Thais Sissman,Consumer,West,Office Supplies,2.025
2866,2023-09,2023-09-11,Russell Applegate,Consumer,Central,Furniture,913.43
2867,2023-09,2023-09-11,Russell Applegate,Consumer,Central,Furniture,384.944
2868,2023-09,2023-09-11,Russell Applegate,Consumer,Central,Office Supplies,2.88
2869,2023-09,2023-09-11,Ralph Kennedy,Consumer,Central,Office Supplies,106.75
2870,2023-09,2023-09-11,Ralph Kennedy,Consumer,Central,Office Supplies,26.4
2871,2023-09,2023-09-11,Ralph Kennedy,Consumer,Central,Office Supplies,97.82
2872,2023-09,2023-09-11,Ralph Kennedy,Consumer,Central,Office Supplies,34.76
2873,2023-09,2023-09-11,Ralph Kennedy,Consumer,Central,Office Supplies,141.4
2874,2023-09,2023-09-11,Ralph Kennedy,Consumer,Central,Technology,831.2
2875,2023-09,2023-09-11,Russell Applegate,Consumer,Central,Technology,153.584
2876,2023-09,2023-09-14,Tracy Hopkins,Home Office,East,Furniture,128.82
2877,2023-09,2023-09-14,Tracy Hopkins,Home Office,East,Office Supplies,68.94
2878,2023-09,2023-09-14,Melanie Seite,Consumer,East,Office Supplies,10.512
2879,2023-09,2023-09-15,Shirley Schmidt,Home Office,South,Furniture,20.94
2880,2023-09,2023-09-15,Shirley Schmidt,Home Office,South,Office Supplies,135.09
2881,2023-09,2023-09-15,Shirley Schmidt,Home Office,South,Office Supplies,90.06
2882,2023-09,2023-09-15,Shirley Schmidt,Home Office,South,Technology,279.86
2883,2023-09,2023-09-16,Michelle Huthwaite,Consumer,West,Furniture,704.9
2884,2023-09,2023-09-16,Michelle Huthwaite,Consumer,West,Furniture,561.568
2885,2023-09,2023-09-16,Yana Sorensen,Corporate,South,Furniture,358.58
2886,2023-09,2023-09-16,Ross Baird,Home Office,East,Office Supplies,25.176
2887,2023-09,2023-09-16,Yana Sorensen,Corporate,South,Office Supplies,98.46
2888,2023-09,2023-09-16,Michelle Huthwaite,Consumer,West,Office Supplies,9.42
2889,2023-09,2023-09-16,Michelle Huthwaite,Consumer,West,Office Supplies,12.96
2890,2023-09,2023-09-16,Russell D'Ascenzo,Consumer,West,Technology,623.96
2891,2023-09,2023-09-17,Cyma Kinney,Corporate,West,Furniture,266.352
2892,2023-09,2023-09-17,Cynthia Arntzen,Consumer,West,Furniture,393.165
2893,2023-09,2023-09-17,Bart Pistole,Corporate,West,Office Supplies,99.2
2894,2023-09,2023-09-17,Bart Pistole,Corporate,West,Office Supplies,9.144
2895,2023-09,2023-09-17,Bart Pistole,Corporate,West,Office Supplies,23.136
2896,2023-09,2023-09-17,Helen Andreada,Consumer,West,Office Supplies,167.86
2897,2023-09,2023-09-17,Alan Shonely,Consumer,East,Office Supplies,10.368
2898,2023-09,2023-09-18,Patrick Gardner,Consumer,South,Technology,29.97
2899,2023-09,2023-09-21,Gary Hansen,Home Office,Central,Furniture,155.88
2900,2023-09,2023-09-21,Helen Andreada,Consumer,West,Furniture,5.28
2901,2023-09,2023-09-21,Helen Andreada,Consumer,West,Office Supplies,10.92
2902,2023-09,2023-09-21,Corey Catlett,Corporate,Central,Office Supplies,61.792
2903,2023-09,2023-09-21,Helen Andreada,Consumer,West,Technology,209.93
2904,2023-09,2023-09-22,Rick Hansen,Consumer,East,Furniture,1090.782
2905,2023-09,2023-09-22,Rick Hansen,Consumer,East,Office Supplies,19.44
2906,2023-09,2023-09-22,Steve Chapman,Corporate,Central,Office Supplies,52.59
2907,2023-09,2023-09-22,Rick Hansen,Consumer,East,Technology,2309.65
2908,2023-09,2023-09-22,Allen Rosenblatt,Corporate,South,Technology,239.7
2909,2023-09,2023-09-23,Pauline Chand,Home Office,West,Furniture,1004.976
2910,2023-09,2023-09-23,Pauline Chand,Home Office,West,Office Supplies,6.72
2911,2023-09,2023-09-24,Brad Eason,Home Office,East,Furniture,110.98
2912,2023-09,2023-09-24,Darren Koutras,Consumer,West,Furniture,277.5
2913,2023-09,2023-09-24,Corey-Lock,Consumer,West,Office Supplies,6.368
2914,2023-09,2023-09-24,Brad Eason,Home Office,East,Office Supplies,8.4
2915,2023-09,2023-09-24,Brad Eason,Home Office,East,Technology,199.98
2916,2023-09,2023-09-24,Corey-Lock,Consumer,West,Technology,558.4
2917,2023-09,2023-09-24,Brad Eason,Home Office,East,Technology,128.85
2918,2023-09,2023-09-27,Anna Häberlin,Corporate,Central,Furniture,14.76
2919,2023-09,2023-09-27,Anna Häberlin,Corporate,Central,Office Supplies,1.362
2920,2023-09,2023-09-27,Anna Häberlin,Corporate,Central,Office Supplies,33.488
2921,2023-09,2023-09-27,Anna Häberlin,Corporate,Central,Office Supplies,23.04
2922,2023-09,2023-09-28,Rachel Payne,Corporate,Central,Furniture,369.1992
2923,2023-09,2023-09-28,Rachel Payne,Corporate,Central,Office Supplies,6.23
2924,2023-09,2023-09-28,Rachel Payne,Corporate,Central,Office Supplies,35.52
2925,2023-09,2023-09-28,Rachel Payne,Corporate,Central,Office Supplies,56.704
2926,2023-09,2023-09-28,Michael Stewart,Corporate,Central,Office Supplies,27.216
2927,2023-09,2023-09-29,Kelly Williams,Consumer,Central,Furniture,212.94
2928,2023-09,2023-09-29,Noel Staavos,Corporate,East,Office Supplies,77.58
2929,2023-09,2023-09-29,Jim Karlsson,Consumer,East,Office Supplies,106.8
2930,2023-09,2023-09-29,Parhena Norris,Home Office,West,Office Supplies,19.152
2931,2023-09,2023-09-29,Kelly Williams,Consumer,Central,Office Supplies,28.4
2932,2023-09,2023-09-29,Noel Staavos,Corporate,West,Office Supplies,3.304
2933,2023-09,2023-09-29,Eudokia Martin,Corporate,South,Office Supplies,25.06
2934,2023-09,2023-09-29,Eudokia Martin,Corporate,South,Technology,494.97
2935,2023-09,2023-09-30,Thomas Thornton,Consumer,West,Furniture,144.784
2936,2023-09,2023-09-30,Denny Blanton,Consumer,East,Office Supplies,113.92
2937,2023-09,2023-09-30,Denny Blanton,Consumer,East,Office Supplies,39.66
2938,2023-09,2023-09-30,Denny Blanton,Consumer,East,Office Supplies,447.86
2939,2023-09,2023-09-30,Thomas Thornton,Consumer,West,Office Supplies,7.28
2940,2023-09,2023-09-30,Thomas Thornton,Consumer,West,Office Supplies,6.608
2941,2023-09,2023-09-30,Rob Dowd,Consumer,East,Technology,79.99
2942,2023-09,2023-09-30,Denny Blanton,Consumer,East,Office Supplies,7.28
2943,2023-09,2023-09-30,Denny Blanton,Consumer,East,Office Supplies,6.608
2944,2023-09,2023-09-30,Denny Blanton,Consumer,East,Office Supplies,144.784
2945,2023-10,2023-10-01,Hallie Redmond,Home Office,Central,Furniture,687.4
2946,2023-10,2023-10-01,Monica Federle,Corporate,East,Furniture,10.02
2947,2023-10,2023-10-01,Naresj Patel,Consumer,East,Furniture,6.16
2948,2023-10,2023-10-01,Naresj Patel,Consumer,East,Furniture,47.04
2949,2023-10,2023-10-01,Naresj Patel,Consumer,East,Furniture,382.806
2950,2023-10,2023-10-01,David Smith,Corporate,Central,Furniture,622.45
2951,2023-10,2023-10-01,David Smith,Corporate,Central,Office Supplies,2.2
2952,2023-10,2023-10-01,Naresj Patel,Consumer,East,Office Supplies,1217.568
2953,2023-10,2023-10-01,Naresj Patel,Consumer,East,Office Supplies,10.65
2954,2023-10,2023-10-01,Ruben Ausman,Corporate,South,Office Supplies,4.608
2955,2023-10,2023-10-01,Naresj Patel,Consumer,East,Office Supplies,143.7
2956,2023-10,2023-10-01,Monica Federle,Corporate,East,Office Supplies,144.12
2957,2023-10,2023-10-01,Naresj Patel,Consumer,East,Office Supplies,41.96
2958,2023-10,2023-10-01,David Smith,Corporate,Central,Office Supplies,21.98
2959,2023-10,2023-10-01,Naresj Patel,Consumer,East,Technology,247.8
2960,2023-10,2023-10-01,Naresj Patel,Consumer,East,Technology,979.95
2961,2023-10,2023-10-01,Naresj Patel,Consumer,East,Technology,307.98
2962,2023-10,2023-10-02,William Brown,Consumer,West,Office Supplies,133.472
2963,2023-10,2023-10-02,Julie Kriz,Home Office,Central,Office Supplies,29.79
2964,2023-10,2023-10-02,Bill Donatelli,Consumer,Central,Office Supplies,64.75
2965,2023-10,2023-10-02,Julie Kriz,Home Office,Central,Office Supplies,41.4
2966,2023-10,2023-10-02,Julie Kriz,Home Office,Central,Office Supplies,3.75
2967,2023-10,2023-10-02,William Brown,Consumer,West,Technology,438.368
2968,2023-10,2023-10-02,William Brown,Consumer,West,Technology,139.944
2969,2023-10,2023-10-03,Barry Weirich,Consumer,South,Furniture,46.152
2970,2023-10,2023-10-03,Philisse Overcash,Home Office,East,Office Supplies,11.96
2971,2023-10,2023-10-03,Philisse Overcash,Home Office,East,Technology,138.0
2972,2023-10,2023-10-05,Sandra Flanagan,Consumer,West,Furniture,31.56
2973,2023-10,2023-10-05,Grace Kelly,Corporate,South,Office Supplies,64.68
2974,2023-10,2023-10-05,Odella Nelson,Corporate,West,Office Supplies,50.8
2975,2023-10,2023-10-05,Ralph Arnett,Consumer,Central,Office Supplies,11.36
2976,2023-10,2023-10-05,Clytie Kelty,Consumer,South,Office Supplies,5.64
2977,2023-10,2023-10-05,Ed Jacobs,Consumer,East,Office Supplies,422.856
2978,2023-10,2023-10-07,Richard Eichhorn,Consumer,West,Furniture,104.23
2979,2023-10,2023-10-07,Tim Taslimi,Corporate,West,Office Supplies,323.1
2980,2023-10,2023-10-07,Richard Eichhorn,Consumer,West,Office Supplies,70.26
2981,2023-10,2023-10-08,Joni Wasserman,Consumer,East,Furniture,301.47
2982,2023-10,2023-10-08,Sung Pak,Corporate,East,Furniture,254.352
2983,2023-10,2023-10-08,John Murray,Consumer,West,Office Supplies,2.304
2984,2023-10,2023-10-08,Sung Pak,Corporate,East,Office Supplies,3.762
2985,2023-10,2023-10-08,Sung Pak,Corporate,East,Office Supplies,2.724
2986,2023-10,2023-10-08,John Murray,Consumer,West,Office Supplies,5.04
2987,2023-10,2023-10-08,Sung Pak,Corporate,East,Office Supplies,10.272
2988,2023-10,2023-10-08,John Murray,Consumer,West,Office Supplies,313.024
2989,2023-10,2023-10-08,Sung Pak,Corporate,East,Office Supplies,10.368
2990,2023-10,2023-10-08,Joni Wasserman,Consumer,East,Office Supplies,44.688
2991,2023-10,2023-10-08,Sung Pak,Corporate,East,Technology,31.176
2992,2023-10,2023-10-08,John Murray,Consumer,West,Technology,1879.96
2993,2023-10,2023-10-08,Sung Pak,Corporate,East,Technology,519.792
2994,2023-10,2023-10-09,Steven Cartwright,Consumer,West,Office Supplies,10.272
2995,2023-10,2023-10-09,Shaun Chance,Corporate,East,Office Supplies,52.2
2996,2023-10,2023-10-09,Steven Cartwright,Consumer,West,Office Supplies,36.288
2997,2023-10,2023-10-09,Steven Cartwright,Consumer,West,Technology,252.8
2998,2023-10,2023-10-09,Steven Cartwright,Consumer,West,Technology,30.08
2999,2023-10,2023-10-13,David Smith,Corporate,West,Furniture,586.398
3000,2023-10,2023-10-13,Nick Zandusky,Home Office,West,Furniture,544.008
3001,2023-10,2023-10-13,Katherine Nockton,Corporate,East,Furniture,598.458
3002,2023-10,2023-10-13,Katherine Nockton,Corporate,East,Furniture,25.984
3003,2023-10,2023-10-13,Henry Goldwyn,Corporate,South,Office Supplies,35.76
3004,2023-10,2023-10-13,Henry Goldwyn,Corporate,South,Office Supplies,17.52
3005,2023-10,2023-10-13,Katherine Nockton,Corporate,East,Office Supplies,12.828
3006,2023-10,2023-10-13,Sean Miller,Home Office,East,Office Supplies,99.588
3007,2023-10,2023-10-13,Nick Zandusky,Home Office,West,Office Supplies,59.94
3008,2023-10,2023-10-13,Nick Zandusky,Home Office,West,Office Supplies,23.92
3009,2023-10,2023-10-13,Sean Miller,Home Office,East,Office Supplies,49.568
3010,2023-10,2023-10-13,Nick Zandusky,Home Office,West,Office Supplies,4.28
3011,2023-10,2023-10-13,David Smith,Corporate,West,Office Supplies,80.98
3012,2023-10,2023-10-13,Sean Miller,Home Office,East,Office Supplies,663.072
3013,2023-10,2023-10-13,Sean Miller,Home Office,East,Office Supplies,3.488
3014,2023-10,2023-10-13,Sean Miller,Home Office,East,Technology,21.728
3015,2023-10,2023-10-14,Roger Barcio,Home Office,East,Office Supplies,16.52
3016,2023-10,2023-10-14,Dave Poirier,Corporate,East,Office Supplies,50.112
3017,2023-10,2023-10-15,Tamara Dahlen,Consumer,Central,Office Supplies,5.768
3018,2023-10,2023-10-15,Fred Harton,Consumer,South,Office Supplies,542.94
3019,2023-10,2023-10-15,Fred Harton,Consumer,South,Office Supplies,25.86
3020,2023-10,2023-10-15,Tamara Dahlen,Consumer,Central,Office Supplies,12.032
3021,2023-10,2023-10-15,Fred Harton,Consumer,South,Office Supplies,8.64
3022,2023-10,2023-10-15,Tamara Dahlen,Consumer,Central,Office Supplies,10.368
3023,2023-10,2023-10-15,Fred Harton,Consumer,South,Office Supplies,193.8
3024,2023-10,2023-10-15,Fred Harton,Consumer,South,Office Supplies,97.88
3025,2023-10,2023-10-15,Fred Harton,Consumer,South,Office Supplies,21.4
3026,2023-10,2023-10-15,Tamara Dahlen,Consumer,Central,Office Supplies,31.68
3027,2023-10,2023-10-15,Fred Harton,Consumer,South,Technology,251.91
3028,2023-10,2023-10-16,Shahid Collister,Consumer,East,Furniture,14.91
3029,2023-10,2023-10-16,Eleni McCrary,Corporate,East,Furniture,284.364
3030,2023-10,2023-10-16,Cassandra Brandow,Consumer,Central,Furniture,918.785
3031,2023-10,2023-10-16,Denny Ordway,Consumer,West,Office Supplies,7.152
3032,2023-10,2023-10-16,Cassandra Brandow,Consumer,Central,Office Supplies,2.724
3033,2023-10,2023-10-16,Maurice Satty,Consumer,East,Office Supplies,6.912
3034,2023-10,2023-10-16,Cassandra Brandow,Consumer,Central,Office Supplies,999.432
3035,2023-10,2023-10-16,Cassandra Brandow,Consumer,Central,Office Supplies,724.08
3036,2023-10,2023-10-16,Maurice Satty,Consumer,East,Office Supplies,435.504
3037,2023-10,2023-10-16,Eleni McCrary,Corporate,East,Technology,26.0
3038,2023-10,2023-10-16,Katrina Willman,Consumer,South,Technology,79.96
3039,2023-10,2023-10-16,Katrina Willman,Consumer,South,Technology,3080.0
3040,2023-10,2023-10-16,Maurice Satty,Consumer,East,Technology,26.982
3041,2023-10,2023-10-16,Katrina Willman,Consumer,South,Technology,587.97
3042,2023-10,2023-10-17,Nancy Lomonaco,Home Office,West,Furniture,40.784
3043,2023-10,2023-10-17,Mick Crebagga,Consumer,Central,Furniture,20.104
3044,2023-10,2023-10-17,Mick Crebagga,Consumer,Central,Furniture,7.88
3045,2023-10,2023-10-17,Nancy Lomonaco,Home Office,West,Office Supplies,105.96
3046,2023-10,2023-10-17,Mick Crebagga,Consumer,Central,Office Supplies,3.798
3047,2023-10,2023-10-19,Chad Cunningham,Home Office,West,Office Supplies,5.104
3048,2023-10,2023-10-19,Philip Fox,Consumer,West,Office Supplies,3.08
3049,2023-10,2023-10-19,Philip Fox,Consumer,West,Office Supplies,114.2
3050,2023-10,2023-10-19,Ryan Akin,Consumer,West,Office Supplies,484.65
3051,2023-10,2023-10-19,Philip Fox,Consumer,West,Office Supplies,32.94
3052,2023-10,2023-10-20,Cassandra Brandow,Consumer,West,Furniture,307.666
3053,2023-10,2023-10-20,Cassandra Brandow,Consumer,West,Furniture,4.16
3054,2023-10,2023-10-20,Ben Peterman,Corporate,Central,Furniture,103.481
3055,2023-10,2023-10-20,Cassandra Brandow,Consumer,West,Office Supplies,41.36
3056,2023-10,2023-10-20,Cassandra Brandow,Consumer,West,Office Supplies,728.82
3057,2023-10,2023-10-20,Cassandra Brandow,Consumer,West,Office Supplies,892.35
3058,2023-10,2023-10-20,Suzanne McNair,Corporate,East,Office Supplies,470.36
3059,2023-10,2023-10-20,Todd Sumrall,Corporate,Central,Technology,2799.96
3060,2023-10,2023-10-20,Cassandra Brandow,Consumer,West,Technology,43.176
3061,2023-10,2023-10-20,Ben Peterman,Corporate,Central,Technology,1099.96
3062,2023-10,2023-10-21,Chad Cunningham,Home Office,Central,Technology,114.52
3063,2023-10,2023-10-21,Chad Cunningham,Home Office,Central,Technology,131.98
3064,2023-10,2023-10-23,Scott Cohen,Corporate,West,Furniture,1552.831
3065,2023-10,2023-10-23,Scott Cohen,Corporate,West,Office Supplies,137.24
3066,2023-10,2023-10-23,Andrew Roberts,Consumer,West,Office Supplies,58.32
3067,2023-10,2023-10-23,Shirley Daniels,Home Office,Central,Office Supplies,20.96
3068,2023-10,2023-10-23,Scott Cohen,Corporate,West,Technology,36.51
3069,2023-10,2023-10-23,Scott Cohen,Corporate,West,Technology,239.976
3070,2023-10,2023-10-23,Rick Huthwaite,Home Office,West,Technology,555.96
3071,2023-10,2023-10-24,Daniel Raglin,Home Office,East,Furniture,60.74
3072,2023-10,2023-10-24,Daniel Raglin,Home Office,East,Furniture,124.36
3073,2023-10,2023-10-24,Daniel Raglin,Home Office,East,Office Supplies,114.6
3074,2023-10,2023-10-24,Doug Bickford,Consumer,West,Office Supplies,4.752
3075,2023-10,2023-10-24,Doug Bickford,Consumer,West,Office Supplies,14.368
3076,2023-10,2023-10-24,Daniel Raglin,Home Office,East,Office Supplies,1088.76
3077,2023-10,2023-10-24,Doug Bickford,Consumer,West,Technology,959.984
3078,2023-10,2023-10-26,Ann Steele,Home Office,West,Furniture,129.568
3079,2023-10,2023-10-26,Cathy Prescott,Corporate,West,Furniture,238.152
3080,2023-10,2023-10-26,Jennifer Braxton,Corporate,East,Office Supplies,137.62
3081,2023-10,2023-10-26,Ann Steele,Home Office,West,Office Supplies,6.368
3082,2023-10,2023-10-26,Julie Creighton,Corporate,South,Office Supplies,200.984
3083,2023-10,2023-10-26,Mike Gockenbach,Consumer,East,Office Supplies,52.512
3084,2023-10,2023-10-26,John Huston,Consumer,Central,Office Supplies,7.5
3085,2023-10,2023-10-26,David Bremer,Corporate,West,Office Supplies,31.44
3086,2023-10,2023-10-26,Jennifer Braxton,Corporate,East,Office Supplies,120.33
3087,2023-10,2023-10-26,Mike Gockenbach,Consumer,East,Office Supplies,36.336
3088,2023-10,2023-10-26,Mike Gockenbach,Consumer,East,Office Supplies,666.248
3089,2023-10,2023-10-26,David Bremer,Corporate,West,Technology,17.9
3090,2023-10,2023-10-26,David Bremer,Corporate,West,Technology,129.45
3091,2023-10,2023-10-26,Jennifer Braxton,Corporate,East,Technology,100.49
3092,2023-10,2023-10-27,Ken Black,Corporate,West,Office Supplies,9.762
3093,2023-10,2023-10-27,Shaun Chance,Corporate,East,Office Supplies,7.656
3094,2023-10,2023-10-27,Christine Sundaresam,Consumer,South,Office Supplies,15.28
3095,2023-10,2023-10-27,Christine Sundaresam,Consumer,South,Office Supplies,4.36
3096,2023-10,2023-10-27,Christine Sundaresam,Consumer,South,Office Supplies,279.9
3097,2023-10,2023-10-27,David Smith,Corporate,Central,Technology,134.376
3098,2023-10,2023-10-27,Christine Sundaresam,Consumer,South,Technology,619.95
3099,2023-10,2023-10-28,Arthur Gainer,Consumer,West,Furniture,411.332
3100,2023-10,2023-10-28,Arthur Gainer,Consumer,West,Furniture,293.199
3101,2023-10,2023-10-28,Tamara Willingham,Home Office,South,Furniture,67.96
3102,2023-10,2023-10-28,Sung Pak,Corporate,Central,Furniture,6.16
3103,2023-10,2023-10-28,Cathy Armstrong,Home Office,Central,Office Supplies,16.27
3104,2023-10,2023-10-28,Arthur Gainer,Consumer,West,Office Supplies,28.752
3105,2023-10,2023-10-28,Cathy Armstrong,Home Office,Central,Office Supplies,4.47
3106,2023-10,2023-10-28,Sung Pak,Corporate,Central,Office Supplies,36.84
3107,2023-10,2023-10-28,Cathy Armstrong,Home Office,Central,Office Supplies,69.12
3108,2023-10,2023-10-29,Chuck Clark,Home Office,East,Furniture,271.764
3109,2023-10,2023-10-29,Beth Thompson,Home Office,West,Furniture,191.82
3110,2023-10,2023-10-29,Shaun Weien,Consumer,South,Furniture,85.98
3111,2023-10,2023-10-29,Brendan Sweed,Corporate,East,Office Supplies,8.39
3112,2023-10,2023-10-29,Beth Thompson,Home Office,West,Office Supplies,6.096
3113,2023-10,2023-10-29,Andy Gerbode,Corporate,South,Office Supplies,46.62
3114,2023-10,2023-10-29,Alyssa Tate,Home Office,South,Office Supplies,3.444
3115,2023-10,2023-10-29,Cyma Kinney,Corporate,South,Office Supplies,7.24
3116,2023-10,2023-10-29,Lori Olson,Corporate,West,Technology,46.32
3117,2023-10,2023-10-29,Brendan Sweed,Corporate,East,Technology,337.98
3118,2023-10,2023-10-30,Charles Crestani,Consumer,Central,Furniture,47.516
3119,2023-10,2023-10-30,Andy Gerbode,Corporate,East,Furniture,481.176
3120,2023-10,2023-10-30,Marc Crier,Consumer,East,Furniture,27.414
3121,2023-10,2023-10-30,Corey Catlett,Corporate,South,Office Supplies,140.736
3122,2023-10,2023-10-30,Andy Gerbode,Corporate,East,Office Supplies,6.096
3123,2023-10,2023-10-30,Lisa Ryan,Corporate,East,Office Supplies,4.923
3124,2023-10,2023-10-30,Lisa Ryan,Corporate,East,Office Supplies,9.522
3125,2023-10,2023-10-30,Andy Gerbode,Corporate,East,Office Supplies,7.24
3126,2023-10,2023-10-30,Marc Crier,Consumer,East,Office Supplies,13.96
3127,2023-10,2023-10-30,Andy Gerbode,Corporate,East,Office Supplies,70.26
3128,2023-10,2023-10-30,Helen Andreada,Consumer,West,Office Supplies,671.93
3129,2023-10,2023-10-30,Andy Gerbode,Corporate,East,Technology,90.0
3130,2023-10,2023-10-30,Tanja Norvell,Home Office,East,Technology,559.93
3131,2023-10,2023-10-30,Lisa Ryan,Corporate,East,Technology,791.964
3132,2023-10,2023-10-31,Victoria Wilson,Corporate,South,Furniture,21.36
3133,2023-10,2023-10-31,Neoma Murray,Consumer,West,Office Supplies,26.4
3134,2023-10,2023-10-31,Neoma Murray,Consumer,West,Office Supplies,41.88
3135,2023-10,2023-10-31,George Zrebassa,Corporate,East,Office Supplies,6.68
3136,2023-11,2023-11-02,Edward Hooks,Corporate,East,Furniture,361.96
3137,2023-11,2023-11-02,Alex Russell,Corporate,Central,Furniture,179.886
3138,2023-11,2023-11-02,Frank Atkinson,Corporate,West,Furniture,106.68
3139,2023-11,2023-11-02,Edward Hooks,Corporate,East,Office Supplies,61.96
3140,2023-11,2023-11-02,Bobby Odegard,Consumer,East,Office Supplies,6.08
3141,2023-11,2023-11-02,Aimee Bixby,Consumer,Central,Office Supplies,14.94
3142,2023-11,2023-11-02,Edward Hooks,Corporate,East,Office Supplies,278.82
3143,2023-11,2023-11-02,Matt Collins,Consumer,West,Office Supplies,353.88
3144,2023-11,2023-11-02,Charles Crestani,Consumer,West,Office Supplies,51.52
3145,2023-11,2023-11-03,George Bell,Corporate,West,Furniture,24.64
3146,2023-11,2023-11-03,Don Miller,Corporate,East,Furniture,210.68
3147,2023-11,2023-11-03,Skye Norling,Home Office,East,Furniture,8.92
3148,2023-11,2023-11-03,Skye Norling,Home Office,East,Office Supplies,111.04
3149,2023-11,2023-11-03,Sean Braxton,Corporate,West,Office Supplies,265.86
3150,2023-11,2023-11-03,Steven Cartwright,Consumer,West,Office Supplies,181.35
3151,2023-11,2023-11-03,Skye Norling,Home Office,East,Office Supplies,209.6
3152,2023-11,2023-11-03,Skye Norling,Home Office,East,Office Supplies,31.05
3153,2023-11,2023-11-03,Steven Cartwright,Consumer,West,Office Supplies,8.64
3154,2023-11,2023-11-03,Skye Norling,Home Office,East,Office Supplies,38.88
3155,2023-11,2023-11-03,Don Miller,Corporate,East,Office Supplies,772.68
3156,2023-11,2023-11-03,Don Miller,Corporate,East,Office Supplies,78.8
3157,2023-11,2023-11-03,Don Miller,Corporate,East,Technology,19.99
3158,2023-11,2023-11-04,Tamara Manning,Consumer,East,Office Supplies,9.26
3159,2023-11,2023-11-04,Tamara Manning,Consumer,East,Office Supplies,27.18
3160,2023-11,2023-11-04,Tamara Manning,Consumer,East,Office Supplies,1.24
3161,2023-11,2023-11-04,Paul Gonzalez,Consumer,East,Office Supplies,12.6
3162,2023-11,2023-11-04,Tamara Manning,Consumer,East,Office Supplies,20.7
3163,2023-11,2023-11-04,Tamara Manning,Consumer,East,Office Supplies,28.9
3164,2023-11,2023-11-04,Tamara Manning,Consumer,East,Office Supplies,105.98
3165,2023-11,2023-11-04,Craig Carreira,Consumer,West,Technology,21.98
3166,2023-11,2023-11-04,Paul Gonzalez,Consumer,East,Technology,479.984
3167,2023-11,2023-11-05,Zuschuss Carroll,Consumer,Central,Furniture,1516.2
3168,2023-11,2023-11-05,Ken Dana,Corporate,West,Furniture,717.72
3169,2023-11,2023-11-05,Arthur Gainer,Consumer,Central,Furniture,170.072
3170,2023-11,2023-11-05,Ken Dana,Corporate,West,Furniture,207.35
3171,2023-11,2023-11-05,Jonathan Howell,Consumer,South,Furniture,129.93
3172,2023-11,2023-11-05,Ken Dana,Corporate,West,Furniture,44.67
3173,2023-11,2023-11-05,Ken Dana,Corporate,West,Furniture,131.88
3174,2023-11,2023-11-05,Anne McFarland,Consumer,South,Office Supplies,13.092
3175,2023-11,2023-11-05,Ken Dana,Corporate,West,Office Supplies,25.032
3176,2023-11,2023-11-05,Harry Greene,Consumer,East,Office Supplies,2.412
3177,2023-11,2023-11-05,Arthur Gainer,Consumer,Central,Office Supplies,7.824
3178,2023-11,2023-11-05,Ken Dana,Corporate,West,Office Supplies,209.7
3179,2023-11,2023-11-05,Jonathan Howell,Consumer,South,Office Supplies,69.93
3180,2023-11,2023-11-05,Zuschuss Carroll,Consumer,Central,Technology,199.96
3181,2023-11,2023-11-06,Stefania Perrino,Corporate,West,Furniture,170.136
3182,2023-11,2023-11-06,Christina Anderson,Consumer,West,Furniture,912.75
3183,2023-11,2023-11-06,Craig Carroll,Consumer,East,Office Supplies,12.96
3184,2023-11,2023-11-06,Brad Eason,Home Office,Central,Office Supplies,25.9
3185,2023-11,2023-11-06,Craig Carroll,Consumer,East,Office Supplies,991.2
3186,2023-11,2023-11-06,Christopher Martinez,Consumer,South,Office Supplies,269.49
3187,2023-11,2023-11-06,Craig Carroll,Consumer,East,Technology,879.984
3188,2023-11,2023-11-07,Brendan Murry,Corporate,East,Furniture,46.384
3189,2023-11,2023-11-07,Natalie Webber,Consumer,South,Furniture,1056.86
3190,2023-11,2023-11-07,Nat Gilpin,Corporate,South,Furniture,15.712
3191,2023-11,2023-11-07,Nat Gilpin,Corporate,South,Furniture,55.968
3192,2023-11,2023-11-07,Natalie Webber,Consumer,South,Furniture,801.96
3193,2023-11,2023-11-07,Carol Triggs,Consumer,Central,Office Supplies,24.32
3194,2023-11,2023-11-07,Brendan Murry,Corporate,East,Office Supplies,79.872
3195,2023-11,2023-11-07,Ann Chong,Corporate,East,Office Supplies,3.576
3196,2023-11,2023-11-07,Nat Gilpin,Corporate,South,Office Supplies,15.552
3197,2023-11,2023-11-07,Brendan Murry,Corporate,East,Office Supplies,12.96
3198,2023-11,2023-11-07,Carol Triggs,Consumer,Central,Office Supplies,190.86
3199,2023-11,2023-11-07,Nat Gilpin,Corporate,South,Office Supplies,24.672
3200,2023-11,2023-11-07,Ann Chong,Corporate,East,Office Supplies,147.184
3201,2023-11,2023-11-07,Natalie Webber,Consumer,South,Technology,59.97
3202,2023-11,2023-11-08,Bradley Drucker,Consumer,South,Office Supplies,31.12
3203,2023-11,2023-11-09,Peter Fuller,Consumer,East,Furniture,2003.92
3204,2023-11,2023-11-09,Tracy Blumstein,Consumer,East,Furniture,3083.43
3205,2023-11,2023-11-09,Peter Fuller,Consumer,East,Furniture,4228.704
3206,2023-11,2023-11-09,Peter Fuller,Consumer,East,Furniture,199.764
3207,2023-11,2023-11-09,Sylvia Foulston,Corporate,Central,Furniture,21.936
3208,2023-11,2023-11-09,Tracy Blumstein,Consumer,East,Furniture,124.2
3209,2023-11,2023-11-09,Lindsay Shagiari,Home Office,East,Furniture,344.22
3210,2023-11,2023-11-09,Tracy Blumstein,Consumer,East,Office Supplies,15.76
3211,2023-11,2023-11-09,Tracy Blumstein,Consumer,East,Office Supplies,86.304
3212,2023-11,2023-11-09,Sylvia Foulston,Corporate,Central,Office Supplies,6.588
3213,2023-11,2023-11-09,Tracy Blumstein,Consumer,East,Office Supplies,9.618
3214,2023-11,2023-11-09,Tracy Blumstein,Consumer,East,Office Supplies,6.858
3215,2023-11,2023-11-09,Cari Sayre,Corporate,West,Office Supplies,25.032
3216,2023-11,2023-11-09,Tracy Blumstein,Consumer,East,Office Supplies,3.264
3217,2023-11,2023-11-09,Peter Fuller,Consumer,East,Office Supplies,87.71
3218,2023-11,2023-11-09,Peter Fuller,Consumer,East,Office Supplies,110.96
3219,2023-11,2023-11-09,Meg O'Connel,Home Office,West,Office Supplies,32.4
3220,2023-11,2023-11-09,Peter Fuller,Consumer,East,Office Supplies,14.9
3221,2023-11,2023-11-09,Peter Fuller,Consumer,East,Office Supplies,94.6
3222,2023-11,2023-11-09,Denny Blanton,Consumer,South,Technology,87.168
3223,2023-11,2023-11-09,Peter Fuller,Consumer,East,Technology,659.9
3224,2023-11,2023-11-09,Peter Fuller,Consumer,East,Technology,67.8
3225,2023-11,2023-11-09,Peter Fuller,Consumer,East,Technology,209.97
3226,2023-11,2023-11-10,George Bell,Corporate,West,Furniture,24.4
3227,2023-11,2023-11-10,George Bell,Corporate,West,Office Supplies,11.68
3228,2023-11,2023-11-10,Ken Heidel,Corporate,East,Office Supplies,65.08
3229,2023-11,2023-11-10,Trudy Glocke,Consumer,West,Office Supplies,19.92
3230,2023-11,2023-11-10,Adam Bellavance,Home Office,West,Office Supplies,18.54
3231,2023-11,2023-11-10,Trudy Glocke,Consumer,West,Office Supplies,160.72
3232,2023-11,2023-11-10,Ken Heidel,Corporate,East,Office Supplies,636.86
3233,2023-11,2023-11-10,Charlotte Melton,Consumer,West,Office Supplies,443.92
3234,2023-11,2023-11-10,Ken Heidel,Corporate,East,Office Supplies,41.96
3235,2023-11,2023-11-10,Trudy Glocke,Consumer,West,Office Supplies,7.3
3236,2023-11,2023-11-10,George Bell,Corporate,West,Office Supplies,16.9
3237,2023-11,2023-11-10,Justin Ritter,Corporate,South,Technology,717.12
3238,2023-11,2023-11-10,Ken Heidel,Corporate,East,Technology,499.99
3239,2023-11,2023-11-10,Ken Heidel,Corporate,East,Technology,1259.93
3240,2023-11,2023-11-11,Tracy Collins,Home Office,South,Furniture,61.96
3241,2023-11,2023-11-11,Frank Carlisle,Home Office,West,Furniture,60.84
3242,2023-11,2023-11-11,Marc Harrigan,Home Office,West,Office Supplies,8.4
3243,2023-11,2023-11-11,Rick Wilson,Corporate,West,Office Supplies,22.96
3244,2023-11,2023-11-11,Nicole Hansen,Corporate,South,Technology,66.36
3245,2023-11,2023-11-11,Giulietta Weimer,Consumer,East,Technology,279.86
3246,2023-11,2023-11-12,Theone Pippenger,Consumer,Central,Office Supplies,2.808
3247,2023-11,2023-11-12,Barry Gonzalez,Consumer,South,Office Supplies,1369.764
3248,2023-11,2023-11-12,Alejandro Grove,Consumer,East,Office Supplies,37.68
3249,2023-11,2023-11-12,Tamara Chand,Corporate,East,Office Supplies,24.448
3250,2023-11,2023-11-12,Anne McFarland,Consumer,West,Office Supplies,45.584
3251,2023-11,2023-11-12,Tamara Chand,Corporate,East,Office Supplies,61.4
3252,2023-11,2023-11-12,Barry Gonzalez,Consumer,South,Office Supplies,294.368
3253,2023-11,2023-11-12,Alejandro Grove,Consumer,East,Office Supplies,24.448
3254,2023-11,2023-11-13,Dario Medina,Corporate,Central,Furniture,194.32
3255,2023-11,2023-11-13,Giulietta Baptist,Consumer,South,Furniture,1690.04
3256,2023-11,2023-11-13,Tracy Hopkins,Home Office,East,Furniture,542.94
3257,2023-11,2023-11-13,Cynthia Delaney,Home Office,West,Furniture,601.536
3258,2023-11,2023-11-13,Stuart Van,Corporate,Central,Furniture,4.928
3259,2023-11,2023-11-13,Duane Huffman,Home Office,East,Furniture,85.3
3260,2023-11,2023-11-13,Dario Medina,Corporate,Central,Office Supplies,25.99
3261,2023-11,2023-11-13,Giulietta Baptist,Consumer,South,Office Supplies,14.6
3262,2023-11,2023-11-13,Giulietta Baptist,Consumer,South,Office Supplies,121.96
3263,2023-11,2023-11-13,Cynthia Delaney,Home Office,West,Office Supplies,7.9
3264,2023-11,2023-11-13,Giulietta Baptist,Consumer,South,Office Supplies,23.92
3265,2023-11,2023-11-13,Giulietta Baptist,Consumer,South,Office Supplies,63.96
3266,2023-11,2023-11-13,Giulietta Baptist,Consumer,South,Office Supplies,85.96
3267,2023-11,2023-11-13,Chad Sievert,Consumer,West,Office Supplies,199.74
3268,2023-11,2023-11-13,Giulietta Baptist,Consumer,South,Office Supplies,887.84
3269,2023-11,2023-11-13,Stuart Van,Corporate,Central,Technology,151.2
3270,2023-11,2023-11-13,Giulietta Baptist,Consumer,South,Technology,629.95
3271,2023-11,2023-11-13,Tracy Hopkins,Home Office,East,Technology,589.9
3272,2023-11,2023-11-13,Giulietta Baptist,Consumer,South,Technology,113.73
3273,2023-11,2023-11-13,Stuart Van,Corporate,Central,Technology,946.344
3274,2023-11,2023-11-14,Michael Grace,Home Office,South,Furniture,47.98
3275,2023-11,2023-11-14,Daniel Lacy,Consumer,West,Furniture,204.6
3276,2023-11,2023-11-14,Muhammed MacIntyre,Corporate,West,Office Supplies,61.44
3277,2023-11,2023-11-14,Sanjit Jacobs,Home Office,South,Office Supplies,2.816
3278,2023-11,2023-11-14,Sanjit Jacobs,Home Office,South,Office Supplies,3.204
3279,2023-11,2023-11-14,Sanjit Jacobs,Home Office,South,Office Supplies,12.0
3280,2023-11,2023-11-14,Michael Grace,Home Office,South,Office Supplies,32.4
3281,2023-11,2023-11-14,Sanjit Jacobs,Home Office,South,Office Supplies,25.424
3282,2023-11,2023-11-14,Sanjit Jacobs,Home Office,South,Office Supplies,720.064
3283,2023-11,2023-11-14,Frank Olsen,Consumer,East,Office Supplies,55.6
3284,2023-11,2023-11-14,Frank Olsen,Consumer,East,Technology,617.976
3285,2023-11,2023-11-16,Deanra Eno,Home Office,Central,Furniture,1408.1
3286,2023-11,2023-11-16,Marc Crier,Consumer,South,Furniture,517.5
3287,2023-11,2023-11-16,Shaun Chance,Corporate,West,Furniture,14.91
3288,2023-11,2023-11-16,Shaun Chance,Corporate,West,Office Supplies,1158.12
3289,2023-11,2023-11-16,Odella Nelson,Corporate,East,Office Supplies,6.848
3290,2023-11,2023-11-16,Kunst Miller,Consumer,West,Office Supplies,16.464
3291,2023-11,2023-11-16,Kunst Miller,Consumer,West,Office Supplies,14.576
3292,2023-11,2023-11-16,Maria Bertelson,Consumer,East,Office Supplies,17.12
3293,2023-11,2023-11-16,Max Engle,Consumer,West,Office Supplies,35.96
3294,2023-11,2023-11-16,Max Engle,Consumer,West,Office Supplies,14.952
3295,2023-11,2023-11-16,Deanra Eno,Home Office,Central,Office Supplies,15.24
3296,2023-11,2023-11-16,Maria Bertelson,Consumer,East,Office Supplies,6.732
3297,2023-11,2023-11-16,Jamie Frazer,Consumer,East,Office Supplies,39.98
3298,2023-11,2023-11-16,Maria Bertelson,Consumer,East,Office Supplies,15.84
3299,2023-11,2023-11-16,Maria Bertelson,Consumer,East,Office Supplies,24.424
3300,2023-11,2023-11-16,Maria Bertelson,Consumer,East,Office Supplies,33.568
3301,2023-11,2023-11-16,Kunst Miller,Consumer,West,Technology,23.2
3302,2023-11,2023-11-16,Carlos Meador,Consumer,West,Technology,35.12
3303,2023-11,2023-11-16,Steve Carroll,Home Office,Central,Technology,821.94
3304,2023-11,2023-11-17,Carlos Soltero,Consumer,East,Furniture,102.582
3305,2023-11,2023-11-17,Sally Hughsby,Corporate,West,Furniture,307.136
3306,2023-11,2023-11-17,Emily Burns,Consumer,West,Furniture,1044.63
3307,2023-11,2023-11-17,Dana Kaydos,Consumer,Central,Office Supplies,128.744
3308,2023-11,2023-11-17,Erica Hackney,Consumer,East,Office Supplies,6.7
3309,2023-11,2023-11-17,Erica Hackney,Consumer,East,Office Supplies,10.76
3310,2023-11,2023-11-17,Marina Lichtenstein,Corporate,South,Office Supplies,6.336
3311,2023-11,2023-11-17,Marina Lichtenstein,Corporate,South,Office Supplies,3.264
3312,2023-11,2023-11-17,Sarah Brown,Consumer,East,Office Supplies,68.62
3313,2023-11,2023-11-17,Phillina Ober,Home Office,East,Office Supplies,14.46
3314,2023-11,2023-11-17,Bryan Mills,Consumer,East,Office Supplies,2.946
3315,2023-11,2023-11-17,Marina Lichtenstein,Corporate,South,Office Supplies,2.469
3316,2023-11,2023-11-17,Anne McFarland,Consumer,West,Office Supplies,17.48
3317,2023-11,2023-11-17,Sally Hughsby,Corporate,West,Office Supplies,12.6
3318,2023-11,2023-11-17,Erica Hackney,Consumer,East,Office Supplies,45.68
3319,2023-11,2023-11-17,Carlos Soltero,Consumer,East,Office Supplies,20.04
3320,2023-11,2023-11-17,Marina Lichtenstein,Corporate,South,Office Supplies,10.48
3321,2023-11,2023-11-17,Phillina Ober,Home Office,East,Technology,63.96
3322,2023-11,2023-11-17,Sally Hughsby,Corporate,West,Technology,159.98
3323,2023-11,2023-11-17,Dan Reichenbach,Corporate,East,Technology,899.91
3324,2023-11,2023-11-17,Phillina Ober,Home Office,East,Technology,104.98
3325,2023-11,2023-11-18,Rick Wilson,Corporate,West,Office Supplies,60.672
3326,2023-11,2023-11-18,Gene McClure,Consumer,East,Office Supplies,79.056
3327,2023-11,2023-11-18,Rick Wilson,Corporate,West,Office Supplies,72.588
3328,2023-11,2023-11-18,Rick Wilson,Corporate,West,Office Supplies,77.031
3329,2023-11,2023-11-18,Sarah Foster,Consumer,East,Office Supplies,121.104
3330,2023-11,2023-11-18,Steven Cartwright,Consumer,Central,Office Supplies,2.08
3331,2023-11,2023-11-18,Bryan Spruell,Home Office,West,Office Supplies,124.46
3332,2023-11,2023-11-18,Gene McClure,Consumer,East,Office Supplies,34.44
3333,2023-11,2023-11-18,Tracy Blumstein,Consumer,West,Office Supplies,141.76
3334,2023-11,2023-11-18,Rick Wilson,Corporate,West,Office Supplies,86.272
3335,2023-11,2023-11-18,Tracy Blumstein,Consumer,West,Office Supplies,31.104
3336,2023-11,2023-11-18,Rick Wilson,Corporate,West,Office Supplies,119.904
3337,2023-11,2023-11-18,Bryan Spruell,Home Office,West,Office Supplies,64.17
3338,2023-11,2023-11-18,Rick Wilson,Corporate,West,Office Supplies,363.648
3339,2023-11,2023-11-18,Philip Fox,Consumer,East,Technology,50.0
3340,2023-11,2023-11-18,Tracy Blumstein,Consumer,West,Technology,239.8
3341,2023-11,2023-11-18,Gene McClure,Consumer,East,Technology,629.93
3342,2023-11,2023-11-18,Rick Wilson,Corporate,West,Technology,263.96
3343,2023-11,2023-11-18,Steven Cartwright,Consumer,Central,Technology,1114.4
3344,2023-11,2023-11-18,Sarah Foster,Consumer,East,Technology,45.894
3345,2023-11,2023-11-19,Neoma Murray,Consumer,Central,Furniture,24.288
3346,2023-11,2023-11-19,Helen Wasserman,Corporate,Central,Office Supplies,16.4
3347,2023-11,2023-11-19,Saphhira Shifley,Corporate,West,Office Supplies,99.2
3348,2023-11,2023-11-19,Neoma Murray,Consumer,Central,Office Supplies,15.08
3349,2023-11,2023-11-19,Jamie Kunitz,Consumer,South,Office Supplies,154.9
3350,2023-11,2023-11-19,Rick Huthwaite,Home Office,West,Office Supplies,146.82
3351,2023-11,2023-11-19,Helen Wasserman,Corporate,Central,Office Supplies,25.92
3352,2023-11,2023-11-19,Rick Huthwaite,Home Office,West,Office Supplies,12.96
3353,2023-11,2023-11-19,Rick Huthwaite,Home Office,West,Office Supplies,15.51
3354,2023-11,2023-11-19,Jamie Kunitz,Consumer,South,Technology,1871.88
3355,2023-11,2023-11-20,Henry Goldwyn,Corporate,West,Office Supplies,43.26
3356,2023-11,2023-11-20,Henry Goldwyn,Corporate,West,Office Supplies,43.56
3357,2023-11,2023-11-20,Roy Phan,Corporate,West,Office Supplies,186.15
3358,2023-11,2023-11-20,Jennifer Jackson,Consumer,East,Office Supplies,293.52
3359,2023-11,2023-11-20,Zuschuss Carroll,Consumer,West,Office Supplies,1.08
3360,2023-11,2023-11-20,Roy Phan,Corporate,West,Office Supplies,81.792
3361,2023-11,2023-11-20,Zuschuss Carroll,Consumer,West,Office Supplies,12.536
3362,2023-11,2023-11-20,Zuschuss Carroll,Consumer,West,Office Supplies,4.512
3363,2023-11,2023-11-20,Roy Phan,Corporate,West,Office Supplies,47.19
3364,2023-11,2023-11-20,Jennifer Jackson,Consumer,East,Technology,307.98
3365,2023-11,2023-11-20,Roy Phan,Corporate,West,Technology,36.784
3366,2023-11,2023-11-23,Robert Marley,Home Office,East,Office Supplies,22.45
3367,2023-11,2023-11-23,Eric Murdock,Consumer,Central,Office Supplies,2.992
3368,2023-11,2023-11-23,Shaun Chance,Corporate,West,Office Supplies,139.424
3369,2023-11,2023-11-23,Eric Murdock,Consumer,Central,Technology,108.768
3370,2023-11,2023-11-23,Eric Murdock,Consumer,West,Technology,572.8
3371,2023-11,2023-11-23,Robert Marley,Home Office,East,Technology,311.98
3372,2023-11,2023-11-24,Chloris Kastensmidt,Consumer,West,Furniture,11.032
3373,2023-11,2023-11-24,Sheri Gordon,Consumer,East,Office Supplies,7.38
3374,2023-11,2023-11-24,Michael Paige,Corporate,East,Office Supplies,26.9
3375,2023-11,2023-11-24,Nora Pelletier,Home Office,South,Office Supplies,7.38
3376,2023-11,2023-11-24,Henry MacAllister,Consumer,West,Office Supplies,11.808
3377,2023-11,2023-11-24,Ed Braxton,Corporate,West,Office Supplies,57.504
3378,2023-11,2023-11-24,Henry MacAllister,Consumer,West,Office Supplies,53.568
3379,2023-11,2023-11-24,Jennifer Patt,Corporate,East,Office Supplies,51.12
3380,2023-11,2023-11-24,Jennifer Patt,Corporate,East,Office Supplies,94.85
3381,2023-11,2023-11-24,Sheri Gordon,Consumer,East,Office Supplies,19.44
3382,2023-11,2023-11-24,Christopher Schild,Home Office,West,Office Supplies,270.34
3383,2023-11,2023-11-24,Resi Pölking,Consumer,West,Office Supplies,10.944
3384,2023-11,2023-11-24,Jennifer Patt,Corporate,East,Technology,90.0
3385,2023-11,2023-11-24,Chloris Kastensmidt,Consumer,West,Technology,53.04
3386,2023-11,2023-11-24,Henry MacAllister,Consumer,West,Technology,503.96
3387,2023-11,2023-11-25,Bryan Mills,Consumer,East,Furniture,35.49
3388,2023-11,2023-11-25,Bruce Stewart,Consumer,West,Furniture,120.666
3389,2023-11,2023-11-25,Bryan Mills,Consumer,East,Office Supplies,32.07
3390,2023-11,2023-11-25,Mary Zewe,Corporate,East,Office Supplies,15.008
3391,2023-11,2023-11-25,Bryan Mills,Consumer,East,Technology,47.984
3392,2023-11,2023-11-25,Bryan Mills,Consumer,East,Technology,24.0
3393,2023-11,2023-11-26,Denny Joy,Corporate,South,Furniture,392.94
3394,2023-11,2023-11-26,Julie Kriz,Home Office,East,Furniture,64.944
3395,2023-11,2023-11-26,Julie Kriz,Home Office,East,Office Supplies,20.736
3396,2023-11,2023-11-26,Alex Avila,Consumer,West,Office Supplies,26.96
3397,2023-11,2023-11-27,Jeremy Farry,Consumer,West,Furniture,66.294
3398,2023-11,2023-11-27,Jeremy Farry,Consumer,West,Furniture,291.168
3399,2023-11,2023-11-27,Joel Jenkins,Home Office,South,Office Supplies,28.84
3400,2023-11,2023-11-27,Joel Jenkins,Home Office,South,Office Supplies,46.2
3401,2023-11,2023-11-27,Sylvia Foulston,Corporate,East,Office Supplies,77.55
3402,2023-11,2023-11-27,Ivan Liston,Consumer,East,Technology,288.0
3403,2023-11,2023-11-27,Maria Bertelson,Consumer,East,Technology,53.04
3404,2023-11,2023-11-30,Maria Bertelson,Consumer,West,Furniture,145.9
3405,2023-11,2023-11-30,Gene Hale,Corporate,Central,Furniture,72.78
3406,2023-11,2023-11-30,Brian Thompson,Consumer,Central,Office Supplies,3.44
3407,2023-12,2023-12-01,Fred McMath,Consumer,Central,Furniture,389.97
3408,2023-12,2023-12-01,Fred McMath,Consumer,Central,Office Supplies,269.91
3409,2023-12,2023-12-01,Brian Moss,Corporate,Central,Office Supplies,29.403
3410,2023-12,2023-12-01,Sonia Cooley,Consumer,South,Office Supplies,37.376
3411,2023-12,2023-12-01,Sonia Cooley,Consumer,South,Office Supplies,1.872
3412,2023-12,2023-12-01,Sonia Cooley,Consumer,South,Office Supplies,11.214
3413,2023-12,2023-12-01,Brian Moss,Corporate,Central,Office Supplies,57.96
3414,2023-12,2023-12-01,Tim Brockman,Consumer,East,Office Supplies,23.92
3415,2023-12,2023-12-01,Dave Kipp,Consumer,South,Office Supplies,30.84
3416,2023-12,2023-12-01,Brian Moss,Corporate,Central,Technology,619.95
3417,2023-12,2023-12-01,Tim Brockman,Consumer,East,Technology,631.96
3418,2023-12,2023-12-01,Brian Moss,Corporate,Central,Technology,29.16
3419,2023-12,2023-12-02,Katherine Nockton,Corporate,West,Furniture,362.136
3420,2023-12,2023-12-02,David Philippe,Consumer,Central,Office Supplies,8.016
3421,2023-12,2023-12-02,Katherine Nockton,Corporate,West,Office Supplies,31.05
3422,2023-12,2023-12-02,Denny Joy,Corporate,West,Office Supplies,45.36
3423,2023-12,2023-12-02,John Dryer,Consumer,South,Office Supplies,1801.632
3424,2023-12,2023-12-03,Sean O'Donnell,Consumer,South,Furniture,957.5775
3425,2023-12,2023-12-03,Sean O'Donnell,Consumer,South,Office Supplies,22.368
3426,2023-12,2023-12-03,Shahid Hopkins,Consumer,East,Technology,31.95
3427,2023-12,2023-12-04,Mark Packer,Home Office,East,Furniture,626.352
3428,2023-12,2023-12-04,Mark Packer,Home Office,East,Furniture,899.136
3429,2023-12,2023-12-04,Ralph Kennedy,Consumer,East,Furniture,209.67
3430,2023-12,2023-12-04,Mark Packer,Home Office,East,Office Supplies,19.9
3431,2023-12,2023-12-04,Daniel Lacy,Consumer,Central,Office Supplies,12.56
3432,2023-12,2023-12-04,Mark Packer,Home Office,East,Office Supplies,51.84
3433,2023-12,2023-12-04,Kelly Andreada,Consumer,West,Office Supplies,81.96
3434,2023-12,2023-12-04,Kelly Andreada,Consumer,West,Technology,17.9
3435,2023-12,2023-12-04,Mark Packer,Home Office,East,Technology,71.76
3436,2023-12,2023-12-04,Daniel Lacy,Consumer,Central,Technology,263.96
3437,2023-12,2023-12-04,Daniel Lacy,Consumer,Central,Technology,135.72
3438,2023-12,2023-12-05,Art Foster,Consumer,South,Furniture,287.94
3439,2023-12,2023-12-05,Art Foster,Consumer,South,Technology,83.72
3440,2023-12,2023-12-07,Joel Eaton,Consumer,Central,Furniture,2453.43
3441,2023-12,2023-12-07,Guy Armstrong,Consumer,Central,Furniture,17.14
3442,2023-12,2023-12-07,Claire Gute,Consumer,Central,Furniture,131.376
3443,2023-12,2023-12-07,Lindsay Shagiari,Home Office,Central,Office Supplies,3.96
3444,2023-12,2023-12-07,Lindsay Shagiari,Home Office,Central,Office Supplies,4.464
3445,2023-12,2023-12-07,Claire Gute,Consumer,Central,Office Supplies,5.344
3446,2023-12,2023-12-07,Pete Armstrong,Home Office,Central,Technology,339.96
3447,2023-12,2023-12-07,Joel Eaton,Consumer,Central,Technology,263.88
3448,2023-12,2023-12-08,Michael Paige,Corporate,East,Technology,824.97
3449,2023-12,2023-12-09,Charlotte Melton,Consumer,West,Office Supplies,77.88
3450,2023-12,2023-12-10,John Castell,Consumer,West,Furniture,10.11
3451,2023-12,2023-12-10,Kristina Nunn,Home Office,Central,Office Supplies,73.164
3452,2023-12,2023-12-10,John Castell,Consumer,West,Office Supplies,17.94
3453,2023-12,2023-12-10,Kristina Nunn,Home Office,Central,Technology,27.696
3454,2023-12,2023-12-10,John Castell,Consumer,West,Technology,249.584
3455,2023-12,2023-12-11,Robert Marley,Home Office,West,Office Supplies,1640.7
3456,2023-12,2023-12-11,Cari Schnelling,Consumer,Central,Office Supplies,1.72
3457,2023-12,2023-12-11,Nicole Hansen,Corporate,Central,Office Supplies,38.28
3458,2023-12,2023-12-11,Tracy Blumstein,Consumer,East,Office Supplies,34.44
3459,2023-12,2023-12-11,Robert Marley,Home Office,West,Technology,270.0
3460,2023-12,2023-12-11,Nicole Hansen,Corporate,Central,Technology,149.95
3461,2023-12,2023-12-11,Eugene Hildebrand,Home Office,West,Technology,2.21
3462,2023-12,2023-12-12,Noel Staavos,Corporate,West,Furniture,16.02
3463,2023-12,2023-12-12,Stewart Visinsky,Consumer,West,Furniture,74.76
3464,2023-12,2023-12-12,Stewart Visinsky,Consumer,West,Furniture,364.776
3465,2023-12,2023-12-12,Maxwell Schwartz,Consumer,East,Office Supplies,24.56
3466,2023-12,2023-12-12,Noel Staavos,Corporate,West,Technology,239.97
3467,2023-12,2023-12-14,Liz Thompson,Consumer,Central,Office Supplies,5.176
3468,2023-12,2023-12-14,Gene McClure,Consumer,South,Office Supplies,9.952
3469,2023-12,2023-12-15,Jay Fein,Consumer,West,Furniture,842.352
3470,2023-12,2023-12-15,Jay Fein,Consumer,West,Furniture,240.784
3471,2023-12,2023-12-15,Jay Fein,Consumer,West,Furniture,191.968
3472,2023-12,2023-12-15,Ralph Arnett,Consumer,South,Office Supplies,10.688
3473,2023-12,2023-12-15,Craig Carroll,Consumer,Central,Office Supplies,6.08
3474,2023-12,2023-12-15,Andrew Gjertsen,Corporate,West,Office Supplies,3.592
3475,2023-12,2023-12-15,Jay Fein,Consumer,West,Office Supplies,11.8
3476,2023-12,2023-12-15,Craig Carroll,Consumer,Central,Office Supplies,60.736
3477,2023-12,2023-12-15,Joe Elijah,Consumer,Central,Office Supplies,36.288
3478,2023-12,2023-12-15,Jay Fein,Consumer,West,Office Supplies,11.56
3479,2023-12,2023-12-15,Jay Fein,Consumer,West,Technology,148.32
3480,2023-12,2023-12-15,Craig Carroll,Consumer,Central,Technology,479.976
3481,2023-12,2023-12-15,Joe Elijah,Consumer,Central,Technology,150.384
3482,2023-12,2023-12-15,Ralph Arnett,Consumer,South,Technology,55.944
3483,2023-12,2023-12-15,Ralph Arnett,Consumer,South,Technology,11.824
3484,2023-12,2023-12-16,Robert Dilbeck,Home Office,West,Furniture,454.272
3485,2023-12,2023-12-16,Andrew Gjertsen,Corporate,Central,Furniture,347.361
3486,2023-12,2023-12-16,Michelle Tran,Home Office,Central,Office Supplies,3.592
3487,2023-12,2023-12-16,Andrew Gjertsen,Corporate,Central,Office Supplies,10.368
3488,2023-12,2023-12-16,Andrew Gjertsen,Corporate,Central,Office Supplies,15.552
3489,2023-12,2023-12-17,Deirdre Greer,Corporate,West,Furniture,582.336
3490,2023-12,2023-12-17,Heather Kirkland,Corporate,East,Furniture,291.1
3491,2023-12,2023-12-17,Trudy Brown,Consumer,West,Furniture,253.176
3492,2023-12,2023-12-17,Jennifer Ferguson,Consumer,West,Office Supplies,79.36
3493,2023-12,2023-12-17,Trudy Brown,Consumer,West,Office Supplies,60.45
3494,2023-12,2023-12-17,Heather Kirkland,Corporate,East,Technology,158.99
3495,2023-12,2023-12-18,Kristen Hastings,Corporate,West,Office Supplies,203.88
3496,2023-12,2023-12-18,Kristen Hastings,Corporate,West,Office Supplies,14.301
3497,2023-12,2023-12-18,Kristen Hastings,Corporate,West,Office Supplies,146.544
3498,2023-12,2023-12-18,Maribeth Yedwab,Corporate,West,Office Supplies,5.76
3499,2023-12,2023-12-18,Kristen Hastings,Corporate,West,Office Supplies,131.904
3500,2023-12,2023-12-18,Kristen Hastings,Corporate,West,Office Supplies,718.64
3501,2023-12,2023-12-18,Andrew Gjertsen,Corporate,West,Technology,68.72
3502,2023-12,2023-12-18,Andrew Gjertsen,Corporate,West,Technology,105.584
3503,2023-12,2023-12-20,Rob Dowd,Consumer,South,Furniture,33.11
3504,2023-12,2023-12-20,Rob Dowd,Consumer,South,Furniture,24.1
3505,2023-12,2023-12-20,Rob Dowd,Consumer,South,Office Supplies,10.67
3506,2023-12,2023-12-20,Rob Dowd,Consumer,South,Office Supplies,36.63
3507,2023-12,2023-12-21,Nona Balk,Corporate,West,Office Supplies,210.84
3508,2023-12,2023-12-21,Nona Balk,Corporate,West,Office Supplies,33.4
3509,2023-12,2023-12-22,Frank Atkinson,Corporate,West,Furniture,15.488
3510,2023-12,2023-12-22,Thomas Thornton,Consumer,South,Office Supplies,182.91
3511,2023-12,2023-12-22,Frank Atkinson,Corporate,West,Technology,439.992
3512,2023-12,2023-12-22,Frank Atkinson,Corporate,West,Technology,59.994
3513,2023-12,2023-12-22,Barry Französisch,Corporate,East,Technology,1035.8
3514,2023-12,2023-12-22,Cathy Hwang,Home Office,Central,Technology,299.9
3515,2023-12,2023-12-22,Frank Atkinson,Corporate,West,Technology,87.96
3516,2023-12,2023-12-23,Sandra Glassco,Consumer,West,Furniture,425.833
3517,2023-12,2023-12-23,Sandra Glassco,Consumer,West,Furniture,323.136
3518,2023-12,2023-12-23,Kean Thornton,Consumer,East,Office Supplies,2.78
3519,2023-12,2023-12-23,Sandra Glassco,Consumer,West,Office Supplies,5.04
3520,2023-12,2023-12-23,Damala Kotsonis,Corporate,West,Office Supplies,9.728
3521,2023-12,2023-12-23,Damala Kotsonis,Corporate,West,Office Supplies,29.8
3522,2023-12,2023-12-23,Sandra Glassco,Consumer,West,Office Supplies,398.352
3523,2023-12,2023-12-23,Mary Zewe,Corporate,West,Office Supplies,14.28
3524,2023-12,2023-12-23,Damala Kotsonis,Corporate,West,Office Supplies,14.75
3525,2023-12,2023-12-23,Kean Thornton,Consumer,East,Office Supplies,79.96
3526,2023-12,2023-12-23,Sandra Glassco,Consumer,West,Office Supplies,17.45
3527,2023-12,2023-12-23,Damala Kotsonis,Corporate,West,Office Supplies,427.42
3528,2023-12,2023-12-23,Sandra Glassco,Consumer,West,Office Supplies,19.98
3529,2023-12,2023-12-23,Sandra Glassco,Consumer,West,Office Supplies,46.84
3530,2023-12,2023-12-23,Harold Pawlan,Home Office,Central,Office Supplies,70.12
3531,2023-12,2023-12-23,Sandra Glassco,Consumer,West,Office Supplies,29.7
3532,2023-12,2023-12-23,Sandra Glassco,Consumer,West,Technology,1295.84
3533,2023-12,2023-12-24,Justin Hirsh,Consumer,East,Furniture,327.564
3534,2023-12,2023-12-24,Jeremy Farry,Consumer,East,Furniture,205.164
3535,2023-12,2023-12-24,Valerie Dominguez,Consumer,East,Furniture,259.7
3536,2023-12,2023-12-24,MaryBeth Skach,Consumer,South,Furniture,301.96
3537,2023-12,2023-12-24,Guy Armstrong,Consumer,West,Office Supplies,7.88
3538,2023-12,2023-12-24,Valerie Mitchum,Home Office,East,Office Supplies,3.168
3539,2023-12,2023-12-24,Valerie Dominguez,Consumer,East,Office Supplies,13.52
3540,2023-12,2023-12-24,Valerie Dominguez,Consumer,East,Technology,1399.93
3541,2023-12,2023-12-24,Valerie Mitchum,Home Office,East,Technology,35.36
3542,2023-12,2023-12-24,Quincy Jones,Corporate,East,Technology,4.95
3543,2023-12,2023-12-24,Valerie Dominguez,Consumer,East,Technology,42.95
3544,2023-12,2023-12-24,Valerie Dominguez,Consumer,East,Technology,503.96
3545,2023-12,2023-12-25,Liz Thompson,Consumer,West,Furniture,512.499
3546,2023-12,2023-12-25,Emily Ducich,Home Office,East,Furniture,2621.322
3547,2023-12,2023-12-25,Scot Wooten,Consumer,East,Furniture,109.764
3548,2023-12,2023-12-25,Liz Thompson,Consumer,West,Furniture,96.96
3549,2023-12,2023-12-25,Jas O'Carroll,Consumer,West,Furniture,1038.84
3550,2023-12,2023-12-25,Emily Grady,Consumer,South,Office Supplies,197.72
3551,2023-12,2023-12-25,Liz Thompson,Consumer,West,Office Supplies,117.488
3552,2023-12,2023-12-25,Barry Blumstein,Corporate,Central,Office Supplies,29.372
3553,2023-12,2023-12-25,Liz Thompson,Consumer,West,Office Supplies,11.952
3554,2023-12,2023-12-25,Kelly Collister,Consumer,West,Technology,447.93
3555,2023-12,2023-12-25,Barry Blumstein,Corporate,Central,Technology,344.704
3556,2023-12,2023-12-26,Fred Hopkins,Corporate,East,Furniture,1448.82
3557,2023-12,2023-12-26,Corinna Mitchell,Home Office,West,Furniture,42.6
3558,2023-12,2023-12-26,Chris Selesnick,Corporate,Central,Office Supplies,6.608
3559,2023-12,2023-12-26,Corinna Mitchell,Home Office,West,Technology,89.97
3560,2023-12,2023-12-26,Corinna Mitchell,Home Office,West,Technology,1212.848
3561,2023-12,2023-12-28,George Bell,Corporate,South,Furniture,207.0
3562,2023-12,2023-12-28,Valerie Dominguez,Consumer,South,Office Supplies,387.136
3563,2023-12,2023-12-28,Christy Brittain,Consumer,East,Office Supplies,7.218
3564,2023-12,2023-12-28,Grant Thornton,Corporate,East,Office Supplies,25.344
3565,2023-12,2023-12-28,Ken Lonsdale,Consumer,West,Office Supplies,98.352
3566,2023-12,2023-12-28,Nathan Gelder,Consumer,Central,Office Supplies,19.824
3567,2023-12,2023-12-28,Justin MacKendrick,Consumer,West,Office Supplies,62.8
3568,2023-12,2023-12-28,Christy Brittain,Consumer,East,Office Supplies,27.2
3569,2023-12,2023-12-29,Meg Tillman,Consumer,West,Office Supplies,4.401
3570,2023-12,2023-12-29,Meg Tillman,Consumer,West,Office Supplies,7.08
3571,2023-12,2023-12-30,Karen Bern,Corporate,West,Furniture,190.72
3572,2023-12,2023-12-30,Stewart Visinsky,Consumer,East,Furniture,715.2
3573,2023-12,2023-12-30,Adrian Barton,Consumer,Central,Furniture,64.96
3574,2023-12,2023-12-30,Adrian Barton,Consumer,Central,Office Supplies,23.64
3575,2023-12,2023-12-30,Adrian Barton,Consumer,Central,Office Supplies,32.06
3576,2023-12,2023-12-30,Christine Phan,Corporate,South,Office Supplies,1345.485
3577,2023-12,2023-12-30,Christine Phan,Corporate,South,Office Supplies,16.146
3578,2023-12,2023-12-30,Karen Bern,Corporate,East,Office Supplies,24.4
3579,2023-12,2023-12-30,Mike Caudle,Corporate,East,Office Supplies,26.18
3580,2023-12,2023-12-30,Mike Caudle,Corporate,East,Office Supplies,7.3
3581,2023-12,2023-12-30,Doug O'Connell,Consumer,Central,Office Supplies,76.64
3582,2023-12,2023-12-30,Adrian Barton,Consumer,Central,Office Supplies,177.648
3583,2023-12,2023-12-30,Adrian Barton,Consumer,Central,Office Supplies,84.784
3584,2023-12,2023-12-30,Adrian Barton,Consumer,Central,Technology,287.91
3585,2023-12,2023-12-31,Quincy Jones,Corporate,East,Furniture,4404.9
3586,2023-12,2023-12-31,Keith Dawkins,Corporate,East,Furniture,577.764
3587,2023-12,2023-12-31,Noel Staavos,Corporate,South,Furniture,4.712
3588,2023-12,2023-12-31,Rob Haberlin,Consumer,South,Furniture,186.54
3589,2023-12,2023-12-31,Keith Dawkins,Corporate,East,Furniture,11.82
3590,2023-12,2023-12-31,Sanjit Chand,Consumer,West,Furniture,66.69
3591,2023-12,2023-12-31,Rob Haberlin,Consumer,South,Office Supplies,44.43
3592,2023-12,2023-12-31,Rob Haberlin,Consumer,South,Office Supplies,27.9
3593,2023-12,2023-12-31,Rob Haberlin,Consumer,South,Office Supplies,265.86
3594,2023-12,2023-12-31,Helen Abelman,Consumer,East,Office Supplies,11.65
3595,2023-12,2023-12-31,Noel Staavos,Corporate,South,Office Supplies,39.879
3596,2023-12,2023-12-31,Sanjit Chand,Consumer,West,Office Supplies,91.68
3597,2023-12,2023-12-31,Amy Cox,Consumer,East,Office Supplies,52.272
3598,2023-12,2023-12-31,Duane Benoit,Consumer,Central,Office Supplies,10.476
3599,2023-12,2023-12-31,Noel Staavos,Corporate,South,Office Supplies,31.504
3600,2023-12,2023-12-31,Maria Zettner,Home Office,West,Office Supplies,5.0
3601,2023-12,2023-12-31,Sanjit Chand,Consumer,West,Office Supplies,5.04
3602,2023-12,2023-12-31,Noel Staavos,Corporate,South,Office Supplies,5.04
3603,2023-12,2023-12-31,Sanjit Chand,Consumer,West,Office Supplies,92.94
3604,2023-12,2023-12-31,Amy Cox,Consumer,East,Office Supplies,17.94
3605,2023-12,2023-12-31,Keith Dawkins,Corporate,East,Office Supplies,67.15
3606,2023-12,2023-12-31,Shaun Weien,Consumer,West,Technology,119.9
3607,2023-12,2023-12-31,Maria Zettner,Home Office,West,Technology,371.97
3608,2023-12,2023-12-31,Keith Dawkins,Corporate,East,Technology,4643.8
3609,2023-12,2023-12-31,Rob Haberlin,Consumer,South,Technology,226.2
3610,2023-12,2023-12-31,Rob Dowd,Consumer,Central,Technology,263.96
3611,2023-12,2023-12-31,Keith Dawkins,Corporate,East,Technology,549.98
3612,2024-01,2024-01-01,Adam Shillingsburg,Consumer,Central,Furniture,1024.38
3613,2024-01,2024-01-01,Anthony Garverick,Home Office,Central,Office Supplies,10.74
3614,2024-01,2024-01-01,Adam Shillingsburg,Consumer,Central,Office Supplies,17.22
3615,2024-01,2024-01-01,Adam Shillingsburg,Consumer,Central,Office Supplies,26.22
3616,2024-01,2024-01-01,Dianna Vittorini,Consumer,East,Office Supplies,12.24
3617,2024-01,2024-01-01,Jesus Ocampo,Home Office,West,Office Supplies,2.48
3618,2024-01,2024-01-01,Adam Shillingsburg,Consumer,Central,Office Supplies,17.34
3619,2024-01,2024-01-01,Charlotte Melton,Consumer,East,Office Supplies,11.352
3620,2024-01,2024-01-01,Dean percer,Home Office,East,Office Supplies,17.94
3621,2024-01,2024-01-01,Dianna Vittorini,Consumer,East,Office Supplies,244.55
3622,2024-01,2024-01-01,Dianna Vittorini,Consumer,East,Technology,13.98
3623,2024-01,2024-01-01,Dianna Vittorini,Consumer,East,Technology,899.95
3624,2024-01,2024-01-01,Dean percer,Home Office,East,Technology,2321.9
3625,2024-01,2024-01-02,Philisse Overcash,Home Office,Central,Furniture,29.22
3626,2024-01,2024-01-02,Philisse Overcash,Home Office,Central,Office Supplies,715.64
3627,2024-01,2024-01-02,Philisse Overcash,Home Office,Central,Office Supplies,74.76
3628,2024-01,2024-01-02,Philisse Overcash,Home Office,Central,Office Supplies,795.51
3629,2024-01,2024-01-02,Sam Craven,Consumer,East,Office Supplies,577.584
3630,2024-01,2024-01-02,Steve Chapman,Corporate,Central,Office Supplies,714.3
3631,2024-01,2024-01-02,Alan Hwang,Consumer,West,Technology,79.9
3632,2024-01,2024-01-02,Philisse Overcash,Home Office,Central,Technology,549.99
3633,2024-01,2024-01-03,Andrew Gjertsen,Corporate,Central,Office Supplies,123.858
3634,2024-01,2024-01-03,Andrew Gjertsen,Corporate,Central,Office Supplies,418.32
3635,2024-01,2024-01-04,Anna Häberlin,Corporate,South,Furniture,523.92
3636,2024-01,2024-01-04,Anna Häberlin,Corporate,South,Furniture,146.136
3637,2024-01,2024-01-04,Anna Häberlin,Corporate,South,Office Supplies,11.76
3638,2024-01,2024-01-04,Anna Häberlin,Corporate,South,Office Supplies,4.662
3639,2024-01,2024-01-04,Anna Häberlin,Corporate,South,Office Supplies,5.238
3640,2024-01,2024-01-04,Eugene Barchas,Consumer,East,Office Supplies,15.56
3641,2024-01,2024-01-04,Monica Federle,Corporate,Central,Office Supplies,223.888
3642,2024-01,2024-01-04,Yoseph Carroll,Corporate,West,Office Supplies,15.7
3643,2024-01,2024-01-04,Monica Federle,Corporate,Central,Office Supplies,15.552
3644,2024-01,2024-01-04,Monica Federle,Corporate,Central,Office Supplies,64.784
3645,2024-01,2024-01-04,Anna Häberlin,Corporate,South,Technology,100.792
3646,2024-01,2024-01-05,Patrick O'Brill,Consumer,Central,Furniture,613.9992
3647,2024-01,2024-01-05,Keith Herrera,Consumer,West,Furniture,683.332
3648,2024-01,2024-01-05,Ken Lonsdale,Consumer,East,Furniture,299.97
3649,2024-01,2024-01-05,Arthur Wiediger,Home Office,West,Furniture,63.98
3650,2024-01,2024-01-05,Helen Abelman,Consumer,Central,Furniture,17.496
3651,2024-01,2024-01-05,Lena Cacioppo,Consumer,West,Furniture,102.36
3652,2024-01,2024-01-05,Keith Herrera,Consumer,West,Office Supplies,9.872
3653,2024-01,2024-01-05,Lena Cacioppo,Consumer,West,Office Supplies,36.882
3654,2024-01,2024-01-05,Fred McMath,Consumer,South,Office Supplies,121.104
3655,2024-01,2024-01-05,Russell Applegate,Consumer,Central,Office Supplies,63.77
3656,2024-01,2024-01-05,Ken Lonsdale,Consumer,East,Office Supplies,42.28
3657,2024-01,2024-01-05,Joe Kamberova,Consumer,South,Office Supplies,115.296
3658,2024-01,2024-01-05,Russell Applegate,Consumer,Central,Office Supplies,96.08
3659,2024-01,2024-01-05,Keith Herrera,Consumer,West,Office Supplies,29.96
3660,2024-01,2024-01-05,Allen Armold,Consumer,South,Office Supplies,84.96
3661,2024-01,2024-01-05,Lena Cacioppo,Consumer,West,Technology,238.896
3662,2024-01,2024-01-05,Fred McMath,Consumer,South,Technology,111.96
3663,2024-01,2024-01-05,Russell Applegate,Consumer,Central,Technology,50.97
3664,2024-01,2024-01-05,Ken Lonsdale,Consumer,East,Technology,89.98
3665,2024-01,2024-01-05,Ken Lonsdale,Consumer,East,Technology,377.97
3666,2024-01,2024-01-05,Arthur Wiediger,Home Office,West,Technology,339.96
3667,2024-01,2024-01-06,Gary Zandusky,Consumer,West,Furniture,230.352
3668,2024-01,2024-01-06,Gary Zandusky,Consumer,West,Furniture,883.84
3669,2024-01,2024-01-06,Lycoris Saunders,Consumer,East,Furniture,76.14
3670,2024-01,2024-01-06,Patrick Jones,Corporate,South,Office Supplies,826.11
3671,2024-01,2024-01-06,Lycoris Saunders,Consumer,East,Office Supplies,19.96
3672,2024-01,2024-01-06,Patrick Jones,Corporate,South,Office Supplies,33.96
3673,2024-01,2024-01-06,Ken Black,Corporate,West,Office Supplies,8.72
3674,2024-01,2024-01-06,Patrick Jones,Corporate,East,Office Supplies,37.0
3675,2024-01,2024-01-06,Ken Black,Corporate,West,Technology,91.176
3676,2024-01,2024-01-06,Maureen Gastineau,Home Office,East,Technology,47.984
3677,2024-01,2024-01-06,Patrick Jones,Corporate,East,Technology,59.9
3678,2024-01,2024-01-06,Patrick Jones,Corporate,East,Technology,37.6
3679,2024-01,2024-01-06,Ken Black,Corporate,West,Technology,159.968
3680,2024-01,2024-01-07,Duane Huffman,Home Office,South,Furniture,39.96
3681,2024-01,2024-01-07,Maya Herman,Corporate,East,Office Supplies,119.04
3682,2024-01,2024-01-07,Victoria Pisteka,Corporate,East,Office Supplies,166.92
3683,2024-01,2024-01-07,Maya Herman,Corporate,East,Office Supplies,34.944
3684,2024-01,2024-01-07,Dean Katz,Corporate,Central,Office Supplies,11.364
3685,2024-01,2024-01-07,Dean Katz,Corporate,Central,Office Supplies,250.272
3686,2024-01,2024-01-07,Maya Herman,Corporate,East,Office Supplies,70.95
3687,2024-01,2024-01-07,Dean Katz,Corporate,Central,Office Supplies,8.72
3688,2024-01,2024-01-08,Mike Pelletier,Home Office,Central,Furniture,185.58
3689,2024-01,2024-01-08,Matt Connell,Corporate,Central,Furniture,34.504
3690,2024-01,2024-01-08,Heather Kirkland,Corporate,West,Furniture,696.42
3691,2024-01,2024-01-08,Mike Pelletier,Home Office,Central,Furniture,653.55
3692,2024-01,2024-01-08,Mike Pelletier,Home Office,Central,Furniture,214.11
3693,2024-01,2024-01-08,Philisse Overcash,Home Office,East,Office Supplies,523.25
3694,2024-01,2024-01-08,John Grady,Corporate,West,Office Supplies,18.9
3695,2024-01,2024-01-08,Mike Pelletier,Home Office,Central,Office Supplies,179.82
3696,2024-01,2024-01-08,Matt Connell,Corporate,Central,Office Supplies,21.488
3697,2024-01,2024-01-08,Mike Pelletier,Home Office,Central,Technology,999.96
3698,2024-01,2024-01-08,Matt Connell,Corporate,Central,Technology,239.976
3699,2024-01,2024-01-08,Heather Kirkland,Corporate,West,Technology,304.776
3700,2024-01,2024-01-09,Brian Stugart,Consumer,West,Furniture,225.568
3701,2024-01,2024-01-09,Anna Andreadi,Consumer,Central,Furniture,1323.9
3702,2024-01,2024-01-09,Brian Stugart,Consumer,West,Furniture,36.6
3703,2024-01,2024-01-09,Brian Stugart,Consumer,West,Furniture,80.96
3704,2024-01,2024-01-09,Anna Andreadi,Consumer,Central,Office Supplies,106.32
3705,2024-01,2024-01-09,Brian Stugart,Consumer,West,Office Supplies,32.4
3706,2024-01,2024-01-09,Brian Stugart,Consumer,West,Office Supplies,777.21
3707,2024-01,2024-01-09,Brian Stugart,Consumer,West,Office Supplies,304.9
3708,2024-01,2024-01-09,Anna Andreadi,Consumer,Central,Office Supplies,541.24
3709,2024-01,2024-01-09,Greg Hansen,Consumer,Central,Office Supplies,40.92
3710,2024-01,2024-01-09,Brian Stugart,Consumer,West,Technology,415.968
3711,2024-01,2024-01-11,Tony Chapman,Home Office,West,Furniture,141.96
3712,2024-01,2024-01-11,Aleksandra Gannaway,Corporate,West,Office Supplies,31.08
3713,2024-01,2024-01-11,Katherine Ducich,Consumer,East,Office Supplies,5.984
3714,2024-01,2024-01-11,Katherine Ducich,Consumer,East,Technology,861.76
3715,2024-01,2024-01-12,Sung Shariari,Consumer,South,Furniture,290.352
3716,2024-01,2024-01-12,Brian Moss,Corporate,East,Furniture,186.048
3717,2024-01,2024-01-12,Michelle Moray,Consumer,West,Furniture,145.764
3718,2024-01,2024-01-12,Lena Creighton,Consumer,West,Furniture,572.16
3719,2024-01,2024-01-12,Phillina Ober,Home Office,East,Furniture,344.372
3720,2024-01,2024-01-12,Kelly Williams,Consumer,West,Furniture,32.04
3721,2024-01,2024-01-12,Katrina Bavinger,Home Office,West,Furniture,22.14
3722,2024-01,2024-01-12,Jamie Kunitz,Consumer,East,Furniture,63.824
3723,2024-01,2024-01-12,Katrina Bavinger,Home Office,West,Office Supplies,119.04
3724,2024-01,2024-01-12,Brian Moss,Corporate,East,Office Supplies,11.52
3725,2024-01,2024-01-12,Skye Norling,Home Office,West,Office Supplies,19.46
3726,2024-01,2024-01-12,Brian Moss,Corporate,East,Office Supplies,60.45
3727,2024-01,2024-01-12,Michelle Moray,Consumer,West,Office Supplies,9.612
3728,2024-01,2024-01-12,Michelle Moray,Consumer,West,Office Supplies,4.896
3729,2024-01,2024-01-12,Chris Selesnick,Corporate,West,Office Supplies,89.696
3730,2024-01,2024-01-12,Patrick Bzostek,Home Office,West,Office Supplies,24.192
3731,2024-01,2024-01-12,Sung Shariari,Consumer,South,Office Supplies,62.88
3732,2024-01,2024-01-12,Sung Shariari,Consumer,South,Office Supplies,7.23
3733,2024-01,2024-01-12,Chris Selesnick,Corporate,West,Office Supplies,50.12
3734,2024-01,2024-01-12,Dan Lawera,Consumer,East,Office Supplies,19.65
3735,2024-01,2024-01-12,Sung Shariari,Consumer,South,Office Supplies,17.44
3736,2024-01,2024-01-12,Jamie Kunitz,Consumer,East,Office Supplies,141.552
3737,2024-01,2024-01-12,Katrina Bavinger,Home Office,West,Technology,13.98
3738,2024-01,2024-01-12,Grace Kelly,Corporate,Central,Technology,479.988
3739,2024-01,2024-01-12,Lena Creighton,Consumer,West,Technology,72.744
3740,2024-01,2024-01-13,Natalie Webber,Consumer,West,Furniture,141.96
3741,2024-01,2024-01-13,Carol Adams,Corporate,Central,Furniture,246.1328
3742,2024-01,2024-01-13,Joel Eaton,Consumer,East,Furniture,396.802
3743,2024-01,2024-01-13,John Huston,Consumer,South,Furniture,18.176
3744,2024-01,2024-01-13,Shahid Shariari,Consumer,East,Furniture,1252.704
3745,2024-01,2024-01-13,Eudokia Martin,Corporate,West,Office Supplies,325.632
3746,2024-01,2024-01-13,Denise Leinenbach,Consumer,Central,Office Supplies,19.75
3747,2024-01,2024-01-13,Brenda Bowman,Corporate,Central,Office Supplies,24.588
3748,2024-01,2024-01-13,Brenda Bowman,Corporate,Central,Office Supplies,5.344
3749,2024-01,2024-01-13,Denise Leinenbach,Consumer,Central,Office Supplies,10.92
3750,2024-01,2024-01-13,Brenda Bowman,Corporate,Central,Office Supplies,1.696
3751,2024-01,2024-01-13,Brenda Bowman,Corporate,Central,Office Supplies,7.98
3752,2024-01,2024-01-13,Natalie Webber,Consumer,West,Office Supplies,66.048
3753,2024-01,2024-01-13,Carol Adams,Corporate,Central,Office Supplies,11.696
3754,2024-01,2024-01-13,Eudokia Martin,Corporate,West,Office Supplies,16.52
3755,2024-01,2024-01-13,Joel Eaton,Consumer,East,Office Supplies,15.88
3756,2024-01,2024-01-13,Denise Leinenbach,Consumer,Central,Technology,393.54
3757,2024-01,2024-01-13,Eudokia Martin,Corporate,West,Technology,23.344
3758,2024-01,2024-01-13,Carol Adams,Corporate,Central,Technology,439.992
3759,2024-01,2024-01-13,Denise Leinenbach,Consumer,Central,Technology,83.9
3760,2024-01,2024-01-13,Shahid Shariari,Consumer,East,Technology,110.97
3761,2024-01,2024-01-14,Meg O'Connel,Home Office,Central,Furniture,206.962
3762,2024-01,2024-01-14,Harold Pawlan,Home Office,Central,Office Supplies,68.81
3763,2024-01,2024-01-14,Harold Dahlen,Home Office,East,Office Supplies,17.12
3764,2024-01,2024-01-14,Harold Pawlan,Home Office,Central,Office Supplies,2.544
3765,2024-01,2024-01-14,Irene Maddox,Consumer,East,Office Supplies,11.61
3766,2024-01,2024-01-14,Marc Crier,Consumer,South,Office Supplies,2.946
3767,2024-01,2024-01-14,Marc Crier,Consumer,South,Office Supplies,55.104
3768,2024-01,2024-01-14,Nathan Gelder,Consumer,West,Office Supplies,37.94
3769,2024-01,2024-01-14,Harold Dahlen,Home Office,East,Office Supplies,59.94
3770,2024-01,2024-01-14,Nathan Gelder,Consumer,West,Office Supplies,42.8
3771,2024-01,2024-01-14,Andy Reiter,Consumer,East,Office Supplies,14.94
3772,2024-01,2024-01-14,Nathan Gelder,Consumer,West,Office Supplies,33.63
3773,2024-01,2024-01-14,Anne Pryor,Home Office,Central,Technology,27.168
3774,2024-01,2024-01-14,Brosina Hoffman,Consumer,South,Technology,32.985
3775,2024-01,2024-01-15,Annie Thurman,Consumer,East,Office Supplies,2625.12
3776,2024-01,2024-01-15,Pierre Wener,Consumer,East,Office Supplies,13.12
3777,2024-01,2024-01-15,Annie Thurman,Consumer,East,Office Supplies,17.94
3778,2024-01,2024-01-15,Victoria Brennan,Corporate,Central,Office Supplies,23.912
3779,2024-01,2024-01-15,Pierre Wener,Consumer,East,Office Supplies,16.56
3780,2024-01,2024-01-15,Victoria Brennan,Corporate,Central,Office Supplies,335.52
3781,2024-01,2024-01-15,Pierre Wener,Consumer,East,Office Supplies,44.1
3782,2024-01,2024-01-15,Pierre Wener,Consumer,East,Office Supplies,38.88
3783,2024-01,2024-01-15,Victoria Brennan,Corporate,Central,Office Supplies,27.056
3784,2024-01,2024-01-15,Pierre Wener,Consumer,East,Technology,307.98
3785,2024-01,2024-01-16,Kunst Miller,Consumer,West,Furniture,79.76
3786,2024-01,2024-01-16,Darren Powers,Consumer,West,Office Supplies,14.7
3787,2024-01,2024-01-16,Kunst Miller,Consumer,West,Office Supplies,25.824
3788,2024-01,2024-01-16,Toby Swindell,Consumer,West,Office Supplies,91.392
3789,2024-01,2024-01-16,Toby Swindell,Consumer,West,Office Supplies,3.168
3790,2024-01,2024-01-16,Darren Powers,Consumer,West,Office Supplies,368.91
3791,2024-01,2024-01-16,Toby Swindell,Consumer,West,Office Supplies,19.44
3792,2024-01,2024-01-16,Kunst Miller,Consumer,West,Office Supplies,146.73
3793,2024-01,2024-01-16,Toby Swindell,Consumer,West,Office Supplies,454.86
3794,2024-01,2024-01-16,Kunst Miller,Consumer,West,Technology,13.98
3795,2024-01,2024-01-17,Sandra Flanagan,Consumer,South,Office Supplies,13.12
3796,2024-01,2024-01-18,Stefanie Holloman,Corporate,South,Furniture,692.472
3797,2024-01,2024-01-18,Guy Phonely,Corporate,East,Office Supplies,14.73
3798,2024-01,2024-01-18,Guy Phonely,Corporate,East,Office Supplies,61.04
3799,2024-01,2024-01-18,Guy Phonely,Corporate,East,Office Supplies,10.95
3800,2024-01,2024-01-18,Guy Phonely,Corporate,East,Office Supplies,104.9
3801,2024-01,2024-01-18,Erin Ashbrook,Corporate,Central,Technology,599.99
3802,2024-01,2024-01-19,Matt Abelman,Home Office,East,Furniture,170.98
3803,2024-01,2024-01-19,Carlos Daly,Consumer,West,Furniture,283.92
3804,2024-01,2024-01-19,Matt Abelman,Home Office,East,Furniture,38.97
3805,2024-01,2024-01-19,Denny Ordway,Consumer,South,Furniture,375.4575
3806,2024-01,2024-01-19,Matt Abelman,Home Office,East,Furniture,446.068
3807,2024-01,2024-01-19,Jeremy Ellison,Consumer,East,Office Supplies,29.79
3808,2024-01,2024-01-19,Thomas Brumley,Home Office,South,Office Supplies,6.24
3809,2024-01,2024-01-19,Steve Nguyen,Home Office,West,Office Supplies,113.82
3810,2024-01,2024-01-19,Matt Abelman,Home Office,East,Office Supplies,40.08
3811,2024-01,2024-01-19,Matt Abelman,Home Office,East,Office Supplies,59.94
3812,2024-01,2024-01-19,Matt Abelman,Home Office,East,Office Supplies,154.9
3813,2024-01,2024-01-19,Steve Nguyen,Home Office,West,Technology,107.97
3814,2024-01,2024-01-19,Justin Deggeller,Corporate,East,Technology,104.97
3815,2024-01,2024-01-19,Denny Ordway,Consumer,South,Technology,83.976
3816,2024-01,2024-01-19,Matt Abelman,Home Office,East,Technology,259.98
3817,2024-01,2024-01-19,Justin Deggeller,Corporate,East,Technology,83.97
3818,2024-01,2024-01-19,Eugene Hildebrand,Home Office,East,Technology,748.752
3819,2024-01,2024-01-20,Mark Cousins,Corporate,East,Furniture,68.16
3820,2024-01,2024-01-20,Dan Reichenbach,Corporate,Central,Furniture,12.132
3821,2024-01,2024-01-20,Eugene Barchas,Consumer,East,Furniture,71.12
3822,2024-01,2024-01-20,Tom Prescott,Consumer,East,Furniture,322.59
3823,2024-01,2024-01-20,Lena Creighton,Consumer,Central,Furniture,151.96
3824,2024-01,2024-01-20,Ashley Jarboe,Consumer,West,Office Supplies,45.28
3825,2024-01,2024-01-20,Michelle Arnett,Home Office,West,Office Supplies,8.28
3826,2024-01,2024-01-20,Mark Cousins,Corporate,East,Office Supplies,62.24
3827,2024-01,2024-01-20,Eugene Barchas,Consumer,East,Office Supplies,3.008
3828,2024-01,2024-01-20,Evan Bailliet,Consumer,Central,Office Supplies,335.52
3829,2024-01,2024-01-20,Dan Reichenbach,Corporate,Central,Office Supplies,53.92
3830,2024-01,2024-01-20,Dan Reichenbach,Corporate,Central,Office Supplies,82.368
3831,2024-01,2024-01-20,Dan Reichenbach,Corporate,Central,Technology,647.904
3832,2024-01,2024-01-21,Bill Tyler,Corporate,Central,Furniture,1106.91
3833,2024-01,2024-01-21,Sylvia Foulston,Corporate,Central,Furniture,301.96
3834,2024-01,2024-01-21,Sylvia Foulston,Corporate,Central,Office Supplies,555.21
3835,2024-01,2024-01-21,Eileen Kiefer,Home Office,West,Office Supplies,56.3
3836,2024-01,2024-01-21,Sylvia Foulston,Corporate,Central,Office Supplies,161.82
3837,2024-01,2024-01-21,Anthony Witt,Consumer,Central,Office Supplies,8.784
3838,2024-01,2024-01-21,Phillina Ober,Home Office,West,Office Supplies,4.304
3839,2024-01,2024-01-21,Bill Tyler,Corporate,Central,Office Supplies,19.92
3840,2024-01,2024-01-21,Sylvia Foulston,Corporate,Central,Office Supplies,523.48
3841,2024-01,2024-01-21,Anthony Witt,Consumer,Central,Technology,21.48
3842,2024-01,2024-01-22,Janet Lee,Consumer,East,Furniture,681.408
3843,2024-01,2024-01-22,Lena Radford,Consumer,South,Furniture,335.744
3844,2024-01,2024-01-22,Ann Blume,Corporate,South,Furniture,17.088
3845,2024-01,2024-01-22,John Murray,Consumer,West,Furniture,80.96
3846,2024-01,2024-01-22,Lena Radford,Consumer,South,Office Supplies,98.352
3847,2024-01,2024-01-22,Deborah Brumfield,Home Office,Central,Office Supplies,3.882
3848,2024-01,2024-01-22,Lena Radford,Consumer,South,Office Supplies,6.048
3849,2024-01,2024-01-22,William Brown,Consumer,East,Office Supplies,152.991
3850,2024-01,2024-01-22,Paul Stevenson,Home Office,South,Office Supplies,17.48
3851,2024-01,2024-01-22,Paul Stevenson,Home Office,South,Office Supplies,71.88
3852,2024-01,2024-01-22,William Brown,Consumer,East,Office Supplies,10.584
3853,2024-01,2024-01-22,Janet Lee,Consumer,East,Office Supplies,23.66
3854,2024-01,2024-01-22,John Murray,Consumer,West,Office Supplies,25.92
3855,2024-01,2024-01-22,Raymond Messe,Consumer,South,Technology,177.48
3856,2024-01,2024-01-22,William Brown,Consumer,East,Technology,94.92
3857,2024-01,2024-01-23,Tamara Willingham,Home Office,West,Furniture,2003.92
3858,2024-01,2024-01-23,Lindsay Castell,Home Office,West,Furniture,2676.672
3859,2024-01,2024-01-23,Neoma Murray,Consumer,Central,Furniture,6.688
3860,2024-01,2024-01-23,Tamara Willingham,Home Office,West,Furniture,1913.4
3861,2024-01,2024-01-23,Matt Abelman,Home Office,Central,Office Supplies,3.64
3862,2024-01,2024-01-23,Beth Thompson,Home Office,West,Office Supplies,13.9
3863,2024-01,2024-01-23,Logan Currie,Consumer,West,Office Supplies,55.424
3864,2024-01,2024-01-23,Keith Dawkins,Corporate,South,Office Supplies,63.96
3865,2024-01,2024-01-23,Matt Abelman,Home Office,Central,Office Supplies,18.54
3866,2024-01,2024-01-23,Matt Abelman,Home Office,Central,Office Supplies,19.44
3867,2024-01,2024-01-23,Tamara Willingham,Home Office,West,Office Supplies,114.2
3868,2024-01,2024-01-23,Tamara Willingham,Home Office,West,Office Supplies,32.4
3869,2024-01,2024-01-23,Keith Dawkins,Corporate,South,Office Supplies,61.68
3870,2024-01,2024-01-23,Tamara Willingham,Home Office,West,Office Supplies,146.73
3871,2024-01,2024-01-24,Neil Cohen,Home Office,East,Furniture,58.36
3872,2024-01,2024-01-24,Michael Knudson,Corporate,East,Furniture,39.96
3873,2024-01,2024-01-24,Michael Knudson,Corporate,East,Office Supplies,16.464
3874,2024-01,2024-01-25,Pierre Wener,Consumer,West,Furniture,359.499
3875,2024-01,2024-01-25,Jack Garza,Consumer,South,Furniture,77.952
3876,2024-01,2024-01-25,Dean Katz,Corporate,East,Furniture,2.96
3877,2024-01,2024-01-25,Jack Garza,Consumer,South,Office Supplies,9.344
3878,2024-01,2024-01-25,Jack Garza,Consumer,South,Office Supplies,95.97
3879,2024-01,2024-01-25,Bill Stewart,Corporate,East,Office Supplies,590.352
3880,2024-01,2024-01-25,Mark Packer,Home Office,East,Office Supplies,10.752
3881,2024-01,2024-01-25,Alejandro Ballentine,Home Office,East,Office Supplies,16.448
3882,2024-01,2024-01-25,Harold Pawlan,Home Office,East,Office Supplies,184.66
3883,2024-01,2024-01-25,Alejandro Ballentine,Home Office,East,Technology,36.784
3884,2024-01,2024-01-25,Dean Katz,Corporate,East,Technology,482.34
3885,2024-01,2024-01-25,Jack Garza,Consumer,South,Technology,105.584
3886,2024-01,2024-01-26,Sean O'Donnell,Consumer,East,Furniture,364.41
3887,2024-01,2024-01-26,Sean O'Donnell,Consumer,East,Furniture,361.764
3888,2024-01,2024-01-26,Maribeth Schnelling,Consumer,East,Furniture,384.174
3889,2024-01,2024-01-26,Harry Marie,Corporate,West,Furniture,36.4
3890,2024-01,2024-01-26,Sean O'Donnell,Consumer,East,Furniture,28.44
3891,2024-01,2024-01-26,Tracy Zic,Consumer,West,Furniture,25.08
3892,2024-01,2024-01-26,Tracy Zic,Consumer,West,Office Supplies,16.9
3893,2024-01,2024-01-26,Rose O'Brian,Consumer,South,Office Supplies,36.96
3894,2024-01,2024-01-26,Rose O'Brian,Consumer,South,Office Supplies,1598.058
3895,2024-01,2024-01-26,Ritsa Hightower,Consumer,South,Office Supplies,8.226
3896,2024-01,2024-01-26,Harry Marie,Corporate,West,Office Supplies,271.44
3897,2024-01,2024-01-26,Maribeth Schnelling,Consumer,East,Office Supplies,17.94
3898,2024-01,2024-01-26,Michael Stewart,Corporate,Central,Office Supplies,85.96
3899,2024-01,2024-01-26,Harry Marie,Corporate,West,Technology,110.352
3900,2024-01,2024-01-26,Sean O'Donnell,Consumer,East,Technology,39.96
3901,2024-01,2024-01-26,Maribeth Schnelling,Consumer,East,Technology,1799.75
3902,2024-01,2024-01-26,Tracy Zic,Consumer,West,Furniture,361.764
3903,2024-01,2024-01-26,Tracy Zic,Consumer,West,Office Supplies,39.96
3904,2024-01,2024-01-27,Brian Derr,Consumer,East,Furniture,164.646
3905,2024-01,2024-01-27,Rick Reed,Corporate,South,Furniture,97.424
3906,2024-01,2024-01-27,Matt Hagelstein,Corporate,West,Furniture,44.46
3907,2024-01,2024-01-27,Sandra Flanagan,Consumer,Central,Office Supplies,45.04
3908,2024-01,2024-01-27,Stephanie Ulpright,Home Office,Central,Office Supplies,152.8
3909,2024-01,2024-01-27,Scot Wooten,Consumer,East,Office Supplies,26.064
3910,2024-01,2024-01-27,Brian Derr,Consumer,East,Office Supplies,232.4
3911,2024-01,2024-01-27,Tim Brockman,Consumer,Central,Office Supplies,12.224
3912,2024-01,2024-01-27,George Bell,Corporate,West,Office Supplies,12.6
3913,2024-01,2024-01-27,Brian Derr,Consumer,East,Office Supplies,22.68
3914,2024-01,2024-01-27,George Bell,Corporate,West,Technology,39.0
3915,2024-01,2024-01-27,Scot Wooten,Consumer,East,Technology,47.984
3916,2024-01,2024-01-28,Dennis Kane,Consumer,East,Furniture,70.686
3917,2024-01,2024-01-28,Gary Hwang,Consumer,West,Furniture,206.112
3918,2024-01,2024-01-28,Speros Goranitis,Consumer,East,Furniture,113.92
3919,2024-01,2024-01-28,Art Ferguson,Consumer,West,Office Supplies,7.78
3920,2024-01,2024-01-28,Naresj Patel,Consumer,West,Office Supplies,120.15
3921,2024-01,2024-01-28,Gary Hwang,Consumer,West,Office Supplies,86.304
3922,2024-01,2024-01-28,Dennis Kane,Consumer,East,Office Supplies,37.376
3923,2024-01,2024-01-28,Katrina Willman,Consumer,Central,Office Supplies,2.772
3924,2024-01,2024-01-28,Mike Pelletier,Home Office,East,Office Supplies,14.832
3925,2024-01,2024-01-28,Ivan Liston,Consumer,West,Office Supplies,14.94
3926,2024-01,2024-01-28,Ivan Liston,Consumer,West,Office Supplies,6.48
3927,2024-01,2024-01-28,Speros Goranitis,Consumer,East,Office Supplies,41.86
3928,2024-01,2024-01-28,Gary Hwang,Consumer,West,Office Supplies,19.92
3929,2024-01,2024-01-28,Gary Hwang,Consumer,West,Office Supplies,198.272
3930,2024-01,2024-01-28,Katherine Murray,Home Office,West,Office Supplies,32.75
3931,2024-01,2024-01-28,Speros Goranitis,Consumer,East,Office Supplies,6.48
3932,2024-01,2024-01-28,David Bremer,Corporate,West,Office Supplies,8.96
3933,2024-01,2024-01-28,Ivan Liston,Consumer,West,Office Supplies,1325.85
3934,2024-01,2024-01-28,Gary Hwang,Consumer,West,Office Supplies,247.104
3935,2024-01,2024-01-28,Speros Goranitis,Consumer,East,Technology,1619.91
3936,2024-01,2024-01-28,Nora Pelletier,Home Office,Central,Technology,999.98
3937,2024-01,2024-01-28,Naresj Patel,Consumer,West,Technology,219.184
3938,2024-01,2024-01-28,Dennis Kane,Consumer,East,Technology,485.94
3939,2024-01,2024-01-28,Rose O'Brian,Consumer,South,Technology,173.94
3940,2024-01,2024-01-29,Darren Koutras,Consumer,South,Furniture,283.92
3941,2024-01,2024-01-29,Melanie Seite,Consumer,West,Furniture,79.92
3942,2024-01,2024-01-29,Darren Koutras,Consumer,South,Office Supplies,152.94
3943,2024-01,2024-01-29,Alan Hwang,Consumer,East,Office Supplies,21.36
3944,2024-01,2024-01-29,Alan Hwang,Consumer,East,Office Supplies,6.688
3945,2024-01,2024-01-29,Jeremy Farry,Consumer,West,Office Supplies,3.96
3946,2024-01,2024-01-29,Jeremy Farry,Consumer,West,Office Supplies,2.61
3947,2024-01,2024-01-29,Kristen Hastings,Corporate,West,Office Supplies,12.96
3948,2024-01,2024-01-29,Alan Hwang,Consumer,East,Technology,773.94
3949,2024-01,2024-01-30,Tonja Turnell,Home Office,Central,Office Supplies,360.712
3950,2024-01,2024-01-30,Henry Goldwyn,Corporate,West,Office Supplies,15.696
3951,2024-01,2024-01-30,Yana Sorensen,Corporate,West,Office Supplies,221.96
3952,2024-01,2024-01-30,Yana Sorensen,Corporate,West,Technology,236.0
3953,2024-01,2024-01-30,Tonja Turnell,Home Office,Central,Technology,1718.4
3954,2024-01,2024-01-30,Joel Jenkins,Home Office,Central,Technology,119.96
3955,2024-01,2024-01-31,Ken Brennan,Corporate,Central,Office Supplies,34.02
3956,2024-02,2024-02-01,Kalyca Meade,Corporate,East,Furniture,542.94
3957,2024-02,2024-02-01,Keith Dawkins,Corporate,Central,Furniture,191.96
3958,2024-02,2024-02-01,Keith Dawkins,Corporate,Central,Furniture,801.96
3959,2024-02,2024-02-01,Julia West,Consumer,Central,Office Supplies,53.088
3960,2024-02,2024-02-01,Kalyca Meade,Corporate,East,Office Supplies,27.36
3961,2024-02,2024-02-01,Keith Dawkins,Corporate,Central,Office Supplies,3.9
3962,2024-02,2024-02-01,Khloe Miller,Consumer,South,Office Supplies,1.78
3963,2024-02,2024-02-01,Frank Carlisle,Home Office,West,Office Supplies,56.3
3964,2024-02,2024-02-01,Keith Dawkins,Corporate,Central,Office Supplies,2.61
3965,2024-02,2024-02-01,Meg Tillman,Consumer,West,Office Supplies,5.76
3966,2024-02,2024-02-01,Matt Abelman,Home Office,East,Office Supplies,7.31
3967,2024-02,2024-02-01,Kalyca Meade,Corporate,East,Office Supplies,26.4
3968,2024-02,2024-02-01,Khloe Miller,Consumer,South,Office Supplies,25.92
3969,2024-02,2024-02-01,Kalyca Meade,Corporate,East,Office Supplies,44.75
3970,2024-02,2024-02-01,Matt Abelman,Home Office,East,Office Supplies,184.66
3971,2024-02,2024-02-01,Matt Abelman,Home Office,East,Office Supplies,41.28
3972,2024-02,2024-02-01,Khloe Miller,Consumer,South,Technology,101.94
3973,2024-02,2024-02-01,Ryan Akin,Consumer,East,Technology,25.488
3974,2024-02,2024-02-01,Matt Abelman,Home Office,East,Technology,799.984
3975,2024-02,2024-02-01,Kalyca Meade,Corporate,East,Technology,134.99
3976,2024-02,2024-02-02,Irene Maddox,Consumer,West,Furniture,69.576
3977,2024-02,2024-02-02,Irene Maddox,Consumer,West,Furniture,54.92
3978,2024-02,2024-02-02,Irene Maddox,Consumer,West,Furniture,52.416
3979,2024-02,2024-02-02,Irene Maddox,Consumer,West,Furniture,364.95
3980,2024-02,2024-02-02,Irene Maddox,Consumer,West,Office Supplies,13.12
3981,2024-02,2024-02-02,Irene Maddox,Consumer,West,Office Supplies,4.224
3982,2024-02,2024-02-02,Gary Hwang,Consumer,South,Office Supplies,12.828
3983,2024-02,2024-02-02,Lena Creighton,Consumer,East,Office Supplies,10.332
3984,2024-02,2024-02-02,Jim Kriz,Home Office,West,Office Supplies,110.528
3985,2024-02,2024-02-02,Cynthia Arntzen,Consumer,Central,Office Supplies,23.0
3986,2024-02,2024-02-02,Shaun Weien,Consumer,South,Office Supplies,196.62
3987,2024-02,2024-02-02,Irene Maddox,Consumer,West,Office Supplies,85.056
3988,2024-02,2024-02-02,Irene Maddox,Consumer,West,Office Supplies,27.696
3989,2024-02,2024-02-02,Stuart Calhoun,Consumer,Central,Office Supplies,46.344
3990,2024-02,2024-02-02,Stuart Calhoun,Consumer,Central,Technology,159.984
3991,2024-02,2024-02-02,Irene Maddox,Consumer,West,Technology,58.08
3992,2024-02,2024-02-02,Cynthia Arntzen,Consumer,Central,Technology,175.23
3993,2024-02,2024-02-02,Cynthia Arntzen,Consumer,Central,Technology,125.99
3994,2024-02,2024-02-03,Liz Thompson,Consumer,West,Furniture,348.928
3995,2024-02,2024-02-03,Helen Abelman,Consumer,West,Furniture,166.5
3996,2024-02,2024-02-03,Xylona Preis,Consumer,West,Office Supplies,2.21
3997,2024-02,2024-02-03,Eric Murdock,Consumer,East,Office Supplies,8.22
3998,2024-02,2024-02-03,Dennis Kane,Consumer,West,Office Supplies,24.448
3999,2024-02,2024-02-03,Xylona Preis,Consumer,West,Office Supplies,15.52
4000,2024-02,2024-02-03,Dennis Kane,Consumer,West,Office Supplies,7.86
4001,2024-02,2024-02-03,Xylona Preis,Consumer,West,Office Supplies,36.44
4002,2024-02,2024-02-03,Jonathan Doherty,Corporate,West,Office Supplies,32.4
4003,2024-02,2024-02-03,Jonathan Doherty,Corporate,West,Office Supplies,97.88
4004,2024-02,2024-02-03,Helen Abelman,Consumer,West,Office Supplies,360.38
4005,2024-02,2024-02-03,Karen Daniels,Consumer,West,Office Supplies,25.76
4006,2024-02,2024-02-03,Joni Blumstein,Consumer,Central,Technology,22.368
4007,2024-02,2024-02-03,Karen Daniels,Consumer,West,Technology,299.94
4008,2024-02,2024-02-03,Xylona Preis,Consumer,West,Office Supplies,15.52
4009,2024-02,2024-02-03,Xylona Preis,Consumer,West,Office Supplies,36.44
4010,2024-02,2024-02-03,Xylona Preis,Consumer,West,Office Supplies,22.368
4011,2024-02,2024-02-04,Rachel Payne,Corporate,West,Office Supplies,134.48
4012,2024-02,2024-02-04,Rob Dowd,Consumer,West,Office Supplies,29.2
4013,2024-02,2024-02-04,Dean percer,Home Office,East,Office Supplies,37.88
4014,2024-02,2024-02-04,Matt Collins,Consumer,West,Office Supplies,9.96
4015,2024-02,2024-02-04,Rachel Payne,Corporate,West,Office Supplies,12.96
4016,2024-02,2024-02-04,Dean percer,Home Office,East,Office Supplies,19.44
4017,2024-02,2024-02-04,Rob Dowd,Consumer,West,Technology,248.85
4018,2024-02,2024-02-04,Rob Dowd,Consumer,West,Technology,36.24
4019,2024-02,2024-02-04,Rob Dowd,Consumer,West,Technology,494.376
4020,2024-02,2024-02-05,Paul Prost,Home Office,West,Furniture,15.24
4021,2024-02,2024-02-05,Keith Dawkins,Corporate,South,Furniture,6.16
4022,2024-02,2024-02-05,Eric Hoffmann,Consumer,West,Furniture,29.22
4023,2024-02,2024-02-05,Darren Budd,Corporate,West,Furniture,273.568
4024,2024-02,2024-02-05,Keith Dawkins,Corporate,South,Office Supplies,56.3
4025,2024-02,2024-02-05,Darren Budd,Corporate,West,Office Supplies,34.248
4026,2024-02,2024-02-05,Darren Budd,Corporate,West,Office Supplies,55.264
4027,2024-02,2024-02-05,Rick Duston,Consumer,West,Office Supplies,8.096
4028,2024-02,2024-02-05,Muhammed MacIntyre,Corporate,South,Office Supplies,3.76
4029,2024-02,2024-02-05,Darren Budd,Corporate,West,Office Supplies,6.48
4030,2024-02,2024-02-05,Ashley Jarboe,Consumer,West,Technology,50.0
4031,2024-02,2024-02-05,Doug Jacobs,Consumer,West,Technology,319.968
4032,2024-02,2024-02-06,Natalie Fritzler,Consumer,East,Furniture,262.864
4033,2024-02,2024-02-06,Joseph Holt,Consumer,West,Office Supplies,103.92
4034,2024-02,2024-02-06,Jim Kriz,Home Office,East,Office Supplies,3.28
4035,2024-02,2024-02-06,Joseph Holt,Consumer,West,Office Supplies,51.312
4036,2024-02,2024-02-06,Natalie Fritzler,Consumer,East,Technology,2025.36
4037,2024-02,2024-02-06,Joseph Holt,Consumer,West,Technology,899.91
4038,2024-02,2024-02-06,Natalie Fritzler,Consumer,East,Technology,1799.994
4039,2024-02,2024-02-06,Rick Reed,Corporate,South,Technology,246.168
4040,2024-02,2024-02-06,Natalie Fritzler,Consumer,East,Technology,101.988
4041,2024-02,2024-02-07,Sandra Glassco,Consumer,West,Office Supplies,4.98
4042,2024-02,2024-02-08,John Lee,Consumer,Central,Furniture,546.66
4043,2024-02,2024-02-08,John Lee,Consumer,Central,Furniture,302.94
4044,2024-02,2024-02-08,John Lee,Consumer,Central,Furniture,142.36
4045,2024-02,2024-02-08,Mick Crebagga,Consumer,Central,Furniture,41.552
4046,2024-02,2024-02-08,John Lee,Consumer,Central,Furniture,212.13
4047,2024-02,2024-02-08,Paul Gonzalez,Consumer,West,Office Supplies,16.4
4048,2024-02,2024-02-08,Mick Crebagga,Consumer,Central,Office Supplies,13.12
4049,2024-02,2024-02-08,Paul Gonzalez,Consumer,West,Office Supplies,204.85
4050,2024-02,2024-02-08,John Lee,Consumer,Central,Office Supplies,29.52
4051,2024-02,2024-02-08,Paul Gonzalez,Consumer,West,Office Supplies,92.96
4052,2024-02,2024-02-08,Mick Crebagga,Consumer,Central,Office Supplies,180.016
4053,2024-02,2024-02-08,Paul Gonzalez,Consumer,West,Technology,135.984
4054,2024-02,2024-02-09,Robert Barroso,Corporate,South,Furniture,20.32
4055,2024-02,2024-02-09,Michael Kennedy,Corporate,West,Office Supplies,6.848
4056,2024-02,2024-02-09,Robert Barroso,Corporate,South,Office Supplies,55.936
4057,2024-02,2024-02-09,Robert Barroso,Corporate,South,Office Supplies,18.432
4058,2024-02,2024-02-09,Jim Kriz,Home Office,East,Office Supplies,20.736
4059,2024-02,2024-02-09,Liz MacKendrick,Consumer,East,Office Supplies,646.776
4060,2024-02,2024-02-09,Mitch Webber,Consumer,East,Technology,166.24
4061,2024-02,2024-02-10,Peter McVee,Home Office,East,Furniture,1053.164
4062,2024-02,2024-02-10,Jay Kimmel,Consumer,East,Office Supplies,434.352
4063,2024-02,2024-02-10,Jay Kimmel,Consumer,East,Office Supplies,3.552
4064,2024-02,2024-02-10,Jay Kimmel,Consumer,East,Office Supplies,88.832
4065,2024-02,2024-02-10,Suzanne McNair,Corporate,Central,Office Supplies,7.04
4066,2024-02,2024-02-10,Suzanne McNair,Corporate,Central,Office Supplies,5.04
4067,2024-02,2024-02-10,Arthur Gainer,Consumer,East,Office Supplies,6.912
4068,2024-02,2024-02-10,Peter McVee,Home Office,East,Office Supplies,29.9
4069,2024-02,2024-02-10,Suzanne McNair,Corporate,Central,Office Supplies,116.28
4070,2024-02,2024-02-10,James Galang,Consumer,West,Technology,1265.85
4071,2024-02,2024-02-10,Peter McVee,Home Office,East,Technology,2249.91
4072,2024-02,2024-02-10,Eileen Kiefer,Home Office,Central,Technology,25.488
4073,2024-02,2024-02-10,Patrick Ryan,Consumer,Central,Technology,158.376
4074,2024-02,2024-02-10,James Galang,Consumer,West,Technology,675.96
4075,2024-02,2024-02-11,Katherine Ducich,Consumer,Central,Furniture,359.058
4076,2024-02,2024-02-11,Gary Zandusky,Consumer,West,Furniture,14.368
4077,2024-02,2024-02-11,John Murray,Consumer,South,Office Supplies,36.27
4078,2024-02,2024-02-11,Gary Zandusky,Consumer,West,Office Supplies,7.92
4079,2024-02,2024-02-11,Evan Minnotte,Home Office,South,Office Supplies,11.696
4080,2024-02,2024-02-11,Maya Herman,Corporate,East,Office Supplies,55.48
4081,2024-02,2024-02-11,Arianne Irving,Consumer,West,Office Supplies,17.12
4082,2024-02,2024-02-11,Chad Sievert,Consumer,Central,Office Supplies,88.8
4083,2024-02,2024-02-11,Katherine Ducich,Consumer,Central,Technology,255.968
4084,2024-02,2024-02-11,Emily Ducich,Home Office,Central,Technology,100.8
4085,2024-02,2024-02-11,Katherine Ducich,Consumer,Central,Technology,159.984
4086,2024-02,2024-02-12,Sam Zeldin,Home Office,Central,Furniture,51.756
4087,2024-02,2024-02-12,John Stevenson,Consumer,West,Furniture,1618.37
4088,2024-02,2024-02-12,Elpida Rittenbach,Corporate,West,Office Supplies,60.984
4089,2024-02,2024-02-12,Sam Zeldin,Home Office,Central,Office Supplies,59.904
4090,2024-02,2024-02-12,Adam Hart,Corporate,East,Office Supplies,3.008
4091,2024-02,2024-02-12,Roger Demir,Consumer,South,Office Supplies,27.312
4092,2024-02,2024-02-12,John Stevenson,Consumer,West,Technology,99.6
4093,2024-02,2024-02-12,Sam Zeldin,Home Office,Central,Technology,637.44
4094,2024-02,2024-02-12,Roger Demir,Consumer,South,Technology,50.88
4095,2024-02,2024-02-12,Sam Zeldin,Home Office,Central,Technology,600.53
4096,2024-02,2024-02-12,Lynn Smith,Consumer,South,Technology,47.976
4097,2024-02,2024-02-13,Harold Ryan,Corporate,East,Furniture,422.625
4098,2024-02,2024-02-13,Beth Thompson,Home Office,Central,Office Supplies,17.12
4099,2024-02,2024-02-13,Harold Ryan,Corporate,East,Office Supplies,33.568
4100,2024-02,2024-02-14,Bradley Drucker,Consumer,South,Office Supplies,194.32
4101,2024-02,2024-02-15,Jim Radford,Consumer,West,Furniture,590.058
4102,2024-02,2024-02-15,Harold Ryan,Corporate,West,Furniture,883.84
4103,2024-02,2024-02-15,Joni Blumstein,Consumer,East,Furniture,72.704
4104,2024-02,2024-02-15,Maribeth Schnelling,Consumer,West,Furniture,7.712
4105,2024-02,2024-02-15,Harry Marie,Corporate,Central,Furniture,9.68
4106,2024-02,2024-02-15,Joni Blumstein,Consumer,East,Office Supplies,27.168
4107,2024-02,2024-02-15,Jim Radford,Consumer,West,Office Supplies,14.04
4108,2024-02,2024-02-15,Kean Takahito,Consumer,West,Office Supplies,19.936
4109,2024-02,2024-02-15,Joni Blumstein,Consumer,East,Office Supplies,19.776
4110,2024-02,2024-02-15,Joni Blumstein,Consumer,East,Office Supplies,5.584
4111,2024-02,2024-02-15,Kean Takahito,Consumer,West,Office Supplies,45.92
4112,2024-02,2024-02-15,David Bremer,Corporate,East,Office Supplies,21.56
4113,2024-02,2024-02-15,David Bremer,Corporate,East,Office Supplies,132.79
4114,2024-02,2024-02-15,Maribeth Schnelling,Consumer,West,Office Supplies,106.232
4115,2024-02,2024-02-15,David Bremer,Corporate,East,Office Supplies,12.96
4116,2024-02,2024-02-15,Joni Blumstein,Consumer,East,Office Supplies,22.704
4117,2024-02,2024-02-15,Harry Marie,Corporate,Central,Technology,4899.93
4118,2024-02,2024-02-15,Joni Blumstein,Consumer,East,Technology,479.988
4119,2024-02,2024-02-15,Maribeth Schnelling,Consumer,West,Technology,111.984
4120,2024-02,2024-02-16,Jim Karlsson,Consumer,East,Furniture,449.568
4121,2024-02,2024-02-16,Dionis Lloyd,Corporate,Central,Furniture,160.98
4122,2024-02,2024-02-16,Lena Hernandez,Consumer,South,Furniture,275.88
4123,2024-02,2024-02-16,Justin Deggeller,Corporate,East,Furniture,547.136
4124,2024-02,2024-02-16,Jim Kriz,Home Office,East,Office Supplies,414.96
4125,2024-02,2024-02-16,Dionis Lloyd,Corporate,Central,Office Supplies,3.28
4126,2024-02,2024-02-16,Lena Hernandez,Consumer,South,Office Supplies,157.9
4127,2024-02,2024-02-16,Maria Bertelson,Consumer,South,Office Supplies,9.216
4128,2024-02,2024-02-16,Ralph Arnett,Consumer,West,Office Supplies,12.6
4129,2024-02,2024-02-16,Sean Miller,Home Office,West,Office Supplies,9.96
4130,2024-02,2024-02-16,Ralph Arnett,Consumer,West,Office Supplies,17.94
4131,2024-02,2024-02-16,Dionis Lloyd,Corporate,Central,Office Supplies,17.34
4132,2024-02,2024-02-16,Maria Bertelson,Consumer,South,Office Supplies,10.368
4133,2024-02,2024-02-16,Jim Karlsson,Consumer,East,Technology,843.9
4134,2024-02,2024-02-16,Ralph Arnett,Consumer,West,Technology,1199.96
4135,2024-02,2024-02-16,Dionis Lloyd,Corporate,Central,Technology,73.98
4136,2024-02,2024-02-17,Roger Barcio,Home Office,Central,Furniture,275.058
4137,2024-02,2024-02-17,Mick Crebagga,Consumer,East,Furniture,51.588
4138,2024-02,2024-02-17,Brian Dahlen,Consumer,East,Office Supplies,22.2
4139,2024-02,2024-02-17,David Flashing,Consumer,East,Office Supplies,212.64
4140,2024-02,2024-02-17,Brian Dahlen,Consumer,East,Office Supplies,22.2
4141,2024-02,2024-02-18,Steve Nguyen,Home Office,Central,Furniture,532.3992
4142,2024-02,2024-02-18,Sung Pak,Corporate,South,Furniture,131.104
4143,2024-02,2024-02-18,Steve Nguyen,Home Office,Central,Furniture,212.058
4144,2024-02,2024-02-18,Sung Pak,Corporate,South,Furniture,53.352
4145,2024-02,2024-02-18,David Bremer,Corporate,East,Furniture,1548.99
4146,2024-02,2024-02-18,Arthur Gainer,Consumer,West,Office Supplies,106.96
4147,2024-02,2024-02-18,Brad Thomas,Home Office,East,Office Supplies,355.96
4148,2024-02,2024-02-18,Maribeth Dona,Consumer,South,Office Supplies,105.42
4149,2024-02,2024-02-18,Steve Nguyen,Home Office,Central,Office Supplies,113.328
4150,2024-02,2024-02-18,David Bremer,Corporate,East,Office Supplies,19.872
4151,2024-02,2024-02-18,Arthur Gainer,Consumer,West,Office Supplies,21.56
4152,2024-02,2024-02-18,Brad Thomas,Home Office,East,Office Supplies,28.9
4153,2024-02,2024-02-18,Richard Eichhorn,Consumer,Central,Office Supplies,195.64
4154,2024-02,2024-02-18,Aaron Hawkins,Corporate,West,Office Supplies,323.1
4155,2024-02,2024-02-18,Sung Pak,Corporate,South,Office Supplies,22.512
4156,2024-02,2024-02-18,Daniel Raglin,Home Office,Central,Office Supplies,12.672
4157,2024-02,2024-02-18,Sung Pak,Corporate,South,Technology,4.728
4158,2024-02,2024-02-18,Kean Nguyen,Corporate,West,Technology,7.92
4159,2024-02,2024-02-18,Sung Pak,Corporate,South,Technology,72.744
4160,2024-02,2024-02-18,Steve Nguyen,Home Office,Central,Technology,371.168
4161,2024-02,2024-02-18,Aaron Hawkins,Corporate,West,Technology,668.16
4162,2024-02,2024-02-18,Richard Eichhorn,Consumer,Central,Technology,239.9
4163,2024-02,2024-02-19,Fred Harton,Consumer,Central,Office Supplies,24.816
4164,2024-02,2024-02-19,Eric Murdock,Consumer,East,Technology,54.384
4165,2024-02,2024-02-20,Roy Französisch,Consumer,East,Office Supplies,6.36
4166,2024-02,2024-02-21,Clay Ludtke,Consumer,West,Office Supplies,271.44
4167,2024-02,2024-02-21,Clay Ludtke,Consumer,West,Office Supplies,68.52
4168,2024-02,2024-02-21,Clay Ludtke,Consumer,West,Office Supplies,74.94
4169,2024-02,2024-02-21,Clay Ludtke,Consumer,West,Technology,2548.56
4170,2024-02,2024-02-21,Clay Ludtke,Consumer,West,Technology,287.88
4171,2024-02,2024-02-22,Trudy Brown,Consumer,Central,Furniture,14.76
4172,2024-02,2024-02-22,Karen Carlisle,Corporate,South,Office Supplies,364.8
4173,2024-02,2024-02-22,Karen Carlisle,Corporate,South,Office Supplies,60.64
4174,2024-02,2024-02-22,Trudy Brown,Consumer,Central,Office Supplies,3.656
4175,2024-02,2024-02-22,Karen Carlisle,Corporate,South,Office Supplies,76.3
4176,2024-02,2024-02-22,Anna Häberlin,Corporate,Central,Office Supplies,116.4
4177,2024-02,2024-02-22,Karen Carlisle,Corporate,South,Office Supplies,94.74
4178,2024-02,2024-02-22,Jas O'Carroll,Consumer,West,Office Supplies,487.984
4179,2024-02,2024-02-22,Barry Gonzalez,Consumer,Central,Office Supplies,3.488
4180,2024-02,2024-02-22,Barry Gonzalez,Consumer,Central,Office Supplies,152.688
4181,2024-02,2024-02-22,Barry Gonzalez,Consumer,Central,Office Supplies,5.888
4182,2024-02,2024-02-24,Brendan Murry,Corporate,East,Furniture,173.94
4183,2024-02,2024-02-24,Brendan Murry,Corporate,East,Technology,231.98
4184,2024-02,2024-02-25,Bill Overfelt,Corporate,Central,Furniture,1592.85
4185,2024-02,2024-02-25,Bill Overfelt,Corporate,Central,Office Supplies,11.88
4186,2024-02,2024-02-25,Lena Radford,Consumer,West,Office Supplies,114.46
4187,2024-02,2024-02-25,Christine Abelman,Corporate,Central,Technology,30.08
4188,2024-02,2024-02-25,Christine Abelman,Corporate,Central,Technology,165.6
4189,2024-02,2024-02-25,Christine Abelman,Corporate,Central,Technology,180.96
4190,2024-02,2024-02-26,Ben Peterman,Corporate,East,Office Supplies,4.672
4191,2024-02,2024-02-26,Ben Peterman,Corporate,East,Office Supplies,104.58
4192,2024-02,2024-02-26,Erica Bern,Corporate,South,Technology,959.968
4193,2024-02,2024-02-27,Anthony Johnson,Corporate,South,Office Supplies,5.248
4194,2024-02,2024-02-27,Anthony Johnson,Corporate,South,Technology,191.472
4195,2024-02,2024-02-27,Anthony Johnson,Corporate,South,Technology,59.184
4196,2024-02,2024-02-29,Neoma Murray,Consumer,Central,Furniture,23.076
4197,2024-02,2024-02-29,Dianna Wilson,Home Office,West,Office Supplies,34.58
4198,2024-02,2024-02-29,Neoma Murray,Consumer,Central,Office Supplies,25.92
4199,2024-03,2024-03-01,Jack O'Briant,Corporate,Central,Furniture,1565.88
4200,2024-03,2024-03-01,Vivek Sundaresam,Consumer,South,Office Supplies,47.616
4201,2024-03,2024-03-01,Jack O'Briant,Corporate,Central,Office Supplies,106.05
4202,2024-03,2024-03-01,Vivek Sundaresam,Consumer,South,Office Supplies,30.828
4203,2024-03,2024-03-01,Vivek Sundaresam,Consumer,South,Technology,108.784
4204,2024-03,2024-03-02,Maureen Fritzler,Corporate,East,Furniture,15.168
4205,2024-03,2024-03-02,Laura Armstrong,Corporate,West,Technology,349.95
4206,2024-03,2024-03-02,Laura Armstrong,Corporate,West,Technology,377.928
4207,2024-03,2024-03-03,Joy Bell-,Consumer,West,Furniture,24.85
4208,2024-03,2024-03-03,Ken Black,Corporate,West,Furniture,79.92
4209,2024-03,2024-03-03,Ken Black,Corporate,West,Technology,69.98
4210,2024-03,2024-03-04,Mark Packer,Home Office,East,Furniture,54.992
4211,2024-03,2024-03-04,Deanra Eno,Home Office,East,Office Supplies,15.552
4212,2024-03,2024-03-04,Deanra Eno,Home Office,East,Office Supplies,63.312
4213,2024-03,2024-03-04,Deanra Eno,Home Office,East,Technology,15.588
4214,2024-03,2024-03-07,Anna Gayman,Consumer,South,Furniture,315.776
4215,2024-03,2024-03-07,Anna Gayman,Consumer,South,Office Supplies,89.568
4216,2024-03,2024-03-08,Roy Collins,Consumer,East,Furniture,181.797
4217,2024-03,2024-03-08,Dean percer,Home Office,East,Office Supplies,4.66
4218,2024-03,2024-03-08,William Brown,Consumer,East,Office Supplies,49.536
4219,2024-03,2024-03-08,William Brown,Consumer,East,Office Supplies,16.52
4220,2024-03,2024-03-08,Dean percer,Home Office,East,Office Supplies,52.34
4221,2024-03,2024-03-08,Bill Eplett,Home Office,East,Office Supplies,81.98
4222,2024-03,2024-03-08,William Brown,Consumer,East,Office Supplies,60.12
4223,2024-03,2024-03-08,Dean percer,Home Office,East,Technology,254.97
4224,2024-03,2024-03-09,Eric Hoffmann,Consumer,West,Office Supplies,11.648
4225,2024-03,2024-03-09,Eric Hoffmann,Consumer,West,Technology,90.57
4226,2024-03,2024-03-10,Chuck Clark,Home Office,East,Furniture,322.59
4227,2024-03,2024-03-10,Dionis Lloyd,Corporate,South,Technology,316.0
4228,2024-03,2024-03-10,Chuck Clark,Home Office,East,Technology,371.97
4229,2024-03,2024-03-10,Chuck Clark,Home Office,East,Technology,29.99
4230,2024-03,2024-03-10,Scott Cohen,Corporate,East,Office Supplies,6.68
4231,2024-03,2024-03-14,Tamara Dahlen,Consumer,West,Furniture,1013.488
4232,2024-03,2024-03-14,Tamara Dahlen,Consumer,West,Furniture,153.568
4233,2024-03,2024-03-14,Jane Waco,Corporate,East,Furniture,24.3
4234,2024-03,2024-03-14,Jane Waco,Corporate,East,Furniture,9.48
4235,2024-03,2024-03-14,Jane Waco,Corporate,East,Furniture,31.4
4236,2024-03,2024-03-14,Jane Waco,Corporate,East,Office Supplies,6.48
4237,2024-03,2024-03-14,Jane Waco,Corporate,East,Technology,209.5
4238,2024-03,2024-03-15,Carlos Meador,Consumer,South,Furniture,451.136
4239,2024-03,2024-03-15,Anthony Johnson,Corporate,West,Furniture,109.9
4240,2024-03,2024-03-15,Carlos Meador,Consumer,South,Furniture,14.272
4241,2024-03,2024-03-15,Carlos Meador,Consumer,South,Office Supplies,64.864
4242,2024-03,2024-03-15,Toby Braunhardt,Consumer,East,Office Supplies,26.336
4243,2024-03,2024-03-15,Paul Gonzalez,Consumer,East,Office Supplies,7.56
4244,2024-03,2024-03-15,Frank Preis,Consumer,West,Office Supplies,44.4
4245,2024-03,2024-03-15,Frank Preis,Consumer,West,Office Supplies,20.65
4246,2024-03,2024-03-15,Marc Crier,Consumer,West,Office Supplies,12.96
4247,2024-03,2024-03-15,Bradley Talbott,Home Office,East,Technology,55.176
4248,2024-03,2024-03-15,Bradley Talbott,Home Office,East,Technology,110.376
4249,2024-03,2024-03-16,Christy Brittain,Consumer,West,Furniture,59.99
4250,2024-03,2024-03-16,Claudia Bergmann,Corporate,East,Office Supplies,8.04
4251,2024-03,2024-03-16,Claudia Bergmann,Corporate,East,Office Supplies,1564.29
4252,2024-03,2024-03-16,Claudia Bergmann,Corporate,East,Technology,99.98
4253,2024-03,2024-03-17,Henry Goldwyn,Corporate,South,Office Supplies,31.36
4254,2024-03,2024-03-18,Jonathan Doherty,Corporate,East,Furniture,45.98
4255,2024-03,2024-03-18,Jonathan Doherty,Corporate,East,Furniture,313.722
4256,2024-03,2024-03-18,Todd Boyes,Corporate,East,Office Supplies,9.21
4257,2024-03,2024-03-18,Jonathan Doherty,Corporate,East,Office Supplies,43.12
4258,2024-03,2024-03-18,Todd Boyes,Corporate,East,Office Supplies,18.0
4259,2024-03,2024-03-18,Jonathan Doherty,Corporate,East,Office Supplies,428.68
4260,2024-03,2024-03-21,Henry Goldwyn,Corporate,West,Office Supplies,39.68
4261,2024-03,2024-03-23,Tim Brockman,Consumer,West,Furniture,48.58
4262,2024-03,2024-03-23,Tim Brockman,Consumer,West,Furniture,435.168
4263,2024-03,2024-03-23,David Flashing,Consumer,Central,Furniture,626.1
4264,2024-03,2024-03-23,Jeremy Farry,Consumer,West,Office Supplies,17.456
4265,2024-03,2024-03-23,David Flashing,Consumer,Central,Office Supplies,1.728
4266,2024-03,2024-03-23,Steven Cartwright,Consumer,West,Office Supplies,50.784
4267,2024-03,2024-03-23,Steven Cartwright,Consumer,West,Office Supplies,26.01
4268,2024-03,2024-03-23,Harold Engle,Corporate,Central,Office Supplies,156.512
4269,2024-03,2024-03-23,Steven Cartwright,Consumer,West,Office Supplies,305.01
4270,2024-03,2024-03-23,David Flashing,Consumer,Central,Technology,1439.968
4271,2024-03,2024-03-24,Ben Ferrer,Home Office,South,Office Supplies,1270.99
4272,2024-03,2024-03-24,Jason Klamczynski,Corporate,East,Office Supplies,23.36
4273,2024-03,2024-03-24,Ben Ferrer,Home Office,South,Office Supplies,125.36
4274,2024-03,2024-03-24,Sample Company A,Home Office,West,Office Supplies,56.7
4275,2024-03,2024-03-24,Aimee Bixby,Consumer,Central,Office Supplies,15.552
4276,2024-03,2024-03-24,Sample Company A,Home Office,West,Technology,109.592
4277,2024-03,2024-03-25,Suzanne McNair,Corporate,West,Office Supplies,105.52
4278,2024-03,2024-03-25,Cyma Kinney,Corporate,South,Office Supplies,56.45
4279,2024-03,2024-03-26,Sanjit Engle,Consumer,South,Furniture,18.69
4280,2024-03,2024-03-26,Noel Staavos,Corporate,Central,Furniture,73.784
4281,2024-03,2024-03-26,Sanjit Engle,Consumer,South,Office Supplies,36.4
4282,2024-03,2024-03-26,Adrian Barton,Consumer,East,Office Supplies,117.96
4283,2024-03,2024-03-26,Sanjit Engle,Consumer,South,Technology,8749.95
4284,2024-03,2024-03-27,Liz Carlisle,Consumer,South,Furniture,866.4
4285,2024-03,2024-03-28,Tracy Blumstein,Consumer,West,Furniture,14.368
4286,2024-03,2024-03-28,Jennifer Braxton,Corporate,West,Office Supplies,93.02
4287,2024-03,2024-03-28,Maribeth Schnelling,Consumer,East,Technology,90.48
4288,2024-03,2024-03-29,Paul Prost,Home Office,South,Furniture,239.98
4289,2024-03,2024-03-29,Paul Prost,Home Office,South,Furniture,18.84
4290,2024-03,2024-03-29,Annie Zypern,Consumer,West,Furniture,557.728
4291,2024-03,2024-03-29,Paul Prost,Home Office,South,Office Supplies,167.96
4292,2024-03,2024-03-29,Paul Prost,Home Office,South,Office Supplies,9.45
4293,2024-03,2024-03-29,Annie Zypern,Consumer,West,Office Supplies,14.73
4294,2024-03,2024-03-29,Paul Prost,Home Office,South,Office Supplies,122.97
4295,2024-03,2024-03-29,Paul Prost,Home Office,South,Office Supplies,348.84
4296,2024-03,2024-03-29,Paul Prost,Home Office,South,Office Supplies,342.37
4297,2024-03,2024-03-29,Paul Prost,Home Office,South,Office Supplies,80.98
4298,2024-03,2024-03-29,Annie Zypern,Consumer,West,Office Supplies,186.54
4299,2024-03,2024-03-29,Paul Prost,Home Office,South,Office Supplies,154.44
4300,2024-03,2024-03-29,Paul Prost,Home Office,South,Technology,104.85
4301,2024-03,2024-03-29,Annie Zypern,Consumer,West,Technology,159.968
4302,2024-03,2024-03-29,Paul Prost,Home Office,South,Technology,484.83
4303,2024-03,2024-03-30,Karen Bern,Corporate,South,Furniture,132.224
4304,2024-03,2024-03-31,Christina Anderson,Consumer,South,Office Supplies,7.83
4305,2024-03,2024-03-31,Bobby Elias,Consumer,East,Office Supplies,30.352
4306,2024-03,2024-03-31,Christina Anderson,Consumer,South,Technology,100.0
4307,2024-03,2024-03-31,Erica Bern,Corporate,West,Technology,623.96
4308,2024-04,2024-04-01,Mark Haberlin,Corporate,Central,Furniture,241.5
4309,2024-04,2024-04-01,Cathy Hwang,Home Office,South,Technology,1127.976
4310,2024-04,2024-04-02,Justin Ritter,Corporate,West,Technology,89.97
4311,2024-04,2024-04-02,Justin Ritter,Corporate,West,Technology,31.86
4312,2024-04,2024-04-04,Phillip Breyer,Corporate,Central,Technology,69.93
4313,2024-04,2024-04-05,John Stevenson,Consumer,South,Office Supplies,15.92
4314,2024-04,2024-04-05,John Stevenson,Consumer,South,Office Supplies,1350.12
4315,2024-04,2024-04-06,Ross DeVincentis,Home Office,West,Office Supplies,146.82
4316,2024-04,2024-04-07,Dave Kipp,Consumer,East,Furniture,10.56
4317,2024-04,2024-04-07,Dave Kipp,Consumer,East,Furniture,550.431
4318,2024-04,2024-04-07,Dave Kipp,Consumer,East,Office Supplies,7.98
4319,2024-04,2024-04-07,Fred McMath,Consumer,South,Office Supplies,264.18
4320,2024-04,2024-04-07,Dave Kipp,Consumer,East,Office Supplies,4.77
4321,2024-04,2024-04-08,Patrick Gardner,Consumer,East,Office Supplies,398.352
4322,2024-04,2024-04-08,Patrick Gardner,Consumer,East,Office Supplies,8.72
4323,2024-04,2024-04-09,John Dryer,Consumer,East,Furniture,227.96
4324,2024-04,2024-04-09,Jill Fjeld,Consumer,East,Furniture,326.646
4325,2024-04,2024-04-09,Erin Ashbrook,Corporate,Central,Furniture,62.958
4326,2024-04,2024-04-09,Giulietta Weimer,Consumer,South,Furniture,318.08
4327,2024-04,2024-04-09,Erin Ashbrook,Corporate,Central,Office Supplies,92.064
4328,2024-04,2024-04-09,Giulietta Weimer,Consumer,South,Office Supplies,5.8
4329,2024-04,2024-04-09,Erin Ashbrook,Corporate,Central,Office Supplies,6.976
4330,2024-04,2024-04-09,Erin Ashbrook,Corporate,Central,Office Supplies,5.184
4331,2024-04,2024-04-09,Jill Fjeld,Consumer,East,Technology,89.97
4332,2024-04,2024-04-12,Greg Tran,Consumer,East,Furniture,44.46
4333,2024-04,2024-04-12,Cyma Kinney,Corporate,East,Office Supplies,8.67
4334,2024-04,2024-04-12,Greg Tran,Consumer,West,Office Supplies,70.88
4335,2024-04,2024-04-12,Greg Tran,Consumer,East,Office Supplies,242.94
4336,2024-04,2024-04-12,Cyma Kinney,Corporate,East,Office Supplies,25.71
4337,2024-04,2024-04-13,Alan Hwang,Consumer,South,Office Supplies,16.496
4338,2024-04,2024-04-14,Benjamin Venier,Corporate,East,Furniture,68.95
4339,2024-04,2024-04-14,Erin Ashbrook,Corporate,East,Furniture,135.8
4340,2024-04,2024-04-14,Matthew Clasen,Corporate,West,Office Supplies,18.56
4341,2024-04,2024-04-14,Lindsay Castell,Home Office,South,Office Supplies,34.86
4342,2024-04,2024-04-14,Matthew Clasen,Corporate,West,Office Supplies,31.248
4343,2024-04,2024-04-14,Lindsay Castell,Home Office,South,Office Supplies,3.762
4344,2024-04,2024-04-14,Benjamin Venier,Corporate,East,Office Supplies,296.37
4345,2024-04,2024-04-14,Lindsay Castell,Home Office,South,Office Supplies,432.456
4346,2024-04,2024-04-14,Matthew Clasen,Corporate,West,Office Supplies,449.15
4347,2024-04,2024-04-14,Matthew Clasen,Corporate,West,Technology,12.99
4348,2024-04,2024-04-14,Benjamin Venier,Corporate,East,Technology,39.98
4349,2024-04,2024-04-15,Paul Van Hugh,Home Office,Central,Office Supplies,490.32
4350,2024-04,2024-04-15,Tracy Zic,Consumer,West,Office Supplies,10.65
4351,2024-04,2024-04-15,Tracy Zic,Consumer,West,Technology,36.24
4352,2024-04,2024-04-15,Tracy Zic,Consumer,West,Technology,445.96
4353,2024-04,2024-04-16,Alyssa Crouse,Corporate,East,Office Supplies,57.576
4354,2024-04,2024-04-18,Bruce Degenhardt,Consumer,East,Office Supplies,46.72
4355,2024-04,2024-04-20,Don Weiss,Consumer,Central,Furniture,16.192
4356,2024-04,2024-04-20,Dan Lawera,Consumer,East,Office Supplies,170.88
4357,2024-04,2024-04-20,Eric Barreto,Consumer,Central,Office Supplies,56.82
4358,2024-04,2024-04-21,Lena Cacioppo,Consumer,East,Office Supplies,111.104
4359,2024-04,2024-04-21,Rick Reed,Corporate,East,Office Supplies,36.48
4360,2024-04,2024-04-22,Karen Daniels,Consumer,East,Furniture,836.592
4361,2024-04,2024-04-22,Karen Daniels,Consumer,East,Office Supplies,26.38
4362,2024-04,2024-04-22,Karen Daniels,Consumer,East,Office Supplies,362.92
4363,2024-04,2024-04-22,Karen Daniels,Consumer,East,Technology,4899.93
4364,2024-04,2024-04-22,Odella Nelson,Corporate,West,Technology,159.984
4365,2024-04,2024-04-24,Jason Gross,Corporate,Central,Furniture,563.43
4366,2024-04,2024-04-24,Theresa Swint,Corporate,West,Furniture,35.28
4367,2024-04,2024-04-24,Chris Cortes,Consumer,Central,Furniture,637.896
4368,2024-04,2024-04-24,Brosina Hoffman,Consumer,East,Office Supplies,447.86
4369,2024-04,2024-04-24,Chris Cortes,Consumer,Central,Office Supplies,36.6
4370,2024-04,2024-04-24,Alex Avila,Consumer,Central,Office Supplies,2.304
4371,2024-04,2024-04-24,Jason Gross,Corporate,Central,Office Supplies,42.784
4372,2024-04,2024-04-24,Brosina Hoffman,Consumer,East,Office Supplies,166.44
4373,2024-04,2024-04-24,Alex Avila,Consumer,Central,Office Supplies,3930.072
4374,2024-04,2024-04-24,Theresa Swint,Corporate,West,Office Supplies,25.35
4375,2024-04,2024-04-24,Alex Avila,Consumer,Central,Technology,41.72
4376,2024-04,2024-04-24,Chris Cortes,Consumer,Central,Technology,287.91
4377,2024-04,2024-04-24,Alex Avila,Consumer,Central,Technology,431.976
4378,2024-04,2024-04-24,Brosina Hoffman,Consumer,East,Technology,479.95
4379,2024-04,2024-04-24,Craig Carreira,Consumer,Central,Technology,134.85
4380,2024-04,2024-04-25,Michael Granlund,Home Office,West,Office Supplies,16.99
4381,2024-04,2024-04-25,Rick Duston,Consumer,Central,Office Supplies,128.4
4382,2024-04,2024-04-25,Randy Ferguson,Corporate,South,Office Supplies,10.08
4383,2024-04,2024-04-25,Eleni McCrary,Corporate,East,Technology,159.98
4384,2024-04,2024-04-26,Rob Williams,Corporate,Central,Office Supplies,149.352
4385,2024-04,2024-04-26,Rob Williams,Corporate,Central,Office Supplies,12.992
4386,2024-04,2024-04-27,Lena Cacioppo,Consumer,Central,Furniture,159.04
4387,2024-04,2024-04-27,Lena Cacioppo,Consumer,Central,Furniture,145.98
4388,2024-04,2024-04-27,Lena Cacioppo,Consumer,Central,Office Supplies,2.334
4389,2024-04,2024-04-27,Julia Barnett,Home Office,East,Office Supplies,2.043
4390,2024-04,2024-04-27,Lena Cacioppo,Consumer,Central,Office Supplies,1.728
4391,2024-04,2024-04-27,Julia Barnett,Home Office,East,Technology,68.238
4392,2024-04,2024-04-27,Julia Barnett,Home Office,East,Technology,431.94
4393,2024-04,2024-04-28,Ed Braxton,Corporate,Central,Technology,21.072
4394,2024-04,2024-04-29,Giulietta Baptist,Consumer,East,Furniture,113.6
4395,2024-04,2024-04-29,Zuschuss Carroll,Consumer,South,Furniture,102.36
4396,2024-04,2024-04-29,Stephanie Phelps,Corporate,Central,Office Supplies,207.144
4397,2024-04,2024-04-29,Stephanie Phelps,Corporate,Central,Office Supplies,13.9
4398,2024-04,2024-04-29,Giulietta Baptist,Consumer,East,Office Supplies,69.456
4399,2024-04,2024-04-29,Sanjit Jacobs,Home Office,Central,Office Supplies,8.856
4400,2024-04,2024-04-29,Patrick Gardner,Consumer,West,Office Supplies,9.702
4401,2024-04,2024-04-29,Sanjit Jacobs,Home Office,Central,Office Supplies,146.352
4402,2024-04,2024-04-29,Brian DeCherney,Consumer,East,Office Supplies,5.984
4403,2024-04,2024-04-29,Giulietta Baptist,Consumer,East,Office Supplies,12.96
4404,2024-04,2024-04-29,Sanjit Jacobs,Home Office,Central,Technology,27.96
4405,2024-04,2024-04-29,Zuschuss Carroll,Consumer,South,Technology,1363.96
4406,2024-04,2024-04-29,Brian DeCherney,Consumer,East,Technology,108.576
4407,2024-04,2024-04-30,Pamela Stobb,Consumer,East,Furniture,354.9
4408,2024-04,2024-04-30,Pamela Stobb,Consumer,East,Office Supplies,51.8
4409,2024-04,2024-04-30,Pamela Stobb,Consumer,East,Office Supplies,17.94
4410,2024-04,2024-04-30,Pamela Stobb,Consumer,East,Office Supplies,11.21
4411,2024-04,2024-04-30,Rick Bensley,Home Office,East,Technology,199.75
4412,2024-05,2024-05-01,Caroline Jumper,Consumer,East,Furniture,176.784
4413,2024-05,2024-05-01,Karen Ferguson,Home Office,West,Office Supplies,14.9
4414,2024-05,2024-05-01,Maya Herman,Corporate,West,Office Supplies,104.696
4415,2024-05,2024-05-01,Bryan Davis,Consumer,East,Technology,39.992
4416,2024-05,2024-05-01,Rick Huthwaite,Home Office,West,Technology,26.85
4417,2024-05,2024-05-01,Rick Huthwaite,Home Office,West,Technology,3357.6
4418,2024-05,2024-05-01,Karen Ferguson,Home Office,West,Technology,4158.912
4419,2024-05,2024-05-02,Brad Thomas,Home Office,East,Furniture,30.336
4420,2024-05,2024-05-02,Julie Prescott,Home Office,South,Furniture,76.92
4421,2024-05,2024-05-02,Mick Brown,Consumer,East,Furniture,244.006
4422,2024-05,2024-05-02,Odella Nelson,Corporate,Central,Office Supplies,17.46
4423,2024-05,2024-05-02,Julie Prescott,Home Office,South,Office Supplies,481.32
4424,2024-05,2024-05-02,Odella Nelson,Corporate,Central,Technology,45.98
4425,2024-05,2024-05-03,Dean Katz,Corporate,West,Furniture,770.352
4426,2024-05,2024-05-03,Dean Katz,Corporate,West,Office Supplies,154.9
4427,2024-05,2024-05-03,Clytie Kelty,Consumer,East,Office Supplies,29.34
4428,2024-05,2024-05-03,Dean Katz,Corporate,West,Office Supplies,30.56
4429,2024-05,2024-05-03,Mike Caudle,Corporate,South,Office Supplies,12.96
4430,2024-05,2024-05-03,Scot Wooten,Consumer,West,Office Supplies,19.98
4431,2024-05,2024-05-03,Dean Katz,Corporate,West,Office Supplies,676.55
4432,2024-05,2024-05-04,Stewart Carmichael,Corporate,East,Furniture,386.68
4433,2024-05,2024-05-04,Edward Hooks,Corporate,West,Furniture,28.28
4434,2024-05,2024-05-04,Adam Bellavance,Home Office,South,Furniture,127.88
4435,2024-05,2024-05-04,Liz Thompson,Consumer,Central,Furniture,557.585
4436,2024-05,2024-05-04,Tamara Willingham,Home Office,West,Office Supplies,157.92
4437,2024-05,2024-05-04,Adam Bellavance,Home Office,South,Office Supplies,160.32
4438,2024-05,2024-05-04,Dennis Bolton,Home Office,West,Office Supplies,51.184
4439,2024-05,2024-05-04,Stewart Carmichael,Corporate,East,Office Supplies,23.16
4440,2024-05,2024-05-04,Liz Thompson,Consumer,Central,Office Supplies,1.272
4441,2024-05,2024-05-04,Stewart Carmichael,Corporate,East,Office Supplies,51.897
4442,2024-05,2024-05-04,Adam Bellavance,Home Office,South,Office Supplies,46.0
4443,2024-05,2024-05-04,Liz Thompson,Consumer,Central,Office Supplies,70.08
4444,2024-05,2024-05-04,Stewart Carmichael,Corporate,East,Office Supplies,41.24
4445,2024-05,2024-05-04,Stewart Carmichael,Corporate,East,Office Supplies,552.56
4446,2024-05,2024-05-04,Stewart Carmichael,Corporate,East,Office Supplies,126.08
4447,2024-05,2024-05-04,Edward Hooks,Corporate,West,Office Supplies,4912.59
4448,2024-05,2024-05-04,Stewart Carmichael,Corporate,East,Technology,379.96
4449,2024-05,2024-05-04,Stewart Carmichael,Corporate,East,Technology,449.1
4450,2024-05,2024-05-04,Tamara Willingham,Home Office,West,Technology,203.184
4451,2024-05,2024-05-04,Stewart Carmichael,Corporate,East,Technology,539.91
4452,2024-05,2024-05-04,Nicole Fjeld,Home Office,West,Furniture,915.14
4453,2024-05,2024-05-04,Nicole Fjeld,Home Office,West,Furniture,327.76
4454,2024-05,2024-05-05,John Stevenson,Consumer,Central,Furniture,241.332
4455,2024-05,2024-05-05,Muhammed MacIntyre,Corporate,West,Furniture,196.784
4456,2024-05,2024-05-05,Sibella Parks,Corporate,Central,Furniture,16.74
4457,2024-05,2024-05-05,Henia Zydlo,Consumer,East,Furniture,21.88
4458,2024-05,2024-05-05,John Stevenson,Consumer,Central,Office Supplies,145.544
4459,2024-05,2024-05-05,Stephanie Phelps,Corporate,West,Office Supplies,41.904
4460,2024-05,2024-05-05,John Stevenson,Consumer,Central,Office Supplies,5.184
4461,2024-05,2024-05-06,Fred Chung,Corporate,West,Furniture,1352.032
4462,2024-05,2024-05-06,Muhammed Yedwab,Corporate,Central,Furniture,528.43
4463,2024-05,2024-05-06,Fred Chung,Corporate,West,Office Supplies,4.544
4464,2024-05,2024-05-06,Muhammed Yedwab,Corporate,Central,Office Supplies,22.386
4465,2024-05,2024-05-06,Sanjit Jacobs,Home Office,South,Office Supplies,319.76
4466,2024-05,2024-05-06,Sanjit Jacobs,Home Office,South,Office Supplies,45.68
4467,2024-05,2024-05-06,Paul Lucas,Home Office,East,Technology,83.976
4468,2024-05,2024-05-08,Gary Zandusky,Consumer,East,Furniture,971.5
4469,2024-05,2024-05-08,Gary Zandusky,Consumer,East,Office Supplies,901.95
4470,2024-05,2024-05-08,Christine Sundaresam,Consumer,East,Office Supplies,39.68
4471,2024-05,2024-05-08,Vivian Mathis,Consumer,East,Office Supplies,32.54
4472,2024-05,2024-05-08,Gary Zandusky,Consumer,East,Office Supplies,199.9
4473,2024-05,2024-05-08,Vivian Mathis,Consumer,East,Technology,129.98
4474,2024-05,2024-05-08,Anna Chung,Consumer,West,Technology,84.784
4475,2024-05,2024-05-09,Rose O'Brian,Consumer,South,Furniture,189.882
4476,2024-05,2024-05-09,Dave Brooks,Consumer,South,Office Supplies,871.8
4477,2024-05,2024-05-10,Bobby Trafton,Consumer,West,Furniture,72.294
4478,2024-05,2024-05-10,Susan Vittorini,Consumer,East,Furniture,20.32
4479,2024-05,2024-05-10,Susan Vittorini,Consumer,East,Furniture,14.98
4480,2024-05,2024-05-10,Corey Catlett,Corporate,South,Office Supplies,31.086
4481,2024-05,2024-05-10,Jill Trafton,Consumer,East,Furniture,72.294
4482,2024-05,2024-05-11,Aaron Hawkins,Corporate,South,Furniture,86.45
4483,2024-05,2024-05-11,Robert Dilbeck,Home Office,Central,Furniture,697.16
4484,2024-05,2024-05-11,Zuschuss Carroll,Consumer,West,Office Supplies,16.821
4485,2024-05,2024-05-11,Zuschuss Carroll,Consumer,West,Office Supplies,20.736
4486,2024-05,2024-05-11,Zuschuss Carroll,Consumer,West,Office Supplies,10.368
4487,2024-05,2024-05-11,Peter Bühler,Consumer,Central,Technology,11.992
4488,2024-05,2024-05-11,Zuschuss Carroll,Consumer,West,Technology,84.784
4489,2024-05,2024-05-12,Kean Takahito,Consumer,Central,Furniture,528.43
4490,2024-05,2024-05-12,Dario Medina,Corporate,Central,Furniture,99.372
4491,2024-05,2024-05-12,Dario Medina,Corporate,Central,Office Supplies,1.344
4492,2024-05,2024-05-12,Kean Takahito,Consumer,Central,Office Supplies,13.392
4493,2024-05,2024-05-12,Kean Takahito,Consumer,Central,Office Supplies,3.168
4494,2024-05,2024-05-13,Marc Crier,Consumer,West,Furniture,167.888
4495,2024-05,2024-05-13,Robert Barroso,Corporate,West,Technology,58.58
4496,2024-05,2024-05-15,Dan Campbell,Consumer,East,Furniture,301.47
4497,2024-05,2024-05-15,Dan Campbell,Consumer,East,Office Supplies,18.656
4498,2024-05,2024-05-15,Vivek Grady,Corporate,Central,Office Supplies,22.48
4499,2024-05,2024-05-15,Dan Reichenbach,Corporate,West,Technology,403.168
4500,2024-05,2024-05-16,Damala Kotsonis,Corporate,East,Office Supplies,59.52
4501,2024-05,2024-05-16,Toby Braunhardt,Consumer,Central,Technology,1287.45
4502,2024-05,2024-05-17,Mark Van Huff,Consumer,West,Office Supplies,17.04
4503,2024-05,2024-05-17,Mark Van Huff,Consumer,West,Office Supplies,17.64
4504,2024-05,2024-05-17,Dean Braden,Consumer,South,Office Supplies,67.64
4505,2024-05,2024-05-17,Sibella Parks,Corporate,East,Office Supplies,459.95
4506,2024-05,2024-05-17,Dean Braden,Consumer,South,Technology,119.976
4507,2024-05,2024-05-18,David Smith,Corporate,South,Furniture,39.92
4508,2024-05,2024-05-18,David Smith,Corporate,South,Furniture,20.24
4509,2024-05,2024-05-18,David Smith,Corporate,South,Office Supplies,32.54
4510,2024-05,2024-05-19,Chris Cortes,Consumer,West,Office Supplies,5.98
4511,2024-05,2024-05-19,Aaron Smayling,Corporate,South,Office Supplies,31.4
4512,2024-05,2024-05-19,Chris Cortes,Consumer,West,Office Supplies,87.92
4513,2024-05,2024-05-20,Troy Blackwell,Consumer,East,Furniture,299.975
4514,2024-05,2024-05-20,Maria Etezadi,Home Office,Central,Furniture,844.116
4515,2024-05,2024-05-20,Janet Martin,Consumer,East,Furniture,414.0
4516,2024-05,2024-05-20,Janet Martin,Consumer,East,Office Supplies,41.328
4517,2024-05,2024-05-20,Janet Martin,Consumer,East,Office Supplies,29.8
4518,2024-05,2024-05-20,Janet Martin,Consumer,East,Office Supplies,13.48
4519,2024-05,2024-05-20,Maria Etezadi,Home Office,Central,Office Supplies,45.528
4520,2024-05,2024-05-20,Troy Blackwell,Consumer,East,Technology,158.376
4521,2024-05,2024-05-20,Maria Etezadi,Home Office,Central,Technology,812.736
4522,2024-05,2024-05-21,Cathy Prescott,Corporate,East,Office Supplies,11.34
4523,2024-05,2024-05-22,Erica Hackney,Consumer,East,Furniture,327.996
4524,2024-05,2024-05-22,Carlos Soltero,Consumer,East,Technology,31.984
4525,2024-05,2024-05-22,Carlos Soltero,Consumer,East,Technology,280.782
4526,2024-05,2024-05-23,Frank Preis,Consumer,East,Furniture,1317.492
4527,2024-05,2024-05-23,Daniel Byrd,Home Office,South,Furniture,7.04
4528,2024-05,2024-05-23,Barry Blumstein,Corporate,West,Office Supplies,30.144
4529,2024-05,2024-05-23,Raymond Buch,Consumer,East,Office Supplies,59.52
4530,2024-05,2024-05-23,Raymond Buch,Consumer,East,Office Supplies,263.88
4531,2024-05,2024-05-23,Don Weiss,Consumer,East,Office Supplies,88.04
4532,2024-05,2024-05-23,Raymond Buch,Consumer,East,Office Supplies,30.48
4533,2024-05,2024-05-23,Raymond Buch,Consumer,East,Office Supplies,9.84
4534,2024-05,2024-05-23,Thomas Boland,Corporate,East,Office Supplies,14.352
4535,2024-05,2024-05-23,Frank Preis,Consumer,East,Office Supplies,3.592
4536,2024-05,2024-05-23,Barry Blumstein,Corporate,West,Office Supplies,31.56
4537,2024-05,2024-05-23,Thomas Boland,Corporate,East,Office Supplies,20.7
4538,2024-05,2024-05-23,Raymond Buch,Consumer,East,Office Supplies,161.94
4539,2024-05,2024-05-23,Frank Preis,Consumer,East,Office Supplies,63.84
4540,2024-05,2024-05-23,Thomas Boland,Corporate,East,Office Supplies,10.95
4541,2024-05,2024-05-23,Muhammed Yedwab,Corporate,Central,Technology,12.99
4542,2024-05,2024-05-23,Raymond Buch,Consumer,East,Technology,35.12
4543,2024-05,2024-05-24,Denny Joy,Corporate,Central,Furniture,1454.9
4544,2024-05,2024-05-25,Zuschuss Donatelli,Consumer,Central,Furniture,71.12
4545,2024-05,2024-05-25,Carlos Soltero,Consumer,East,Office Supplies,99.846
4546,2024-05,2024-05-25,Steven Roelle,Home Office,Central,Office Supplies,10.272
4547,2024-05,2024-05-25,Zuschuss Donatelli,Consumer,Central,Technology,259.96
4548,2024-05,2024-05-26,Becky Castell,Home Office,East,Furniture,82.64
4549,2024-05,2024-05-26,Evan Henry,Consumer,East,Office Supplies,588.784
4550,2024-05,2024-05-26,Maria Etezadi,Home Office,South,Office Supplies,27.81
4551,2024-05,2024-05-26,Becky Castell,Home Office,East,Office Supplies,31.02
4552,2024-05,2024-05-26,Becky Castell,Home Office,East,Technology,89.97
4553,2024-05,2024-05-26,Maria Etezadi,Home Office,South,Technology,149.97
4554,2024-05,2024-05-27,Gary Mitchum,Home Office,Central,Office Supplies,158.368
4555,2024-05,2024-05-27,Justin Hirsh,Consumer,East,Office Supplies,769.184
4556,2024-05,2024-05-27,Justin Hirsh,Consumer,East,Technology,118.782
4557,2024-05,2024-05-28,Valerie Mitchum,Home Office,East,Technology,1294.75
4558,2024-05,2024-05-29,Dorris liebe,Corporate,East,Furniture,658.746
4559,2024-05,2024-05-29,Alan Shonely,Consumer,East,Office Supplies,33.528
4560,2024-05,2024-05-29,Sarah Foster,Consumer,East,Office Supplies,3.64
4561,2024-05,2024-05-29,Erin Smith,Corporate,East,Office Supplies,37.94
4562,2024-05,2024-05-29,Alan Shonely,Consumer,East,Office Supplies,36.744
4563,2024-05,2024-05-29,Yoseph Carroll,Corporate,West,Technology,1199.976
4564,2024-05,2024-05-30,Raymond Messe,Consumer,South,Furniture,354.9
4565,2024-05,2024-05-30,Jeremy Lonsdale,Consumer,East,Furniture,388.704
4566,2024-05,2024-05-30,Zuschuss Carroll,Consumer,Central,Furniture,95.984
4567,2024-05,2024-05-30,Clytie Kelty,Consumer,West,Furniture,24.7
4568,2024-05,2024-05-30,Christine Kargatis,Home Office,South,Furniture,159.92
4569,2024-05,2024-05-30,Jeremy Lonsdale,Consumer,East,Office Supplies,17.04
4570,2024-05,2024-05-30,Eugene Hildebrand,Home Office,East,Office Supplies,121.104
4571,2024-05,2024-05-30,Zuschuss Carroll,Consumer,Central,Office Supplies,1088.792
4572,2024-05,2024-05-30,Jeremy Lonsdale,Consumer,East,Office Supplies,8.26
4573,2024-05,2024-05-30,Eugene Hildebrand,Home Office,East,Office Supplies,8.872
4574,2024-05,2024-05-30,Patrick Gardner,Consumer,South,Office Supplies,17.92
4575,2024-05,2024-05-30,Christine Kargatis,Home Office,South,Office Supplies,30.0
4576,2024-05,2024-05-30,Logan Currie,Consumer,West,Office Supplies,12.96
4577,2024-05,2024-05-30,Christine Kargatis,Home Office,South,Office Supplies,25.92
4578,2024-05,2024-05-30,Jeremy Lonsdale,Consumer,East,Office Supplies,34.4
4579,2024-05,2024-05-30,Logan Currie,Consumer,West,Office Supplies,20.04
4580,2024-05,2024-05-30,Logan Currie,Consumer,West,Office Supplies,64.96
4581,2024-05,2024-05-30,Zuschuss Carroll,Consumer,Central,Technology,431.928
4582,2024-05,2024-05-31,Herbert Flentye,Consumer,West,Furniture,556.665
4583,2024-05,2024-05-31,Sean Wendt,Home Office,Central,Office Supplies,5.28
4584,2024-05,2024-05-31,Edward Becker,Corporate,West,Office Supplies,35.352
4585,2024-05,2024-05-31,Sean Wendt,Home Office,Central,Technology,517.9
4586,2024-06,2024-06-01,Brian Thompson,Consumer,West,Office Supplies,113.76
4587,2024-06,2024-06-01,Quincy Jones,Corporate,Central,Office Supplies,13.568
4588,2024-06,2024-06-01,Brian Thompson,Consumer,West,Office Supplies,48.032
4589,2024-06,2024-06-01,Filia McAdams,Corporate,West,Office Supplies,23.2
4590,2024-06,2024-06-01,Justin Ritter,Corporate,East,Office Supplies,8.904
4591,2024-06,2024-06-01,Filia McAdams,Corporate,West,Office Supplies,12.96
4592,2024-06,2024-06-01,Brian Thompson,Consumer,West,Office Supplies,150.66
4593,2024-06,2024-06-01,Brian Thompson,Consumer,West,Office Supplies,579.51
4594,2024-06,2024-06-03,Jason Fortune-,Consumer,West,Furniture,194.352
4595,2024-06,2024-06-03,Beth Paige,Consumer,West,Furniture,638.288
4596,2024-06,2024-06-03,Brian Dahlen,Consumer,South,Furniture,343.92
4597,2024-06,2024-06-03,Jason Fortune-,Consumer,West,Office Supplies,36.624
4598,2024-06,2024-06-03,Beth Paige,Consumer,West,Office Supplies,13.208
4599,2024-06,2024-06-03,Brian Dahlen,Consumer,South,Office Supplies,63.9
4600,2024-06,2024-06-03,Brian Dahlen,Consumer,South,Office Supplies,40.99
4601,2024-06,2024-06-03,Thomas Boland,Corporate,South,Office Supplies,10.272
4602,2024-06,2024-06-03,Jason Fortune-,Consumer,West,Office Supplies,19.44
4603,2024-06,2024-06-03,Thomas Boland,Corporate,South,Office Supplies,51.984
4604,2024-06,2024-06-03,Thomas Boland,Corporate,South,Office Supplies,129.552
4605,2024-06,2024-06-04,Susan Pistek,Consumer,West,Office Supplies,6.12
4606,2024-06,2024-06-05,Kean Takahito,Consumer,West,Furniture,933.536
4607,2024-06,2024-06-05,Philip Brown,Consumer,West,Furniture,383.8
4608,2024-06,2024-06-05,Jill Matthias,Consumer,East,Office Supplies,25.06
4609,2024-06,2024-06-05,Kean Takahito,Consumer,West,Office Supplies,42.976
4610,2024-06,2024-06-05,Tom Boeckenhauer,Consumer,South,Office Supplies,81.2
4611,2024-06,2024-06-06,Bill Donatelli,Consumer,West,Furniture,1121.568
4612,2024-06,2024-06-06,Muhammed Yedwab,Corporate,Central,Office Supplies,33.488
4613,2024-06,2024-06-06,Ross Baird,Home Office,South,Office Supplies,189.588
4614,2024-06,2024-06-06,Muhammed Yedwab,Corporate,Central,Office Supplies,8.04
4615,2024-06,2024-06-06,Julie Kriz,Home Office,West,Office Supplies,143.7
4616,2024-06,2024-06-06,Ross Baird,Home Office,South,Office Supplies,4.768
4617,2024-06,2024-06-06,Ross Baird,Home Office,South,Technology,408.744
4618,2024-06,2024-06-06,Ross Baird,Home Office,South,Technology,291.96
4619,2024-06,2024-06-07,Bill Shonely,Corporate,East,Furniture,9.96
4620,2024-06,2024-06-07,Arthur Prichep,Consumer,South,Office Supplies,12.84
4621,2024-06,2024-06-07,Bill Shonely,Corporate,East,Office Supplies,25.3
4622,2024-06,2024-06-07,Pete Kriz,Consumer,South,Office Supplies,123.088
4623,2024-06,2024-06-07,Bryan Mills,Consumer,West,Office Supplies,28.8
4624,2024-06,2024-06-07,Pete Kriz,Consumer,South,Technology,35.168
4625,2024-06,2024-06-07,Bill Shonely,Corporate,East,Technology,9099.93
4626,2024-06,2024-06-08,Jessica Myrick,Consumer,West,Furniture,257.499
4627,2024-06,2024-06-08,Ben Ferrer,Home Office,South,Furniture,18.624
4628,2024-06,2024-06-08,Charles Sheldon,Corporate,South,Furniture,79.12
4629,2024-06,2024-06-08,Sean Wendt,Home Office,Central,Office Supplies,29.05
4630,2024-06,2024-06-08,Ben Ferrer,Home Office,South,Technology,36.792
4631,2024-06,2024-06-08,Jessica Myrick,Consumer,West,Furniture,79.12
4632,2024-06,2024-06-09,Thea Hudgings,Corporate,Central,Furniture,344.372
4633,2024-06,2024-06-09,Thea Hudgings,Corporate,Central,Furniture,127.88
4634,2024-06,2024-06-09,Roy Französisch,Consumer,South,Office Supplies,203.92
4635,2024-06,2024-06-09,Cindy Schnelling,Corporate,East,Office Supplies,6.99
4636,2024-06,2024-06-09,Clay Rozendal,Home Office,Central,Office Supplies,9.664
4637,2024-06,2024-06-09,Thea Hudgings,Corporate,Central,Office Supplies,1554.936
4638,2024-06,2024-06-09,Clay Rozendal,Home Office,Central,Office Supplies,230.376
4639,2024-06,2024-06-09,Cindy Schnelling,Corporate,East,Office Supplies,6.84
4640,2024-06,2024-06-09,Roy Französisch,Consumer,South,Technology,29.56
4641,2024-06,2024-06-10,Gary Mitchum,Home Office,East,Furniture,205.176
4642,2024-06,2024-06-10,Jas O'Carroll,Consumer,West,Office Supplies,5.46
4643,2024-06,2024-06-10,Kunst Miller,Consumer,East,Office Supplies,71.96
4644,2024-06,2024-06-10,Jas O'Carroll,Consumer,West,Office Supplies,73.2
4645,2024-06,2024-06-10,Kunst Miller,Consumer,East,Office Supplies,3.28
4646,2024-06,2024-06-10,Jas O'Carroll,Consumer,West,Office Supplies,5.84
4647,2024-06,2024-06-10,Kunst Miller,Consumer,East,Office Supplies,9.28
4648,2024-06,2024-06-10,Jas O'Carroll,Consumer,West,Office Supplies,9.336
4649,2024-06,2024-06-10,Gary Mitchum,Home Office,East,Office Supplies,419.4
4650,2024-06,2024-06-10,Jas O'Carroll,Consumer,West,Office Supplies,22.72
4651,2024-06,2024-06-10,Kunst Miller,Consumer,East,Office Supplies,459.88
4652,2024-06,2024-06-10,Kunst Miller,Consumer,East,Office Supplies,54.9
4653,2024-06,2024-06-10,Kunst Miller,Consumer,East,Office Supplies,7.76
4654,2024-06,2024-06-10,Jas O'Carroll,Consumer,West,Technology,39.96
4655,2024-06,2024-06-10,Kunst Miller,Consumer,East,Technology,25.98
4656,2024-06,2024-06-12,Sibella Parks,Corporate,Central,Office Supplies,48.792
4657,2024-06,2024-06-12,Brian Thompson,Consumer,East,Office Supplies,15.48
4658,2024-06,2024-06-12,Sibella Parks,Corporate,Central,Office Supplies,44.848
4659,2024-06,2024-06-12,Duane Noonan,Consumer,West,Office Supplies,8.32
4660,2024-06,2024-06-12,Brian Thompson,Consumer,East,Office Supplies,51.84
4661,2024-06,2024-06-12,Sibella Parks,Corporate,Central,Office Supplies,102.336
4662,2024-06,2024-06-13,Tanja Norvell,Home Office,West,Furniture,23.56
4663,2024-06,2024-06-13,Paul Gonzalez,Consumer,West,Furniture,31.56
4664,2024-06,2024-06-13,Ed Ludwig,Home Office,Central,Furniture,86.62
4665,2024-06,2024-06-13,Tanja Norvell,Home Office,West,Furniture,1272.63
4666,2024-06,2024-06-13,Tanja Norvell,Home Office,West,Office Supplies,78.272
4667,2024-06,2024-06-13,Michael Moore,Consumer,East,Office Supplies,32.13
4668,2024-06,2024-06-13,Michael Moore,Consumer,East,Office Supplies,2.88
4669,2024-06,2024-06-13,Tanja Norvell,Home Office,West,Office Supplies,28.485
4670,2024-06,2024-06-13,Tonja Turnell,Home Office,Central,Office Supplies,23.952
4671,2024-06,2024-06-13,Tanja Norvell,Home Office,West,Office Supplies,185.376
4672,2024-06,2024-06-14,Art Ferguson,Consumer,West,Office Supplies,18.088
4673,2024-06,2024-06-14,Grace Kelly,Corporate,West,Office Supplies,251.52
4674,2024-06,2024-06-14,Art Ferguson,Consumer,West,Office Supplies,71.97
4675,2024-06,2024-06-14,Max Jones,Consumer,East,Office Supplies,108.336
4676,2024-06,2024-06-14,Heather Kirkland,Corporate,South,Office Supplies,36.24
4677,2024-06,2024-06-14,Max Jones,Consumer,East,Office Supplies,78.304
4678,2024-06,2024-06-14,Max Jones,Consumer,East,Office Supplies,55.92
4679,2024-06,2024-06-14,Grace Kelly,Corporate,West,Technology,99.99
4680,2024-06,2024-06-15,Craig Leslie,Home Office,West,Furniture,1325.76
4681,2024-06,2024-06-15,Jack Lebron,Consumer,West,Office Supplies,3.984
4682,2024-06,2024-06-15,Craig Leslie,Home Office,West,Office Supplies,3.108
4683,2024-06,2024-06-15,Craig Leslie,Home Office,West,Office Supplies,15.552
4684,2024-06,2024-06-15,Cathy Armstrong,Home Office,Central,Technology,258.696
4685,2024-06,2024-06-16,John Lucas,Consumer,East,Office Supplies,20.724
4686,2024-06,2024-06-16,John Lucas,Consumer,East,Office Supplies,4.896
4687,2024-06,2024-06-16,John Lucas,Consumer,East,Technology,82.8
4688,2024-06,2024-06-17,Dennis Bolton,Home Office,East,Furniture,434.646
4689,2024-06,2024-06-19,Bill Overfelt,Corporate,West,Furniture,41.568
4690,2024-06,2024-06-19,Rob Beeghly,Consumer,Central,Furniture,30.344
4691,2024-06,2024-06-19,Nona Balk,Corporate,Central,Office Supplies,15.712
4692,2024-06,2024-06-19,Erica Hernandez,Home Office,West,Office Supplies,29.472
4693,2024-06,2024-06-19,Nona Balk,Corporate,Central,Technology,369.576
4694,2024-06,2024-06-21,Ken Dana,Corporate,West,Furniture,111.888
4695,2024-06,2024-06-21,Ben Ferrer,Home Office,Central,Furniture,22.608
4696,2024-06,2024-06-21,John Lee,Consumer,East,Office Supplies,7.712
4697,2024-06,2024-06-22,Herbert Flentye,Consumer,South,Furniture,370.62
4698,2024-06,2024-06-22,Chris McAfee,Consumer,South,Office Supplies,11.16
4699,2024-06,2024-06-22,Herbert Flentye,Consumer,South,Office Supplies,2.742
4700,2024-06,2024-06-22,Herbert Flentye,Consumer,South,Office Supplies,3.984
4701,2024-06,2024-06-22,Chris McAfee,Consumer,South,Office Supplies,109.92
4702,2024-06,2024-06-22,Chris McAfee,Consumer,South,Office Supplies,19.44
4703,2024-06,2024-06-23,Dan Lawera,Consumer,South,Furniture,187.056
4704,2024-06,2024-06-23,Nick Radford,Consumer,Central,Furniture,366.744
4705,2024-06,2024-06-23,Edward Hooks,Corporate,East,Furniture,12.56
4706,2024-06,2024-06-23,Edward Hooks,Corporate,East,Furniture,214.7
4707,2024-06,2024-06-23,Bryan Davis,Consumer,Central,Office Supplies,86.352
4708,2024-06,2024-06-23,Cindy Chapman,Consumer,East,Office Supplies,45.576
4709,2024-06,2024-06-23,Edward Hooks,Corporate,East,Office Supplies,90.48
4710,2024-06,2024-06-23,Adam Shillingsburg,Consumer,Central,Office Supplies,5.04
4711,2024-06,2024-06-23,Edward Hooks,Corporate,East,Office Supplies,13.08
4712,2024-06,2024-06-23,Adam Shillingsburg,Consumer,Central,Office Supplies,18.936
4713,2024-06,2024-06-23,Cindy Chapman,Consumer,East,Office Supplies,44.94
4714,2024-06,2024-06-23,Adam Shillingsburg,Consumer,Central,Office Supplies,12.672
4715,2024-06,2024-06-24,Susan MacKendrick,Consumer,East,Furniture,51.968
4716,2024-06,2024-06-24,Christy Brittain,Consumer,Central,Office Supplies,26.406
4717,2024-06,2024-06-24,Christy Brittain,Consumer,Central,Office Supplies,27.384
4718,2024-06,2024-06-24,Christy Brittain,Consumer,Central,Office Supplies,2.182
4719,2024-06,2024-06-24,Susan MacKendrick,Consumer,East,Office Supplies,6.0
4720,2024-06,2024-06-24,Susan MacKendrick,Consumer,East,Office Supplies,195.64
4721,2024-06,2024-06-24,Susan MacKendrick,Consumer,East,Technology,431.976
4722,2024-06,2024-06-24,Susan MacKendrick,Consumer,East,Technology,132.52
4723,2024-06,2024-06-24,Susan MacKendrick,Consumer,East,Technology,224.937
4724,2024-06,2024-06-26,Zuschuss Donatelli,Consumer,South,Furniture,16.72
4725,2024-06,2024-06-26,Amy Hunt,Consumer,West,Furniture,71.088
4726,2024-06,2024-06-26,Lindsay Williams,Corporate,West,Furniture,1685.88
4727,2024-06,2024-06-26,Darrin Martin,Consumer,West,Furniture,298.776
4728,2024-06,2024-06-26,Lindsay Williams,Corporate,West,Office Supplies,5.728
4729,2024-06,2024-06-26,Darrin Martin,Consumer,West,Office Supplies,6.72
4730,2024-06,2024-06-26,Rick Bensley,Home Office,South,Office Supplies,93.248
4731,2024-06,2024-06-26,Natalie DeCherney,Consumer,South,Office Supplies,79.14
4732,2024-06,2024-06-26,Patrick Jones,Corporate,South,Office Supplies,14.352
4733,2024-06,2024-06-26,Barry Franz,Home Office,West,Office Supplies,5.98
4734,2024-06,2024-06-26,Rick Bensley,Home Office,South,Technology,177.48
4735,2024-06,2024-06-26,Barry Franz,Home Office,West,Technology,246.168
4736,2024-06,2024-06-27,Gene McClure,Consumer,West,Furniture,41.6
4737,2024-06,2024-06-27,Brad Eason,Home Office,East,Furniture,54.712
4738,2024-06,2024-06-27,Brad Eason,Home Office,Central,Office Supplies,54.48
4739,2024-06,2024-06-27,Art Ferguson,Consumer,Central,Office Supplies,3.208
4740,2024-06,2024-06-27,Brad Eason,Home Office,East,Office Supplies,7.216
4741,2024-06,2024-06-27,Brad Eason,Home Office,East,Office Supplies,49.568
4742,2024-06,2024-06-27,Art Ferguson,Consumer,Central,Technology,26.176
4743,2024-06,2024-06-28,Caroline Jumper,Consumer,East,Furniture,442.764
4744,2024-06,2024-06-28,Caroline Jumper,Consumer,East,Furniture,63.68
4745,2024-06,2024-06-28,Caroline Jumper,Consumer,East,Office Supplies,85.232
4746,2024-06,2024-06-28,Caroline Jumper,Consumer,East,Office Supplies,44.4
4747,2024-06,2024-06-28,Caroline Jumper,Consumer,East,Technology,199.95
4748,2024-06,2024-06-28,Caroline Jumper,Consumer,East,Technology,3999.95
4749,2024-06,2024-06-28,Carol Triggs,Consumer,East,Furniture,37.68
4750,2024-06,2024-06-28,Carol Triggs,Consumer,East,Furniture,2.21
4751,2024-06,2024-06-28,Carol Triggs,Consumer,East,Office Supplies,6.48
4752,2024-06,2024-06-28,Carol Triggs,Consumer,East,Office Supplies,8.74
4753,2024-06,2024-06-29,George Bell,Corporate,East,Furniture,211.96
4754,2024-06,2024-06-29,Trudy Brown,Consumer,West,Office Supplies,17.94
4755,2024-06,2024-06-29,Clay Ludtke,Consumer,East,Office Supplies,10.688
4756,2024-06,2024-06-29,Clay Ludtke,Consumer,East,Office Supplies,10.368
4757,2024-06,2024-06-29,Clay Ludtke,Consumer,East,Office Supplies,25.12
4758,2024-06,2024-06-29,Clay Ludtke,Consumer,East,Office Supplies,1006.056
4759,2024-06,2024-06-29,Clay Ludtke,Consumer,East,Technology,58.112
4760,2024-06,2024-06-30,Cynthia Voltz,Corporate,Central,Office Supplies,48.784
4761,2024-06,2024-06-30,Paul Stevenson,Home Office,East,Office Supplies,8.0
4762,2024-06,2024-06-30,Julia West,Consumer,East,Office Supplies,79.36
4763,2024-06,2024-06-30,Thea Hendricks,Consumer,South,Office Supplies,27.86
4764,2024-06,2024-06-30,Cynthia Voltz,Corporate,Central,Office Supplies,18.528
4765,2024-06,2024-06-30,Cynthia Voltz,Corporate,Central,Office Supplies,13.184
4766,2024-06,2024-06-30,Julia West,Consumer,East,Office Supplies,9.344
4767,2024-06,2024-06-30,Ricardo Sperren,Corporate,West,Office Supplies,32.04
4768,2024-06,2024-06-30,Cynthia Voltz,Corporate,Central,Office Supplies,76.64
4769,2024-06,2024-06-30,Cynthia Voltz,Corporate,Central,Office Supplies,856.656
4770,2024-06,2024-06-30,Sonia Sunley,Consumer,West,Technology,93.98
4771,2024-06,2024-06-30,Mick Brown,Consumer,Central,Technology,19.136
4772,2024-07,2024-07-01,Gene McClure,Consumer,Central,Office Supplies,7.072
4773,2024-07,2024-07-01,Roger Demir,Consumer,West,Office Supplies,11.96
4774,2024-07,2024-07-01,Christopher Schild,Home Office,East,Technology,743.988
4775,2024-07,2024-07-02,Ted Trevino,Consumer,West,Office Supplies,5.98
4776,2024-07,2024-07-03,Harry Marie,Corporate,East,Furniture,10.02
4777,2024-07,2024-07-03,Vivian Mathis,Consumer,West,Office Supplies,8.67
4778,2024-07,2024-07-03,Vivek Grady,Corporate,South,Office Supplies,10.96
4779,2024-07,2024-07-03,Jill Matthias,Consumer,West,Office Supplies,54.9
4780,2024-07,2024-07-03,Filia McAdams,Corporate,East,Office Supplies,82.368
4781,2024-07,2024-07-03,Vivian Mathis,Consumer,West,Technology,120.0
4782,2024-07,2024-07-03,Harry Marie,Corporate,East,Technology,631.96
4783,2024-07,2024-07-05,Michael Kennedy,Corporate,South,Furniture,30.192
4784,2024-07,2024-07-05,Logan Haushalter,Consumer,East,Furniture,79.384
4785,2024-07,2024-07-05,Michael Kennedy,Corporate,South,Office Supplies,4.768
4786,2024-07,2024-07-05,Michael Kennedy,Corporate,South,Office Supplies,57.582
4787,2024-07,2024-07-05,Michael Kennedy,Corporate,South,Office Supplies,13.392
4788,2024-07,2024-07-05,Michael Kennedy,Corporate,South,Office Supplies,10.38
4789,2024-07,2024-07-05,Michael Kennedy,Corporate,South,Office Supplies,31.104
4790,2024-07,2024-07-05,Tiffany House,Corporate,West,Technology,185.528
4791,2024-07,2024-07-05,Michael Kennedy,Corporate,South,Technology,43.6
4792,2024-07,2024-07-06,Steve Nguyen,Home Office,South,Office Supplies,8.34
4793,2024-07,2024-07-06,Steve Nguyen,Home Office,South,Office Supplies,91.96
4794,2024-07,2024-07-06,Darren Powers,Consumer,South,Office Supplies,7.764
4795,2024-07,2024-07-06,Steve Nguyen,Home Office,South,Office Supplies,511.84
4796,2024-07,2024-07-06,Thomas Thornton,Consumer,East,Office Supplies,13.776
4797,2024-07,2024-07-06,Michael Nguyen,Consumer,East,Office Supplies,15.232
4798,2024-07,2024-07-07,Sanjit Chand,Consumer,West,Furniture,282.84
4799,2024-07,2024-07-07,Sanjit Chand,Consumer,West,Office Supplies,27.72
4800,2024-07,2024-07-07,Denny Ordway,Consumer,West,Office Supplies,17.34
4801,2024-07,2024-07-07,Jim Radford,Consumer,East,Office Supplies,552.56
4802,2024-07,2024-07-08,Arthur Gainer,Consumer,East,Furniture,173.24
4803,2024-07,2024-07-08,Luke Weiss,Consumer,Central,Furniture,22.608
4804,2024-07,2024-07-08,Roy Phan,Corporate,South,Office Supplies,27.018
4805,2024-07,2024-07-08,Luke Weiss,Consumer,Central,Office Supplies,2.89
4806,2024-07,2024-07-08,Roy Phan,Corporate,South,Office Supplies,2.952
4807,2024-07,2024-07-08,Luke Weiss,Consumer,Central,Office Supplies,7.896
4808,2024-07,2024-07-08,Arthur Gainer,Consumer,East,Office Supplies,14.62
4809,2024-07,2024-07-08,Luke Weiss,Consumer,Central,Office Supplies,30.528
4810,2024-07,2024-07-08,Arthur Gainer,Consumer,East,Office Supplies,65.17
4811,2024-07,2024-07-09,Eric Barreto,Consumer,West,Office Supplies,17.94
4812,2024-07,2024-07-09,Eric Barreto,Consumer,West,Office Supplies,104.28
4813,2024-07,2024-07-10,Laurel Elliston,Consumer,South,Furniture,641.96
4814,2024-07,2024-07-10,Bradley Nguyen,Consumer,East,Furniture,39.76
4815,2024-07,2024-07-10,Bradley Nguyen,Consumer,East,Furniture,35.92
4816,2024-07,2024-07-10,Anna Häberlin,Corporate,West,Office Supplies,87.84
4817,2024-07,2024-07-10,Bradley Nguyen,Consumer,East,Office Supplies,242.9
4818,2024-07,2024-07-10,Roy Phan,Corporate,Central,Office Supplies,21.4
4819,2024-07,2024-07-10,Bradley Nguyen,Consumer,East,Office Supplies,47.744
4820,2024-07,2024-07-10,Bill Tyler,Corporate,West,Office Supplies,9.584
4821,2024-07,2024-07-10,Bradley Nguyen,Consumer,East,Office Supplies,454.9
4822,2024-07,2024-07-11,Rick Bensley,Home Office,West,Furniture,1049.2
4823,2024-07,2024-07-11,Eugene Hildebrand,Home Office,West,Office Supplies,40.635
4824,2024-07,2024-07-11,Dean Braden,Consumer,South,Office Supplies,2.694
4825,2024-07,2024-07-11,Rick Bensley,Home Office,West,Office Supplies,15.424
4826,2024-07,2024-07-11,Joe Kamberova,Consumer,South,Technology,1363.96
4827,2024-07,2024-07-12,Alejandro Savely,Corporate,Central,Office Supplies,1.964
4828,2024-07,2024-07-12,Sally Hughsby,Corporate,Central,Office Supplies,3.798
4829,2024-07,2024-07-12,Christine Phan,Corporate,East,Office Supplies,111.96
4830,2024-07,2024-07-12,Alejandro Savely,Corporate,Central,Office Supplies,82.656
4831,2024-07,2024-07-12,Logan Haushalter,Consumer,West,Technology,66.26
4832,2024-07,2024-07-12,Linda Cazamias,Corporate,West,Technology,2396.4
4833,2024-07,2024-07-12,Logan Haushalter,Consumer,West,Technology,55.176
4834,2024-07,2024-07-13,Art Ferguson,Consumer,East,Furniture,174.286
4835,2024-07,2024-07-13,Art Ferguson,Consumer,East,Office Supplies,662.84
4836,2024-07,2024-07-13,Art Ferguson,Consumer,East,Office Supplies,26.88
4837,2024-07,2024-07-13,Jeremy Farry,Consumer,South,Office Supplies,14.73
4838,2024-07,2024-07-13,Art Ferguson,Consumer,East,Technology,95.1
4839,2024-07,2024-07-13,Art Ferguson,Consumer,East,Technology,257.98
4840,2024-07,2024-07-13,Jim Epp,Corporate,West,Technology,222.384
4841,2024-07,2024-07-13,Art Ferguson,Consumer,East,Technology,345.0
4842,2024-07,2024-07-14,Lisa DeCherney,Consumer,West,Furniture,37.05
4843,2024-07,2024-07-14,Christopher Conant,Consumer,East,Office Supplies,6.294
4844,2024-07,2024-07-14,Christopher Conant,Consumer,East,Office Supplies,10.368
4845,2024-07,2024-07-14,Anne Pryor,Home Office,South,Office Supplies,4.98
4846,2024-07,2024-07-14,Christopher Conant,Consumer,East,Technology,8399.976
4847,2024-07,2024-07-14,Christopher Conant,Consumer,East,Technology,122.382
4848,2024-07,2024-07-14,Ken Lonsdale,Consumer,Central,Technology,1979.928
4849,2024-07,2024-07-15,Dennis Pardue,Home Office,East,Office Supplies,16.656
4850,2024-07,2024-07-15,Eugene Hildebrand,Home Office,South,Office Supplies,191.6
4851,2024-07,2024-07-15,Eugene Hildebrand,Home Office,South,Office Supplies,69.5
4852,2024-07,2024-07-16,Julia Barnett,Home Office,South,Furniture,24.96
4853,2024-07,2024-07-16,Julia Barnett,Home Office,South,Office Supplies,19.36
4854,2024-07,2024-07-16,Julia Barnett,Home Office,South,Office Supplies,1267.65
4855,2024-07,2024-07-17,Maurice Satty,Consumer,Central,Furniture,388.43
4856,2024-07,2024-07-17,Stewart Visinsky,Consumer,West,Furniture,484.704
4857,2024-07,2024-07-17,Toby Braunhardt,Consumer,East,Furniture,41.37
4858,2024-07,2024-07-17,Chris McAfee,Consumer,Central,Furniture,26.94
4859,2024-07,2024-07-17,Tiffany House,Corporate,East,Office Supplies,34.848
4860,2024-07,2024-07-17,Tiffany House,Corporate,East,Office Supplies,1.504
4861,2024-07,2024-07-17,Toby Braunhardt,Consumer,East,Office Supplies,9.64
4862,2024-07,2024-07-17,Stewart Visinsky,Consumer,West,Office Supplies,5.94
4863,2024-07,2024-07-17,Stewart Visinsky,Consumer,West,Office Supplies,45.36
4864,2024-07,2024-07-17,Toby Braunhardt,Consumer,East,Office Supplies,19.44
4865,2024-07,2024-07-17,Maurice Satty,Consumer,Central,Office Supplies,14.352
4866,2024-07,2024-07-17,Maurice Satty,Consumer,Central,Office Supplies,10.368
4867,2024-07,2024-07-17,Toby Braunhardt,Consumer,East,Office Supplies,12.7
4868,2024-07,2024-07-17,Cathy Prescott,Corporate,South,Office Supplies,184.704
4869,2024-07,2024-07-17,Maurice Satty,Consumer,Central,Technology,63.992
4870,2024-07,2024-07-17,Cathy Prescott,Corporate,South,Technology,47.92
4871,2024-07,2024-07-17,Stewart Visinsky,Consumer,West,Technology,371.976
4872,2024-07,2024-07-17,Stewart Visinsky,Consumer,West,Technology,211.168
4873,2024-07,2024-07-18,Laura Armstrong,Corporate,Central,Furniture,3504.9
4874,2024-07,2024-07-18,Brian Stugart,Consumer,Central,Furniture,5.584
4875,2024-07,2024-07-18,Brian Stugart,Consumer,Central,Furniture,25.176
4876,2024-07,2024-07-18,Lynn Smith,Consumer,West,Office Supplies,13.38
4877,2024-07,2024-07-18,Laura Armstrong,Corporate,Central,Office Supplies,314.55
4878,2024-07,2024-07-18,Laura Armstrong,Corporate,Central,Office Supplies,144.12
4879,2024-07,2024-07-18,Brian Stugart,Consumer,Central,Office Supplies,1297.368
4880,2024-07,2024-07-19,Kimberly Carter,Corporate,South,Furniture,390.272
4881,2024-07,2024-07-19,Clay Ludtke,Consumer,West,Office Supplies,262.24
4882,2024-07,2024-07-19,Valerie Dominguez,Consumer,South,Office Supplies,185.88
4883,2024-07,2024-07-19,Clay Ludtke,Consumer,West,Office Supplies,22.72
4884,2024-07,2024-07-19,Kimberly Carter,Corporate,South,Office Supplies,62.192
4885,2024-07,2024-07-19,Clay Ludtke,Consumer,West,Office Supplies,182.72
4886,2024-07,2024-07-19,Edward Hooks,Corporate,East,Office Supplies,54.9
4887,2024-07,2024-07-19,Clay Ludtke,Consumer,West,Technology,131.6
4888,2024-07,2024-07-19,Clay Ludtke,Consumer,West,Technology,558.4
4889,2024-07,2024-07-19,Tanja Norvell,Home Office,Central,Technology,286.4
4890,2024-07,2024-07-20,Raymond Buch,Consumer,South,Furniture,44.76
4891,2024-07,2024-07-20,Raymond Buch,Consumer,South,Office Supplies,4.448
4892,2024-07,2024-07-20,Raymond Buch,Consumer,South,Office Supplies,11.277
4893,2024-07,2024-07-20,Rob Lucas,Consumer,South,Office Supplies,22.75
4894,2024-07,2024-07-20,Rob Lucas,Consumer,South,Technology,979.95
4895,2024-07,2024-07-21,Maribeth Yedwab,Corporate,West,Furniture,801.568
4896,2024-07,2024-07-21,Eugene Moren,Home Office,Central,Furniture,47.4
4897,2024-07,2024-07-21,Jason Gross,Corporate,West,Furniture,167.84
4898,2024-07,2024-07-21,Anna Häberlin,Corporate,South,Furniture,2275.5
4899,2024-07,2024-07-21,Eugene Moren,Home Office,Central,Office Supplies,364.74
4900,2024-07,2024-07-21,Justin MacKendrick,Consumer,East,Office Supplies,123.92
4901,2024-07,2024-07-21,Eugene Moren,Home Office,Central,Office Supplies,14.7
4902,2024-07,2024-07-21,Eugene Moren,Home Office,Central,Office Supplies,5.56
4903,2024-07,2024-07-21,Maribeth Yedwab,Corporate,West,Office Supplies,2.376
4904,2024-07,2024-07-21,Robert Waldorf,Consumer,South,Office Supplies,3.282
4905,2024-07,2024-07-21,Maribeth Yedwab,Corporate,West,Office Supplies,14.952
4906,2024-07,2024-07-21,Maribeth Yedwab,Corporate,West,Office Supplies,22.62
4907,2024-07,2024-07-21,Edward Becker,Corporate,South,Office Supplies,26.55
4908,2024-07,2024-07-21,Anna Häberlin,Corporate,South,Office Supplies,62.1
4909,2024-07,2024-07-21,Maribeth Yedwab,Corporate,West,Office Supplies,32.792
4910,2024-07,2024-07-21,Eugene Moren,Home Office,Central,Office Supplies,629.1
4911,2024-07,2024-07-21,Nancy Lomonaco,Home Office,West,Office Supplies,38.88
4912,2024-07,2024-07-21,Eugene Moren,Home Office,Central,Office Supplies,45.36
4913,2024-07,2024-07-21,Eugene Moren,Home Office,Central,Office Supplies,49.76
4914,2024-07,2024-07-21,Edward Becker,Corporate,South,Technology,111.98
4915,2024-07,2024-07-21,Annie Thurman,Consumer,Central,Technology,223.96
4916,2024-07,2024-07-21,Anna Häberlin,Corporate,South,Technology,1979.7
4917,2024-07,2024-07-21,Brooke Gillingham,Corporate,East,Technology,839.988
4918,2024-07,2024-07-21,Eugene Moren,Home Office,Central,Technology,125.99
4919,2024-07,2024-07-21,Annie Thurman,Consumer,Central,Technology,79.96
4920,2024-07,2024-07-22,Beth Paige,Consumer,Central,Furniture,191.079
4921,2024-07,2024-07-22,Beth Paige,Consumer,Central,Furniture,32.064
4922,2024-07,2024-07-22,Neoma Murray,Consumer,East,Office Supplies,7.152
4923,2024-07,2024-07-22,Beth Paige,Consumer,Central,Office Supplies,18.496
4924,2024-07,2024-07-22,Beth Paige,Consumer,Central,Office Supplies,10.368
4925,2024-07,2024-07-22,Neoma Murray,Consumer,East,Technology,179.7
4926,2024-07,2024-07-24,Edward Hooks,Corporate,West,Office Supplies,11.232
4927,2024-07,2024-07-24,Edward Hooks,Corporate,West,Office Supplies,51.648
4928,2024-07,2024-07-24,Edward Hooks,Corporate,West,Office Supplies,30.18
4929,2024-07,2024-07-24,Karen Carlisle,Corporate,East,Office Supplies,64.784
4930,2024-07,2024-07-25,Christine Phan,Corporate,West,Furniture,71.088
4931,2024-07,2024-07-26,Edward Nazzal,Consumer,East,Furniture,136.784
4932,2024-07,2024-07-26,Ken Lonsdale,Consumer,Central,Furniture,419.68
4933,2024-07,2024-07-26,Ken Lonsdale,Consumer,Central,Furniture,4.044
4934,2024-07,2024-07-26,Edward Nazzal,Consumer,East,Furniture,61.12
4935,2024-07,2024-07-26,Ken Lonsdale,Consumer,Central,Furniture,11.688
4936,2024-07,2024-07-26,Ken Lonsdale,Consumer,Central,Furniture,177.225
4937,2024-07,2024-07-26,Ken Lonsdale,Consumer,Central,Office Supplies,7.408
4938,2024-07,2024-07-26,Edward Nazzal,Consumer,East,Office Supplies,14.94
4939,2024-07,2024-07-26,Karen Daniels,Consumer,South,Office Supplies,75.88
4940,2024-07,2024-07-26,Ken Lonsdale,Consumer,Central,Office Supplies,25.92
4941,2024-07,2024-07-26,Edward Nazzal,Consumer,East,Technology,1349.85
4942,2024-07,2024-07-26,Ken Lonsdale,Consumer,Central,Technology,31.984
4943,2024-07,2024-07-27,Chloris Kastensmidt,Consumer,West,Office Supplies,58.24
4944,2024-07,2024-07-27,Janet Lee,Consumer,East,Office Supplies,11.16
4945,2024-07,2024-07-27,Chloris Kastensmidt,Consumer,West,Office Supplies,21.552
4946,2024-07,2024-07-27,Janet Lee,Consumer,East,Office Supplies,14.94
4947,2024-07,2024-07-27,Joni Sundaresam,Home Office,East,Office Supplies,7.56
4948,2024-07,2024-07-27,Janet Lee,Consumer,East,Office Supplies,360.38
4949,2024-07,2024-07-27,Joni Sundaresam,Home Office,East,Office Supplies,124.608
4950,2024-07,2024-07-27,Ken Brennan,Corporate,West,Office Supplies,61.38
4951,2024-07,2024-07-28,Liz Preis,Consumer,East,Furniture,466.32
4952,2024-07,2024-07-28,Liz Preis,Consumer,East,Furniture,82.64
4953,2024-07,2024-07-28,Clytie Kelty,Consumer,South,Office Supplies,11.67
4954,2024-07,2024-07-28,Clytie Kelty,Consumer,South,Office Supplies,64.14
4955,2024-07,2024-07-28,Ross Baird,Home Office,West,Office Supplies,22.05
4956,2024-07,2024-07-28,Clytie Kelty,Consumer,South,Office Supplies,59.94
4957,2024-07,2024-07-28,Ross Baird,Home Office,West,Office Supplies,99.9
4958,2024-07,2024-07-28,Clytie Kelty,Consumer,South,Office Supplies,12.96
4959,2024-07,2024-07-28,Scot Coram,Corporate,East,Office Supplies,105.52
4960,2024-07,2024-07-28,Dave Brooks,Consumer,East,Office Supplies,714.3
4961,2024-07,2024-07-28,Clytie Kelty,Consumer,South,Technology,179.94
4962,2024-07,2024-07-28,Maria Etezadi,Home Office,West,Technology,26.96
4963,2024-07,2024-07-28,Clytie Kelty,Consumer,South,Technology,26.85
4964,2024-07,2024-07-28,Clytie Kelty,Consumer,South,Technology,323.37
4965,2024-07,2024-07-28,Roy Collins,Consumer,Central,Technology,328.224
4966,2024-07,2024-07-28,Maria Etezadi,Home Office,West,Technology,3023.928
4967,2024-07,2024-07-28,Maria Etezadi,Home Office,West,Technology,477.6
4968,2024-07,2024-07-29,Frank Merwin,Home Office,West,Office Supplies,4.784
4969,2024-07,2024-07-29,Roy Skaria,Home Office,East,Office Supplies,9.648
4970,2024-07,2024-07-29,Ross DeVincentis,Home Office,East,Office Supplies,32.4
4971,2024-07,2024-07-29,Frank Merwin,Home Office,West,Office Supplies,4.73
4972,2024-07,2024-07-31,Dean Braden,Consumer,West,Furniture,122.352
4973,2024-07,2024-07-31,Benjamin Farhat,Home Office,Central,Furniture,692.94
4974,2024-07,2024-07-31,Toby Carlisle,Consumer,South,Technology,695.7
4975,2024-07,2024-07-31,Greg Matthias,Consumer,West,Technology,177.48
4976,2024-08,2024-08-01,Olvera Toch,Consumer,West,Furniture,1335.68
4977,2024-08,2024-08-01,Olvera Toch,Consumer,West,Office Supplies,20.7
4978,2024-08,2024-08-01,Joy Bell-,Consumer,East,Office Supplies,23.616
4979,2024-08,2024-08-01,Olvera Toch,Consumer,West,Office Supplies,32.4
4980,2024-08,2024-08-02,Mary Zewe,Corporate,Central,Furniture,12.544
4981,2024-08,2024-08-02,Seth Vernon,Consumer,West,Furniture,902.712
4982,2024-08,2024-08-02,Mary Zewe,Corporate,Central,Office Supplies,8.272
4983,2024-08,2024-08-02,Mary Zewe,Corporate,Central,Office Supplies,1.344
4984,2024-08,2024-08-02,Sanjit Engle,Consumer,West,Office Supplies,53.984
4985,2024-08,2024-08-02,Sanjit Engle,Consumer,West,Office Supplies,14.62
4986,2024-08,2024-08-02,Erica Smith,Consumer,East,Technology,239.97
4987,2024-08,2024-08-02,Sanjit Engle,Consumer,West,Technology,389.97
4988,2024-08,2024-08-03,Arthur Wiediger,Home Office,Central,Furniture,379.372
4989,2024-08,2024-08-03,Arthur Wiediger,Home Office,Central,Furniture,6.984
4990,2024-08,2024-08-03,Steven Cartwright,Consumer,East,Furniture,47.04
4991,2024-08,2024-08-03,Arthur Wiediger,Home Office,Central,Office Supplies,64.384
4992,2024-08,2024-08-03,Stewart Carmichael,Corporate,South,Office Supplies,208.16
4993,2024-08,2024-08-03,Christy Brittain,Consumer,East,Office Supplies,52.56
4994,2024-08,2024-08-03,Arthur Wiediger,Home Office,Central,Office Supplies,11.264
4995,2024-08,2024-08-03,Arthur Wiediger,Home Office,Central,Office Supplies,1.524
4996,2024-08,2024-08-03,Stewart Carmichael,Corporate,South,Office Supplies,16.74
4997,2024-08,2024-08-03,Steven Cartwright,Consumer,East,Office Supplies,30.84
4998,2024-08,2024-08-03,Steven Cartwright,Consumer,East,Office Supplies,115.02
4999,2024-08,2024-08-03,Darrin Van Huff,Corporate,West,Office Supplies,14.62
5000,2024-08,2024-08-03,Arthur Wiediger,Home Office,Central,Office Supplies,15.552
5001,2024-08,2024-08-03,Christy Brittain,Consumer,East,Office Supplies,92.94
5002,2024-08,2024-08-03,Erin Ashbrook,Corporate,West,Office Supplies,185.88
5003,2024-08,2024-08-03,Philisse Overcash,Home Office,Central,Office Supplies,313.488
5004,2024-08,2024-08-03,Craig Reiter,Consumer,Central,Office Supplies,23.12
5005,2024-08,2024-08-03,Erin Ashbrook,Corporate,West,Office Supplies,12.96
5006,2024-08,2024-08-03,Steven Cartwright,Consumer,East,Office Supplies,226.56
5007,2024-08,2024-08-03,Arthur Wiediger,Home Office,Central,Office Supplies,67.536
5008,2024-08,2024-08-03,Philisse Overcash,Home Office,Central,Technology,1007.979
5009,2024-08,2024-08-03,Steven Cartwright,Consumer,East,Technology,68.04
5010,2024-08,2024-08-03,Harry Olson,Consumer,East,Furniture,140.67
5011,2024-08,2024-08-03,Harry Olson,Consumer,East,Furniture,19.68
5012,2024-08,2024-08-03,Harry Olson,Consumer,East,Office Supplies,70.464
5013,2024-08,2024-08-03,Harry Olson,Consumer,East,Office Supplies,310.12
5014,2024-08,2024-08-04,Greg Tran,Consumer,East,Office Supplies,33.568
5015,2024-08,2024-08-04,Sonia Sunley,Consumer,Central,Office Supplies,18.9
5016,2024-08,2024-08-04,Sample Company A,Home Office,Central,Technology,377.97
5017,2024-08,2024-08-05,Marc Harrigan,Home Office,West,Furniture,599.165
5018,2024-08,2024-08-05,Paul Van Hugh,Home Office,West,Furniture,8.73
5019,2024-08,2024-08-05,Ed Braxton,Corporate,West,Furniture,1293.488
5020,2024-08,2024-08-05,Jim Sink,Corporate,East,Furniture,337.176
5021,2024-08,2024-08-05,Anthony Rawles,Corporate,West,Furniture,1115.17
5022,2024-08,2024-08-05,Paul Van Hugh,Home Office,West,Office Supplies,7.04
5023,2024-08,2024-08-05,Paul Van Hugh,Home Office,West,Office Supplies,8.64
5024,2024-08,2024-08-05,Vivian Mathis,Consumer,South,Office Supplies,39.936
5025,2024-08,2024-08-05,Vivian Mathis,Consumer,South,Technology,18.464
5026,2024-08,2024-08-05,Paul Van Hugh,Home Office,West,Technology,29.29
5027,2024-08,2024-08-06,Lynn Smith,Consumer,Central,Office Supplies,173.488
5028,2024-08,2024-08-07,Jennifer Jackson,Consumer,East,Office Supplies,9.45
5029,2024-08,2024-08-07,Bill Donatelli,Consumer,West,Office Supplies,46.35
5030,2024-08,2024-08-07,James Lanier,Home Office,South,Technology,91.475
5031,2024-08,2024-08-08,Mike Vittorini,Consumer,West,Furniture,239.666
5032,2024-08,2024-08-08,Ted Butterfield,Consumer,East,Furniture,319.41
5033,2024-08,2024-08-08,Lena Creighton,Consumer,West,Furniture,483.136
5034,2024-08,2024-08-08,Lena Creighton,Consumer,West,Furniture,266.352
5035,2024-08,2024-08-08,Denise Monton,Corporate,East,Furniture,376.866
5036,2024-08,2024-08-08,Ted Butterfield,Consumer,East,Office Supplies,1.68
5037,2024-08,2024-08-08,Christine Phan,Corporate,East,Office Supplies,9.84
5038,2024-08,2024-08-08,Ted Butterfield,Consumer,East,Office Supplies,48.48
5039,2024-08,2024-08-08,Christine Phan,Corporate,East,Office Supplies,7.96
5040,2024-08,2024-08-08,Mike Vittorini,Consumer,West,Office Supplies,22.5
5041,2024-08,2024-08-08,Ted Butterfield,Consumer,East,Office Supplies,14.56
5042,2024-08,2024-08-08,Ivan Gibson,Consumer,West,Office Supplies,111.96
5043,2024-08,2024-08-08,Mike Vittorini,Consumer,West,Office Supplies,219.84
5044,2024-08,2024-08-08,Ted Butterfield,Consumer,East,Office Supplies,32.4
5045,2024-08,2024-08-08,Fred McMath,Consumer,East,Office Supplies,40.74
5046,2024-08,2024-08-08,Ted Butterfield,Consumer,East,Office Supplies,208.56
5047,2024-08,2024-08-08,Ted Butterfield,Consumer,East,Technology,30.0
5048,2024-08,2024-08-08,Christine Phan,Corporate,East,Technology,566.97
5049,2024-08,2024-08-09,Stewart Carmichael,Corporate,East,Office Supplies,453.6
5050,2024-08,2024-08-09,Stewart Carmichael,Corporate,East,Office Supplies,4.626
5051,2024-08,2024-08-09,Bobby Trafton,Consumer,Central,Office Supplies,76.864
5052,2024-08,2024-08-09,Stewart Carmichael,Corporate,East,Office Supplies,6.848
5053,2024-08,2024-08-09,Frank Gastineau,Home Office,East,Office Supplies,14.0
5054,2024-08,2024-08-10,Karen Carlisle,Corporate,West,Office Supplies,17.12
5055,2024-08,2024-08-11,Roy Collins,Consumer,West,Furniture,161.568
5056,2024-08,2024-08-11,Bill Shonely,Corporate,Central,Furniture,57.69
5057,2024-08,2024-08-11,Catherine Glotzbach,Home Office,East,Office Supplies,447.696
5058,2024-08,2024-08-11,Roy Collins,Consumer,West,Office Supplies,21.78
5059,2024-08,2024-08-11,Dave Poirier,Corporate,West,Office Supplies,5.16
5060,2024-08,2024-08-11,Roy Collins,Consumer,West,Office Supplies,17.712
5061,2024-08,2024-08-11,Catherine Glotzbach,Home Office,East,Office Supplies,29.718
5062,2024-08,2024-08-11,Erin Ashbrook,Corporate,Central,Office Supplies,10.368
5063,2024-08,2024-08-11,Catherine Glotzbach,Home Office,East,Office Supplies,45.056
5064,2024-08,2024-08-11,Dave Poirier,Corporate,West,Office Supplies,38.88
5065,2024-08,2024-08-11,Catherine Glotzbach,Home Office,East,Office Supplies,15.552
5066,2024-08,2024-08-11,Roy Collins,Consumer,West,Office Supplies,46.76
5067,2024-08,2024-08-11,Roy Collins,Consumer,West,Office Supplies,161.94
5068,2024-08,2024-08-11,Erin Ashbrook,Corporate,Central,Technology,95.968
5069,2024-08,2024-08-11,Lena Hernandez,Consumer,East,Technology,45.0
5070,2024-08,2024-08-11,Bill Shonely,Corporate,Central,Technology,6.9
5071,2024-08,2024-08-11,Lena Hernandez,Consumer,East,Technology,21.8
5072,2024-08,2024-08-12,Adam Shillingsburg,Consumer,East,Furniture,353.568
5073,2024-08,2024-08-12,Adam Shillingsburg,Consumer,East,Office Supplies,36.56
5074,2024-08,2024-08-12,Adam Shillingsburg,Consumer,East,Office Supplies,186.144
5075,2024-08,2024-08-12,Ken Brennan,Corporate,Central,Office Supplies,0.836
5076,2024-08,2024-08-14,Irene Maddox,Consumer,East,Office Supplies,3.96
5077,2024-08,2024-08-14,Irene Maddox,Consumer,East,Office Supplies,18.45
5078,2024-08,2024-08-14,Ruben Dartt,Consumer,West,Office Supplies,21.93
5079,2024-08,2024-08-14,Irene Maddox,Consumer,East,Office Supplies,122.12
5080,2024-08,2024-08-14,Sally Matthias,Consumer,East,Office Supplies,25.83
5081,2024-08,2024-08-14,Ruben Dartt,Consumer,West,Office Supplies,19.98
5082,2024-08,2024-08-14,Irene Maddox,Consumer,East,Office Supplies,146.73
5083,2024-08,2024-08-14,Irene Maddox,Consumer,East,Office Supplies,324.9
5084,2024-08,2024-08-14,Ruben Dartt,Consumer,West,Office Supplies,93.68
5085,2024-08,2024-08-14,Maureen Gnade,Consumer,East,Office Supplies,835.17
5086,2024-08,2024-08-14,Ruben Dartt,Consumer,West,Technology,862.344
5087,2024-08,2024-08-15,Max Jones,Consumer,West,Office Supplies,241.44
5088,2024-08,2024-08-15,Dave Hallsten,Corporate,Central,Office Supplies,8.712
5089,2024-08,2024-08-15,Max Jones,Consumer,West,Office Supplies,104.85
5090,2024-08,2024-08-15,Max Jones,Consumer,West,Technology,4476.8
5091,2024-08,2024-08-15,Hunter Lopez,Consumer,Central,Technology,440.91
5092,2024-08,2024-08-15,Bill Donatelli,Consumer,West,Technology,38.24
5093,2024-08,2024-08-16,Logan Currie,Consumer,Central,Furniture,85.246
5094,2024-08,2024-08-16,Theresa Swint,Corporate,East,Furniture,422.058
5095,2024-08,2024-08-16,Logan Currie,Consumer,Central,Furniture,32.712
5096,2024-08,2024-08-16,Alan Shonely,Consumer,West,Office Supplies,60.81
5097,2024-08,2024-08-16,Theresa Swint,Corporate,East,Office Supplies,38.088
5098,2024-08,2024-08-16,Theresa Swint,Corporate,East,Office Supplies,254.352
5099,2024-08,2024-08-17,Duane Noonan,Consumer,West,Furniture,22.14
5100,2024-08,2024-08-17,Victoria Pisteka,Corporate,East,Furniture,37.74
5101,2024-08,2024-08-17,Lela Donovan,Corporate,Central,Office Supplies,5.304
5102,2024-08,2024-08-17,John Grady,Corporate,East,Office Supplies,14.7
5103,2024-08,2024-08-17,Skye Norling,Home Office,Central,Office Supplies,8.02
5104,2024-08,2024-08-17,Adam Hart,Corporate,West,Office Supplies,17.9
5105,2024-08,2024-08-17,Skye Norling,Home Office,Central,Office Supplies,368.91
5106,2024-08,2024-08-17,Adam Hart,Corporate,West,Office Supplies,12.48
5107,2024-08,2024-08-17,Gene McClure,Consumer,East,Office Supplies,14.9
5108,2024-08,2024-08-17,John Grady,Corporate,East,Office Supplies,704.25
5109,2024-08,2024-08-17,Skye Norling,Home Office,Central,Office Supplies,171.04
5110,2024-08,2024-08-17,Adam Hart,Corporate,West,Office Supplies,231.72
5111,2024-08,2024-08-17,Victoria Pisteka,Corporate,East,Technology,139.96
5112,2024-08,2024-08-17,Victoria Pisteka,Corporate,East,Technology,20.97
5113,2024-08,2024-08-17,Alejandro Ballentine,Home Office,Central,Technology,13.616
5114,2024-08,2024-08-17,Phillip Flathmann,Consumer,South,Technology,135.95
5115,2024-08,2024-08-18,Katharine Harms,Corporate,Central,Furniture,539.658
5116,2024-08,2024-08-18,Katharine Harms,Corporate,Central,Office Supplies,37.464
5117,2024-08,2024-08-18,Anna Chung,Consumer,West,Technology,201.584
5118,2024-08,2024-08-19,Becky Pak,Consumer,East,Furniture,121.96
5119,2024-08,2024-08-19,Becky Pak,Consumer,East,Office Supplies,8.74
5120,2024-08,2024-08-19,Becky Pak,Consumer,East,Office Supplies,275.24
5121,2024-08,2024-08-19,Chris Selesnick,Corporate,West,Office Supplies,33.568
5122,2024-08,2024-08-19,Becky Pak,Consumer,East,Office Supplies,7.96
5123,2024-08,2024-08-19,Chris Selesnick,Corporate,West,Office Supplies,7.752
5124,2024-08,2024-08-19,Becky Pak,Consumer,East,Office Supplies,61.96
5125,2024-08,2024-08-19,Roland Fjeld,Consumer,Central,Technology,359.976
5126,2024-08,2024-08-19,George Zrebassa,Corporate,East,Office Supplies,37.68
5127,2024-08,2024-08-20,Corey-Lock,Consumer,South,Office Supplies,191.88
5128,2024-08,2024-08-21,Philip Fox,Consumer,South,Furniture,1266.86
5129,2024-08,2024-08-21,Philip Fox,Consumer,South,Office Supplies,35.97
5130,2024-08,2024-08-21,Adrian Hane,Home Office,Central,Technology,50.12
5131,2024-08,2024-08-22,Nick Zandusky,Home Office,West,Office Supplies,2.496
5132,2024-08,2024-08-22,Jay Fein,Consumer,South,Office Supplies,14.2
5133,2024-08,2024-08-22,Jay Fein,Consumer,South,Office Supplies,58.34
5134,2024-08,2024-08-22,Stephanie Ulpright,Home Office,East,Office Supplies,30.53
5135,2024-08,2024-08-22,Jay Fein,Consumer,South,Office Supplies,12.96
5136,2024-08,2024-08-22,Stephanie Ulpright,Home Office,East,Office Supplies,75.06
5137,2024-08,2024-08-22,Stephanie Ulpright,Home Office,East,Technology,30.84
5138,2024-08,2024-08-22,Eugene Moren,Home Office,West,Technology,1499.95
5139,2024-08,2024-08-23,Erin Ashbrook,Corporate,Central,Furniture,528.43
5140,2024-08,2024-08-23,George Bell,Corporate,West,Furniture,195.184
5141,2024-08,2024-08-23,Katherine Hughes,Consumer,South,Office Supplies,7.7
5142,2024-08,2024-08-23,Erin Ashbrook,Corporate,Central,Office Supplies,41.472
5143,2024-08,2024-08-24,Dean Katz,Corporate,East,Office Supplies,706.86
5144,2024-08,2024-08-24,Guy Thornton,Consumer,West,Office Supplies,3.96
5145,2024-08,2024-08-24,Filia McAdams,Corporate,East,Office Supplies,123.92
5146,2024-08,2024-08-24,Guy Thornton,Consumer,West,Office Supplies,12.96
5147,2024-08,2024-08-25,Anna Andreadi,Consumer,West,Furniture,1279.165
5148,2024-08,2024-08-25,Anna Andreadi,Consumer,West,Furniture,25.4
5149,2024-08,2024-08-25,Rick Bensley,Home Office,West,Furniture,25.4
5150,2024-08,2024-08-25,Anna Andreadi,Consumer,West,Office Supplies,43.96
5151,2024-08,2024-08-25,Anna Andreadi,Consumer,West,Office Supplies,27.92
5152,2024-08,2024-08-25,Rick Bensley,Home Office,West,Technology,177.48
5153,2024-08,2024-08-25,Rick Bensley,Home Office,West,Technology,71.976
5154,2024-08,2024-08-28,Barry Französisch,Corporate,Central,Furniture,253.372
5155,2024-08,2024-08-28,Christopher Conant,Consumer,West,Furniture,287.968
5156,2024-08,2024-08-28,Raymond Messe,Consumer,West,Furniture,215.65
5157,2024-08,2024-08-28,Barry Französisch,Corporate,Central,Furniture,60.288
5158,2024-08,2024-08-28,Max Jones,Consumer,West,Office Supplies,45.98
5159,2024-08,2024-08-28,Chad Cunningham,Home Office,East,Office Supplies,9.42
5160,2024-08,2024-08-28,Chad Cunningham,Home Office,East,Office Supplies,5.715
5161,2024-08,2024-08-28,Barry Französisch,Corporate,Central,Office Supplies,2.632
5162,2024-08,2024-08-28,Chad Cunningham,Home Office,East,Office Supplies,10.08
5163,2024-08,2024-08-28,Barry Französisch,Corporate,Central,Office Supplies,23.688
5164,2024-08,2024-08-28,Christopher Conant,Consumer,West,Office Supplies,48.94
5165,2024-08,2024-08-28,Max Jones,Consumer,West,Office Supplies,12.96
5166,2024-08,2024-08-28,Steve Chapman,Corporate,South,Office Supplies,45.584
5167,2024-08,2024-08-28,Christopher Conant,Consumer,West,Technology,2799.96
5168,2024-08,2024-08-28,Chad Cunningham,Home Office,East,Technology,59.994
5169,2024-08,2024-08-29,Joe Elijah,Consumer,West,Furniture,662.88
5170,2024-08,2024-08-29,Scot Coram,Corporate,Central,Office Supplies,47.616
5171,2024-08,2024-08-29,Joe Elijah,Consumer,West,Office Supplies,8.736
5172,2024-08,2024-08-29,Joe Elijah,Consumer,West,Office Supplies,19.968
5173,2024-08,2024-08-29,Chris Cortes,Consumer,West,Office Supplies,19.296
5174,2024-08,2024-08-29,Thea Hudgings,Corporate,East,Office Supplies,12.96
5175,2024-08,2024-08-29,Zuschuss Donatelli,Consumer,South,Office Supplies,15.984
5176,2024-08,2024-08-29,Joe Elijah,Consumer,West,Office Supplies,33.488
5177,2024-08,2024-08-29,Chris Cortes,Consumer,West,Technology,107.984
5178,2024-08,2024-08-29,Zuschuss Donatelli,Consumer,South,Technology,823.96
5179,2024-08,2024-08-29,Scot Coram,Corporate,Central,Technology,863.64
5180,2024-08,2024-08-29,Joe Elijah,Consumer,Central,Furniture,47.616
5181,2024-08,2024-08-29,Joe Elijah,Consumer,Central,Office Supplies,863.64
5182,2024-08,2024-08-29,Joe Elijah,Consumer,Central,Office Supplies,107.984
5183,2024-08,2024-08-29,Joe Elijah,Consumer,Central,Office Supplies,19.296
5184,2024-08,2024-08-30,Jonathan Doherty,Corporate,East,Furniture,408.006
5185,2024-08,2024-08-30,Jonathan Doherty,Corporate,East,Furniture,165.28
5186,2024-08,2024-08-31,Logan Haushalter,Consumer,Central,Office Supplies,154.24
5187,2024-08,2024-08-31,Nick Zandusky,Home Office,West,Office Supplies,44.856
5188,2024-08,2024-08-31,Logan Haushalter,Consumer,Central,Office Supplies,338.04
5189,2024-08,2024-08-31,Allen Armold,Consumer,West,Office Supplies,16.768
5190,2024-08,2024-08-31,Erin Ashbrook,Corporate,East,Technology,341.991
5191,2024-09,2024-09-02,Kristen Hastings,Corporate,West,Technology,95.76
5192,2024-09,2024-09-04,Steven Ward,Corporate,East,Furniture,579.136
5193,2024-09,2024-09-04,Raymond Buch,Consumer,West,Furniture,30.8
5194,2024-09,2024-09-04,Anemone Ratner,Consumer,South,Furniture,51.75
5195,2024-09,2024-09-04,Raymond Buch,Consumer,West,Office Supplies,151.62
5196,2024-09,2024-09-04,Steven Ward,Corporate,East,Office Supplies,41.86
5197,2024-09,2024-09-04,Steven Ward,Corporate,East,Office Supplies,8.544
5198,2024-09,2024-09-04,Steven Ward,Corporate,East,Office Supplies,9.144
5199,2024-09,2024-09-04,Anemone Ratner,Consumer,South,Office Supplies,36.4
5200,2024-09,2024-09-04,Dan Reichenbach,Corporate,East,Office Supplies,14.16
5201,2024-09,2024-09-04,Richard Eichhorn,Consumer,East,Office Supplies,29.61
5202,2024-09,2024-09-04,Steven Ward,Corporate,East,Office Supplies,14.07
5203,2024-09,2024-09-04,John Stevenson,Consumer,Central,Office Supplies,219.84
5204,2024-09,2024-09-04,Steven Ward,Corporate,East,Office Supplies,11.21
5205,2024-09,2024-09-04,Theone Pippenger,Consumer,East,Office Supplies,11.632
5206,2024-09,2024-09-04,Rob Haberlin,Consumer,South,Technology,29.0
5207,2024-09,2024-09-04,Erin Smith,Corporate,West,Technology,380.864
5208,2024-09,2024-09-04,Bryan Mills,Consumer,Central,Technology,419.944
5209,2024-09,2024-09-04,Raymond Buch,Consumer,West,Technology,110.376
5210,2024-09,2024-09-05,Mark Cousins,Corporate,West,Furniture,230.28
5211,2024-09,2024-09-05,Mark Cousins,Corporate,West,Office Supplies,105.52
5212,2024-09,2024-09-05,Rick Huthwaite,Home Office,West,Office Supplies,44.4
5213,2024-09,2024-09-06,Mark Cousins,Corporate,Central,Furniture,9.552
5214,2024-09,2024-09-06,Jonathan Doherty,Corporate,South,Office Supplies,22.32
5215,2024-09,2024-09-06,Jonathan Doherty,Corporate,South,Office Supplies,6.46
5216,2024-09,2024-09-06,Jonathan Doherty,Corporate,South,Office Supplies,24.1
5217,2024-09,2024-09-06,Jonathan Doherty,Corporate,South,Office Supplies,10.2
5218,2024-09,2024-09-06,Jonathan Doherty,Corporate,South,Office Supplies,60.12
5219,2024-09,2024-09-06,Alice McCarthy,Corporate,Central,Office Supplies,20.016
5220,2024-09,2024-09-06,Alice McCarthy,Corporate,Central,Office Supplies,37.224
5221,2024-09,2024-09-06,Chloris Kastensmidt,Consumer,East,Office Supplies,5.84
5222,2024-09,2024-09-06,Jonathan Doherty,Corporate,South,Technology,75.98
5223,2024-09,2024-09-06,Chloris Kastensmidt,Consumer,East,Technology,143.982
5224,2024-09,2024-09-06,Chloris Kastensmidt,Consumer,East,Technology,494.376
5225,2024-09,2024-09-07,Dennis Kane,Consumer,West,Furniture,12.42
5226,2024-09,2024-09-07,Dennis Kane,Consumer,West,Furniture,24.75
5227,2024-09,2024-09-07,Annie Thurman,Consumer,East,Office Supplies,45.96
5228,2024-09,2024-09-07,Matt Collister,Corporate,East,Office Supplies,162.64
5229,2024-09,2024-09-07,Dennis Kane,Consumer,West,Office Supplies,12.816
5230,2024-09,2024-09-07,Dennis Kane,Consumer,West,Office Supplies,87.71
5231,2024-09,2024-09-07,Andrew Allen,Consumer,Central,Office Supplies,21.93
5232,2024-09,2024-09-07,Andrew Allen,Consumer,Central,Office Supplies,7.64
5233,2024-09,2024-09-07,Andrew Allen,Consumer,Central,Office Supplies,51.84
5234,2024-09,2024-09-07,Matt Collister,Corporate,East,Office Supplies,55.48
5235,2024-09,2024-09-07,Andrew Allen,Consumer,Central,Office Supplies,265.17
5236,2024-09,2024-09-07,Dennis Kane,Consumer,West,Office Supplies,69.52
5237,2024-09,2024-09-07,Andrew Allen,Consumer,Central,Office Supplies,242.94
5238,2024-09,2024-09-07,Ruben Ausman,Corporate,West,Office Supplies,77.88
5239,2024-09,2024-09-07,Dennis Kane,Consumer,West,Technology,428.4
5240,2024-09,2024-09-07,Dennis Kane,Consumer,West,Technology,20.784
5241,2024-09,2024-09-07,Matt Collister,Corporate,East,Technology,597.0
5242,2024-09,2024-09-08,Katharine Harms,Corporate,South,Furniture,140.81
5243,2024-09,2024-09-08,Linda Southworth,Corporate,West,Furniture,854.352
5244,2024-09,2024-09-08,Linda Southworth,Corporate,West,Furniture,544.008
5245,2024-09,2024-09-08,Neil Knudson,Home Office,East,Office Supplies,11.264
5246,2024-09,2024-09-08,Linda Southworth,Corporate,West,Office Supplies,1.872
5247,2024-09,2024-09-08,Neil Knudson,Home Office,East,Office Supplies,18.496
5248,2024-09,2024-09-08,Linda Southworth,Corporate,West,Office Supplies,338.04
5249,2024-09,2024-09-08,Neil Knudson,Home Office,East,Office Supplies,284.08
5250,2024-09,2024-09-08,Linda Southworth,Corporate,West,Office Supplies,593.568
5251,2024-09,2024-09-08,Jennifer Patt,Corporate,West,Office Supplies,33.8
5252,2024-09,2024-09-08,Susan Vittorini,Consumer,Central,Technology,15.576
5253,2024-09,2024-09-08,Nora Paige,Consumer,West,Technology,55.992
5254,2024-09,2024-09-09,Joy Smith,Consumer,South,Furniture,504.9
5255,2024-09,2024-09-09,Joy Smith,Consumer,South,Furniture,185.58
5256,2024-09,2024-09-09,Joy Smith,Consumer,South,Office Supplies,8.6
5257,2024-09,2024-09-09,Joy Smith,Consumer,South,Office Supplies,77.56
5258,2024-09,2024-09-09,Joy Smith,Consumer,South,Office Supplies,245.94
5259,2024-09,2024-09-09,Joy Smith,Consumer,South,Office Supplies,87.92
5260,2024-09,2024-09-09,Tracy Collins,Home Office,West,Technology,389.97
5261,2024-09,2024-09-09,Tracy Collins,Home Office,West,Technology,35.984
5262,2024-09,2024-09-10,Pauline Johnson,Consumer,East,Technology,89.95
5263,2024-09,2024-09-11,Beth Paige,Consumer,South,Furniture,363.92
5264,2024-09,2024-09-11,Jason Gross,Corporate,East,Office Supplies,18.656
5265,2024-09,2024-09-11,Corey Catlett,Corporate,East,Office Supplies,1.941
5266,2024-09,2024-09-11,Jason Gross,Corporate,East,Office Supplies,11.088
5267,2024-09,2024-09-11,Damala Kotsonis,Corporate,West,Office Supplies,419.9
5268,2024-09,2024-09-11,Beth Paige,Consumer,South,Office Supplies,6.264
5269,2024-09,2024-09-11,Damala Kotsonis,Corporate,West,Office Supplies,3.15
5270,2024-09,2024-09-11,Jason Gross,Corporate,East,Office Supplies,66.688
5271,2024-09,2024-09-11,Jason Gross,Corporate,East,Office Supplies,99.488
5272,2024-09,2024-09-12,Maureen Fritzler,Corporate,East,Furniture,27.42
5273,2024-09,2024-09-12,Caroline Jumper,Consumer,East,Furniture,11.648
5274,2024-09,2024-09-12,Maureen Fritzler,Corporate,East,Office Supplies,37.68
5275,2024-09,2024-09-12,Dennis Kane,Consumer,Central,Office Supplies,29.2
5276,2024-09,2024-09-12,Caroline Jumper,Consumer,East,Office Supplies,4.16
5277,2024-09,2024-09-12,Maureen Fritzler,Corporate,East,Office Supplies,5.4
5278,2024-09,2024-09-12,Dionis Lloyd,Corporate,West,Office Supplies,6.3
5279,2024-09,2024-09-12,Dennis Kane,Consumer,Central,Office Supplies,32.4
5280,2024-09,2024-09-12,Maureen Fritzler,Corporate,East,Office Supplies,51.84
5281,2024-09,2024-09-12,Dennis Kane,Consumer,Central,Office Supplies,965.85
5282,2024-09,2024-09-12,Kristina Nunn,Home Office,West,Office Supplies,86.2
5283,2024-09,2024-09-12,Dennis Kane,Consumer,Central,Technology,109.95
5284,2024-09,2024-09-13,Jennifer Braxton,Corporate,South,Office Supplies,23.696
5285,2024-09,2024-09-13,Chloris Kastensmidt,Consumer,Central,Office Supplies,4.448
5286,2024-09,2024-09-13,Chloris Kastensmidt,Consumer,Central,Office Supplies,175.92
5287,2024-09,2024-09-13,Jennifer Braxton,Corporate,South,Office Supplies,35.216
5288,2024-09,2024-09-13,Neil Französisch,Home Office,Central,Office Supplies,11.416
5289,2024-09,2024-09-13,Chloris Kastensmidt,Consumer,Central,Office Supplies,4.752
5290,2024-09,2024-09-13,Chloris Kastensmidt,Consumer,Central,Office Supplies,5.184
5291,2024-09,2024-09-13,Chloris Kastensmidt,Consumer,Central,Office Supplies,13.344
5292,2024-09,2024-09-13,Jennifer Braxton,Corporate,South,Technology,265.475
5293,2024-09,2024-09-13,Ivan Liston,Consumer,Central,Technology,115.136
5294,2024-09,2024-09-14,Darren Budd,Corporate,East,Furniture,253.764
5295,2024-09,2024-09-14,James Galang,Consumer,South,Office Supplies,73.2
5296,2024-09,2024-09-15,Sanjit Chand,Consumer,West,Furniture,241.568
5297,2024-09,2024-09-15,Sally Hughsby,Corporate,Central,Furniture,403.56
5298,2024-09,2024-09-15,Sanjit Chand,Consumer,West,Furniture,69.3
5299,2024-09,2024-09-15,Sally Hughsby,Corporate,Central,Furniture,95.2
5300,2024-09,2024-09-15,Sanjit Chand,Consumer,West,Furniture,255.76
5301,2024-09,2024-09-15,Meg Tillman,Consumer,South,Furniture,2430.08
5302,2024-09,2024-09-15,Rick Reed,Corporate,East,Office Supplies,243.88
5303,2024-09,2024-09-15,Becky Castell,Home Office,West,Office Supplies,37.17
5304,2024-09,2024-09-15,Sanjit Chand,Consumer,West,Office Supplies,119.616
5305,2024-09,2024-09-15,Katherine Murray,Home Office,South,Office Supplies,10.44
5306,2024-09,2024-09-15,Bill Eplett,Home Office,Central,Office Supplies,20.936
5307,2024-09,2024-09-15,Larry Blacks,Consumer,West,Office Supplies,21.48
5308,2024-09,2024-09-15,Ken Heidel,Corporate,Central,Office Supplies,15.712
5309,2024-09,2024-09-15,Meg Tillman,Consumer,South,Office Supplies,65.5
5310,2024-09,2024-09-15,Sally Hughsby,Corporate,Central,Office Supplies,20.62
5311,2024-09,2024-09-15,Meg Tillman,Consumer,South,Office Supplies,7.89
5312,2024-09,2024-09-15,Sally Hughsby,Corporate,Central,Technology,124.25
5313,2024-09,2024-09-15,Christy Brittain,Consumer,East,Technology,1439.976
5314,2024-09,2024-09-15,Sally Hughsby,Corporate,Central,Technology,297.55
5315,2024-09,2024-09-18,Olvera Toch,Consumer,East,Furniture,177.45
5316,2024-09,2024-09-18,Barry Franz,Home Office,Central,Furniture,24.7
5317,2024-09,2024-09-18,Barry Franz,Home Office,Central,Furniture,302.72
5318,2024-09,2024-09-18,Olvera Toch,Consumer,East,Office Supplies,9.48
5319,2024-09,2024-09-18,Olvera Toch,Consumer,East,Office Supplies,1369.764
5320,2024-09,2024-09-18,Steve Carroll,Home Office,Central,Office Supplies,20.44
5321,2024-09,2024-09-18,Khloe Miller,Consumer,West,Office Supplies,18.9
5322,2024-09,2024-09-18,Steve Carroll,Home Office,Central,Office Supplies,109.92
5323,2024-09,2024-09-19,Pierre Wener,Consumer,South,Office Supplies,2.214
5324,2024-09,2024-09-19,Ritsa Hightower,Consumer,South,Office Supplies,27.396
5325,2024-09,2024-09-19,Jack O'Briant,Corporate,East,Office Supplies,84.784
5326,2024-09,2024-09-19,Ritsa Hightower,Consumer,South,Office Supplies,704.76
5327,2024-09,2024-09-20,Rob Williams,Corporate,West,Office Supplies,715.64
5328,2024-09,2024-09-20,Lindsay Shagiari,Home Office,Central,Office Supplies,9.264
5329,2024-09,2024-09-20,Katherine Hughes,Consumer,Central,Office Supplies,9.248
5330,2024-09,2024-09-20,Katherine Hughes,Consumer,Central,Office Supplies,1036.624
5331,2024-09,2024-09-21,Ken Lonsdale,Consumer,Central,Furniture,272.94
5332,2024-09,2024-09-21,Anna Häberlin,Corporate,West,Furniture,863.128
5333,2024-09,2024-09-21,Ken Lonsdale,Consumer,Central,Office Supplies,283.14
5334,2024-09,2024-09-21,Ken Lonsdale,Consumer,Central,Technology,118.99
5335,2024-09,2024-09-21,Ken Lonsdale,Consumer,Central,Technology,635.96
5336,2024-09,2024-09-22,Khloe Miller,Consumer,East,Furniture,19.312
5337,2024-09,2024-09-22,Thomas Seio,Corporate,West,Office Supplies,45.96
5338,2024-09,2024-09-22,Susan Gilcrest,Corporate,Central,Office Supplies,19.648
5339,2024-09,2024-09-22,Thomas Seio,Corporate,West,Technology,1039.728
5340,2024-09,2024-09-23,Barry Französisch,Corporate,West,Furniture,136.464
5341,2024-09,2024-09-23,Barry Französisch,Corporate,West,Office Supplies,12.544
5342,2024-09,2024-09-23,Barry Französisch,Corporate,West,Technology,333.576
5343,2024-09,2024-09-24,Alex Grayson,Consumer,Central,Office Supplies,81.54
5344,2024-09,2024-09-24,Alex Grayson,Consumer,Central,Technology,167.28
5345,2024-09,2024-09-25,Max Ludwig,Home Office,South,Furniture,109.8
5346,2024-09,2024-09-25,Linda Cazamias,Corporate,West,Office Supplies,11.784
5347,2024-09,2024-09-25,Ralph Arnett,Consumer,Central,Office Supplies,3.98
5348,2024-09,2024-09-25,Linda Cazamias,Corporate,West,Office Supplies,20.952
5349,2024-09,2024-09-25,Max Ludwig,Home Office,South,Office Supplies,9.82
5350,2024-09,2024-09-25,Max Ludwig,Home Office,South,Office Supplies,4.13
5351,2024-09,2024-09-25,Max Ludwig,Home Office,South,Office Supplies,35.06
5352,2024-09,2024-09-25,Linda Cazamias,Corporate,West,Technology,302.384
5353,2024-09,2024-09-26,Maureen Fritzler,Corporate,South,Office Supplies,197.05
5354,2024-09,2024-09-27,Liz MacKendrick,Consumer,East,Office Supplies,38.34
5355,2024-09,2024-09-27,Anna Häberlin,Corporate,East,Office Supplies,70.88
5356,2024-09,2024-09-27,Vivek Gonzalez,Consumer,West,Technology,211.168
5357,2024-09,2024-09-28,Dorothy Wardle,Corporate,West,Technology,179.97
5358,2024-09,2024-09-29,Cathy Armstrong,Home Office,West,Furniture,513.024
5359,2024-09,2024-09-29,Cathy Armstrong,Home Office,West,Office Supplies,487.92
5360,2024-09,2024-09-29,Cathy Armstrong,Home Office,West,Office Supplies,15.24
5361,2024-09,2024-09-29,Jill Fjeld,Consumer,Central,Office Supplies,11.168
5362,2024-09,2024-09-29,Corinna Mitchell,Home Office,South,Office Supplies,23.34
5363,2024-09,2024-09-29,Jill Fjeld,Consumer,Central,Office Supplies,53.952
5364,2024-09,2024-09-29,Charles Crestani,Consumer,Central,Office Supplies,10.56
5365,2024-09,2024-09-29,Denny Blanton,Consumer,East,Office Supplies,113.92
5366,2024-09,2024-09-29,Denny Blanton,Consumer,East,Office Supplies,39.66
5367,2024-09,2024-09-29,Denny Blanton,Consumer,East,Office Supplies,447.86
5368,2024-09,2024-09-30,Helen Andreada,Consumer,South,Office Supplies,569.536
5369,2024-09,2024-09-30,Gary Hansen,Home Office,South,Office Supplies,4.338
5370,2024-09,2024-09-30,Gary Hansen,Home Office,South,Office Supplies,11.88
5371,2024-09,2024-09-30,Helen Andreada,Consumer,South,Office Supplies,30.816
5372,2024-09,2024-09-30,Helen Andreada,Consumer,South,Technology,44.784
5373,2024-10,2024-10-02,Michelle Tran,Home Office,Central,Office Supplies,77.56
5374,2024-10,2024-10-02,Michelle Tran,Home Office,Central,Office Supplies,41.86
5375,2024-10,2024-10-02,Michelle Tran,Home Office,Central,Office Supplies,32.4
5376,2024-10,2024-10-03,Becky Castell,Home Office,East,Furniture,145.764
5377,2024-10,2024-10-03,Nora Preis,Consumer,East,Furniture,209.148
5378,2024-10,2024-10-03,Cindy Schnelling,Corporate,South,Furniture,562.2925
5379,2024-10,2024-10-03,Deborah Brumfield,Home Office,East,Office Supplies,37.312
5380,2024-10,2024-10-03,Lena Cacioppo,Consumer,Central,Office Supplies,6.48
5381,2024-10,2024-10-03,Nora Preis,Consumer,East,Office Supplies,1591.02
5382,2024-10,2024-10-03,Chris McAfee,Consumer,Central,Technology,1399.944
5383,2024-10,2024-10-04,Theresa Swint,Corporate,Central,Furniture,241.96
5384,2024-10,2024-10-04,Hunter Glantz,Consumer,South,Office Supplies,17.34
5385,2024-10,2024-10-04,Carol Triggs,Consumer,Central,Office Supplies,58.924
5386,2024-10,2024-10-04,Erin Mull,Consumer,South,Office Supplies,11.232
5387,2024-10,2024-10-04,Roy Französisch,Consumer,South,Office Supplies,22.32
5388,2024-10,2024-10-04,Theresa Swint,Corporate,Central,Office Supplies,8.52
5389,2024-10,2024-10-04,Roy Französisch,Consumer,South,Office Supplies,103.6
5390,2024-10,2024-10-04,Erin Mull,Consumer,South,Office Supplies,10.272
5391,2024-10,2024-10-04,Carol Triggs,Consumer,Central,Office Supplies,185.376
5392,2024-10,2024-10-04,Hunter Glantz,Consumer,South,Technology,71.98
5393,2024-10,2024-10-05,Jill Matthias,Consumer,West,Office Supplies,15.54
5394,2024-10,2024-10-05,Toby Ritter,Consumer,South,Office Supplies,15.552
5395,2024-10,2024-10-05,Stephanie Phelps,Corporate,East,Technology,279.96
5396,2024-10,2024-10-05,Jill Matthias,Consumer,West,Technology,105.552
5397,2024-10,2024-10-05,Stephanie Phelps,Corporate,East,Technology,247.188
5398,2024-10,2024-10-05,Stephanie Phelps,Corporate,East,Technology,259.896
5399,2024-10,2024-10-06,Christopher Conant,Consumer,South,Furniture,225.296
5400,2024-10,2024-10-06,Bill Donatelli,Consumer,West,Furniture,312.03
5401,2024-10,2024-10-06,Max Engle,Consumer,West,Office Supplies,122.328
5402,2024-10,2024-10-06,Max Engle,Consumer,West,Office Supplies,18.882
5403,2024-10,2024-10-06,Craig Yedwab,Corporate,West,Office Supplies,3.15
5404,2024-10,2024-10-06,Bill Donatelli,Consumer,West,Office Supplies,37.52
5405,2024-10,2024-10-06,Bill Donatelli,Consumer,West,Office Supplies,17.94
5406,2024-10,2024-10-06,John Castell,Consumer,South,Technology,705.544
5407,2024-10,2024-10-06,Bill Donatelli,Consumer,West,Technology,165.6
5408,2024-10,2024-10-06,Craig Yedwab,Corporate,West,Technology,71.976
5409,2024-10,2024-10-07,Anthony O'Donnell,Corporate,West,Furniture,161.28
5410,2024-10,2024-10-07,Pete Kriz,Consumer,West,Office Supplies,10.86
5411,2024-10,2024-10-07,Jeremy Pistek,Consumer,West,Office Supplies,32.4
5412,2024-10,2024-10-08,Neoma Murray,Consumer,West,Office Supplies,15.712
5413,2024-10,2024-10-09,Matt Abelman,Home Office,Central,Furniture,5.344
5414,2024-10,2024-10-09,Matt Abelman,Home Office,Central,Furniture,9.552
5415,2024-10,2024-10-09,Helen Wasserman,Corporate,East,Office Supplies,355.32
5416,2024-10,2024-10-09,Natalie Fritzler,Consumer,Central,Office Supplies,2.068
5417,2024-10,2024-10-09,Natalie Fritzler,Consumer,Central,Office Supplies,83.84
5418,2024-10,2024-10-09,Greg Guthrie,Corporate,East,Technology,39.99
5419,2024-10,2024-10-10,Resi Pölking,Consumer,East,Office Supplies,146.688
5420,2024-10,2024-10-10,Resi Pölking,Consumer,East,Office Supplies,25.32
5421,2024-10,2024-10-10,Resi Pölking,Consumer,East,Office Supplies,276.784
5422,2024-10,2024-10-11,Dianna Wilson,Home Office,Central,Technology,14.78
5423,2024-10,2024-10-12,Jay Kimmel,Consumer,East,Furniture,573.174
5424,2024-10,2024-10-12,Rick Bensley,Home Office,East,Furniture,815.292
5425,2024-10,2024-10-12,Scot Coram,Corporate,West,Furniture,2887.056
5426,2024-10,2024-10-12,Rachel Payne,Corporate,West,Office Supplies,33.44
5427,2024-10,2024-10-12,Scot Coram,Corporate,West,Office Supplies,12.672
5428,2024-10,2024-10-12,Stephanie Ulpright,Home Office,South,Office Supplies,9.216
5429,2024-10,2024-10-12,Scot Coram,Corporate,West,Office Supplies,47.52
5430,2024-10,2024-10-12,Scot Coram,Corporate,West,Office Supplies,12.96
5431,2024-10,2024-10-12,Stephanie Ulpright,Home Office,South,Office Supplies,28.048
5432,2024-10,2024-10-12,Scot Coram,Corporate,West,Technology,254.97
5433,2024-10,2024-10-12,Scot Coram,Corporate,West,Technology,31.984
5434,2024-10,2024-10-12,Scot Coram,Corporate,West,Technology,91.96
5435,2024-10,2024-10-13,Tony Chapman,Home Office,West,Furniture,98.328
5436,2024-10,2024-10-13,Craig Reiter,Consumer,East,Office Supplies,113.552
5437,2024-10,2024-10-13,Pauline Webber,Corporate,West,Office Supplies,5.76
5438,2024-10,2024-10-13,Sheri Gordon,Consumer,West,Office Supplies,26.352
5439,2024-10,2024-10-13,Craig Reiter,Consumer,East,Office Supplies,3.318
5440,2024-10,2024-10-13,Dorothy Dickinson,Consumer,Central,Office Supplies,4.312
5441,2024-10,2024-10-13,Craig Reiter,Consumer,East,Office Supplies,134.288
5442,2024-10,2024-10-13,Deirdre Greer,Corporate,West,Office Supplies,19.44
5443,2024-10,2024-10-14,Maxwell Schwartz,Consumer,West,Furniture,532.704
5444,2024-10,2024-10-14,Mick Hernandez,Home Office,Central,Furniture,22.608
5445,2024-10,2024-10-14,Maxwell Schwartz,Consumer,West,Office Supplies,43.1
5446,2024-10,2024-10-14,Jennifer Patt,Corporate,East,Office Supplies,1040.8
5447,2024-10,2024-10-14,Jennifer Patt,Corporate,East,Office Supplies,29.34
5448,2024-10,2024-10-14,Jennifer Patt,Corporate,East,Office Supplies,21.3
5449,2024-10,2024-10-14,Maxwell Schwartz,Consumer,West,Office Supplies,135.9
5450,2024-10,2024-10-14,Matt Abelman,Home Office,Central,Office Supplies,25.2
5451,2024-10,2024-10-14,Matt Abelman,Home Office,Central,Office Supplies,37.59
5452,2024-10,2024-10-14,Maxwell Schwartz,Consumer,West,Office Supplies,34.68
5453,2024-10,2024-10-14,Matt Abelman,Home Office,Central,Office Supplies,14.97
5454,2024-10,2024-10-14,Mick Hernandez,Home Office,Central,Office Supplies,727.296
5455,2024-10,2024-10-14,Maxwell Schwartz,Consumer,West,Office Supplies,15.88
5456,2024-10,2024-10-14,Mick Hernandez,Home Office,Central,Technology,666.4
5457,2024-10,2024-10-14,Matt Abelman,Home Office,Central,Technology,1.98
5458,2024-10,2024-10-14,Maxwell Schwartz,Consumer,West,Technology,837.6
5459,2024-10,2024-10-17,Don Jones,Corporate,West,Furniture,1603.136
5460,2024-10,2024-10-17,Linda Cazamias,Corporate,Central,Furniture,1024.716
5461,2024-10,2024-10-17,Xylona Preis,Consumer,South,Furniture,186.54
5462,2024-10,2024-10-17,Andrew Allen,Consumer,Central,Furniture,447.84
5463,2024-10,2024-10-17,Tom Stivers,Corporate,West,Office Supplies,8.26
5464,2024-10,2024-10-17,Andrew Allen,Consumer,Central,Office Supplies,8.64
5465,2024-10,2024-10-17,Vivek Grady,Corporate,East,Office Supplies,5.472
5466,2024-10,2024-10-17,Ken Dana,Corporate,East,Office Supplies,146.688
5467,2024-10,2024-10-17,Roland Fjeld,Consumer,West,Office Supplies,10.23
5468,2024-10,2024-10-17,Charles Crestani,Consumer,West,Office Supplies,6.48
5469,2024-10,2024-10-17,Andrew Allen,Consumer,Central,Office Supplies,11.56
5470,2024-10,2024-10-17,Stuart Van,Corporate,South,Office Supplies,31.008
5471,2024-10,2024-10-17,Roland Fjeld,Consumer,West,Office Supplies,154.9
5472,2024-10,2024-10-17,Vivek Grady,Corporate,East,Technology,47.984
5473,2024-10,2024-10-17,Shirley Schmidt,Home Office,Central,Technology,47.97
5474,2024-10,2024-10-17,Dan Reichenbach,Corporate,East,Technology,249.95
5475,2024-10,2024-10-17,Andrew Allen,Consumer,Central,Technology,479.97
5476,2024-10,2024-10-17,Linda Cazamias,Corporate,Central,Technology,159.984
5477,2024-10,2024-10-17,Andrew Allen,Consumer,Central,Technology,209.97
5478,2024-10,2024-10-17,Dan Reichenbach,Corporate,East,Technology,33.0
5479,2024-10,2024-10-18,Ted Butterfield,Consumer,East,Furniture,244.615
5480,2024-10,2024-10-18,Ted Butterfield,Consumer,East,Office Supplies,29.0
5481,2024-10,2024-10-18,Ted Butterfield,Consumer,East,Office Supplies,11.68
5482,2024-10,2024-10-18,Elizabeth Moffitt,Corporate,South,Office Supplies,9.216
5483,2024-10,2024-10-18,Ted Butterfield,Consumer,East,Office Supplies,122.97
5484,2024-10,2024-10-18,Sung Shariari,Consumer,Central,Office Supplies,3.528
5485,2024-10,2024-10-18,Ted Butterfield,Consumer,East,Office Supplies,81.54
5486,2024-10,2024-10-18,Todd Boyes,Corporate,Central,Office Supplies,79.92
5487,2024-10,2024-10-18,Sung Shariari,Consumer,Central,Office Supplies,4.624
5488,2024-10,2024-10-18,Todd Boyes,Corporate,Central,Office Supplies,14.16
5489,2024-10,2024-10-18,Sung Shariari,Consumer,Central,Office Supplies,55.168
5490,2024-10,2024-10-18,Sung Shariari,Consumer,Central,Office Supplies,51.52
5491,2024-10,2024-10-18,Ted Butterfield,Consumer,East,Technology,59.97
5492,2024-10,2024-10-19,Tom Prescott,Consumer,Central,Furniture,156.3728
5493,2024-10,2024-10-19,Tom Prescott,Consumer,Central,Office Supplies,13.14
5494,2024-10,2024-10-19,Tom Prescott,Consumer,Central,Office Supplies,10.024
5495,2024-10,2024-10-19,Edward Becker,Corporate,East,Office Supplies,18.432
5496,2024-10,2024-10-19,Chad Sievert,Consumer,West,Office Supplies,15.48
5497,2024-10,2024-10-19,Chad Sievert,Consumer,West,Technology,108.576
5498,2024-10,2024-10-20,George Bell,Corporate,East,Furniture,163.88
5499,2024-10,2024-10-20,George Bell,Corporate,East,Furniture,241.92
5500,2024-10,2024-10-20,George Bell,Corporate,East,Office Supplies,3.486
5501,2024-10,2024-10-20,Rick Bensley,Home Office,Central,Office Supplies,1.788
5502,2024-10,2024-10-20,George Bell,Corporate,East,Office Supplies,10.584
5503,2024-10,2024-10-20,Rick Bensley,Home Office,Central,Office Supplies,64.624
5504,2024-10,2024-10-20,Adam Bellavance,Home Office,East,Office Supplies,27.93
5505,2024-10,2024-10-20,Rick Bensley,Home Office,Central,Technology,95.976
5506,2024-10,2024-10-20,Meg O'Connel,Home Office,East,Technology,22.0
5507,2024-10,2024-10-21,Patrick O'Brill,Consumer,East,Furniture,786.744
5508,2024-10,2024-10-21,Bruce Geld,Consumer,West,Furniture,47.04
5509,2024-10,2024-10-21,Patrick O'Brill,Consumer,East,Office Supplies,37.764
5510,2024-10,2024-10-21,Patrick O'Brill,Consumer,East,Office Supplies,100.24
5511,2024-10,2024-10-21,Patrick O'Brill,Consumer,East,Office Supplies,54.224
5512,2024-10,2024-10-21,Patrick O'Brill,Consumer,East,Technology,290.898
5513,2024-10,2024-10-21,Bruce Geld,Consumer,West,Technology,339.96
5514,2024-10,2024-10-22,Theone Pippenger,Consumer,Central,Office Supplies,23.968
5515,2024-10,2024-10-23,Patrick Gardner,Consumer,East,Furniture,191.82
5516,2024-10,2024-10-23,Joseph Airdo,Consumer,Central,Office Supplies,376.74
5517,2024-10,2024-10-23,Joseph Airdo,Consumer,Central,Office Supplies,11.96
5518,2024-10,2024-10-23,Joseph Airdo,Consumer,Central,Office Supplies,29.52
5519,2024-10,2024-10-23,Joseph Airdo,Consumer,Central,Office Supplies,26.4
5520,2024-10,2024-10-23,Adam Bellavance,Home Office,East,Office Supplies,3.048
5521,2024-10,2024-10-23,Joseph Airdo,Consumer,Central,Office Supplies,24.1
5522,2024-10,2024-10-23,Adam Bellavance,Home Office,East,Office Supplies,4355.168
5523,2024-10,2024-10-23,Cynthia Voltz,Corporate,West,Office Supplies,21.88
5524,2024-10,2024-10-23,Laurel Beltran,Home Office,West,Office Supplies,12.78
5525,2024-10,2024-10-23,Dean Katz,Corporate,East,Office Supplies,16.688
5526,2024-10,2024-10-23,Adam Bellavance,Home Office,East,Office Supplies,24.56
5527,2024-10,2024-10-23,Adam Bellavance,Home Office,East,Office Supplies,49.12
5528,2024-10,2024-10-23,Dean Katz,Corporate,East,Office Supplies,30.48
5529,2024-10,2024-10-23,Patrick Gardner,Consumer,East,Office Supplies,10.95
5530,2024-10,2024-10-23,Adam Bellavance,Home Office,East,Technology,6.79
5531,2024-10,2024-10-23,Patrick Gardner,Consumer,East,Technology,468.9
5532,2024-10,2024-10-23,Patrick Gardner,Consumer,East,Technology,72.48
5533,2024-10,2024-10-23,Dean Katz,Corporate,East,Technology,23.988
5534,2024-10,2024-10-23,Joseph Airdo,Consumer,Central,Technology,8.78
5535,2024-10,2024-10-24,Becky Martin,Consumer,West,Furniture,215.976
5536,2024-10,2024-10-24,Tom Ashbrook,Home Office,Central,Furniture,84.272
5537,2024-10,2024-10-24,Lena Radford,Consumer,West,Furniture,94.68
5538,2024-10,2024-10-24,Karen Daniels,Consumer,East,Furniture,39.98
5539,2024-10,2024-10-24,Lena Radford,Consumer,West,Furniture,568.728
5540,2024-10,2024-10-24,Joe Elijah,Consumer,South,Furniture,472.518
5541,2024-10,2024-10-24,Joe Elijah,Consumer,South,Office Supplies,309.456
5542,2024-10,2024-10-24,Karen Daniels,Consumer,East,Office Supplies,75.48
5543,2024-10,2024-10-24,Joe Elijah,Consumer,South,Office Supplies,19.456
5544,2024-10,2024-10-24,Lena Radford,Consumer,West,Office Supplies,18.69
5545,2024-10,2024-10-24,Joe Elijah,Consumer,South,Office Supplies,22.911
5546,2024-10,2024-10-24,Ross DeVincentis,Home Office,Central,Office Supplies,8.608
5547,2024-10,2024-10-24,Lena Radford,Consumer,West,Office Supplies,7.312
5548,2024-10,2024-10-24,Joe Elijah,Consumer,South,Office Supplies,17.22
5549,2024-10,2024-10-24,Sonia Sunley,Consumer,Central,Office Supplies,8.26
5550,2024-10,2024-10-24,Becky Martin,Consumer,West,Office Supplies,65.94
5551,2024-10,2024-10-24,Sonia Sunley,Consumer,Central,Office Supplies,1.81
5552,2024-10,2024-10-24,Rob Lucas,Consumer,Central,Office Supplies,29.24
5553,2024-10,2024-10-24,Lena Radford,Consumer,West,Office Supplies,23.67
5554,2024-10,2024-10-24,Rob Lucas,Consumer,Central,Office Supplies,35.168
5555,2024-10,2024-10-24,Sam Zeldin,Home Office,West,Office Supplies,46.53
5556,2024-10,2024-10-24,Ross DeVincentis,Home Office,Central,Technology,159.56
5557,2024-10,2024-10-24,Joe Elijah,Consumer,South,Technology,1012.68
5558,2024-10,2024-10-24,Toby Gnade,Consumer,West,Technology,999.98
5559,2024-10,2024-10-24,Rob Lucas,Consumer,Central,Technology,1362.9
5560,2024-10,2024-10-24,Lena Radford,Consumer,West,Technology,1091.168
5561,2024-10,2024-10-25,Herbert Flentye,Consumer,East,Furniture,344.94
5562,2024-10,2024-10-25,Rob Beeghly,Consumer,Central,Furniture,198.744
5563,2024-10,2024-10-25,Herbert Flentye,Consumer,East,Furniture,14.76
5564,2024-10,2024-10-25,Julie Kriz,Home Office,Central,Furniture,83.952
5565,2024-10,2024-10-25,Craig Yedwab,Corporate,South,Office Supplies,87.28
5566,2024-10,2024-10-25,Paul Knutson,Home Office,East,Office Supplies,1141.47
5567,2024-10,2024-10-25,Herbert Flentye,Consumer,East,Office Supplies,12.76
5568,2024-10,2024-10-25,Carlos Soltero,Consumer,Central,Office Supplies,8.808
5569,2024-10,2024-10-25,Herbert Flentye,Consumer,East,Office Supplies,58.48
5570,2024-10,2024-10-25,Matt Hagelstein,Corporate,East,Office Supplies,30.96
5571,2024-10,2024-10-25,Filia McAdams,Corporate,East,Office Supplies,48.16
5572,2024-10,2024-10-25,Jennifer Jackson,Consumer,Central,Office Supplies,54.5
5573,2024-10,2024-10-25,Paul Knutson,Home Office,East,Technology,280.782
5574,2024-10,2024-10-26,Ionia McGrath,Consumer,West,Furniture,24.27
5575,2024-10,2024-10-26,Anna Andreadi,Consumer,South,Furniture,42.6
5576,2024-10,2024-10-26,Christina VanderZanden,Consumer,East,Furniture,63.94
5577,2024-10,2024-10-26,Delfina Latchford,Consumer,South,Office Supplies,87.168
5578,2024-10,2024-10-26,Ivan Liston,Consumer,Central,Office Supplies,62.376
5579,2024-10,2024-10-26,Ivan Liston,Consumer,Central,Office Supplies,3.912
5580,2024-10,2024-10-26,Delfina Latchford,Consumer,South,Office Supplies,31.744
5581,2024-10,2024-10-26,Anna Andreadi,Consumer,South,Office Supplies,5.28
5582,2024-10,2024-10-26,Anna Andreadi,Consumer,South,Office Supplies,113.94
5583,2024-10,2024-10-26,Christina VanderZanden,Consumer,East,Office Supplies,60.6
5584,2024-10,2024-10-26,Mick Brown,Consumer,Central,Office Supplies,16.56
5585,2024-10,2024-10-26,Jeremy Pistek,Consumer,South,Office Supplies,239.5
5586,2024-10,2024-10-26,Delfina Latchford,Consumer,South,Office Supplies,12.192
5587,2024-10,2024-10-26,Roy Phan,Corporate,Central,Office Supplies,535.41
5588,2024-10,2024-10-26,Anna Andreadi,Consumer,South,Office Supplies,129.92
5589,2024-10,2024-10-26,Christina VanderZanden,Consumer,East,Office Supplies,22.72
5590,2024-10,2024-10-26,Mick Brown,Consumer,Central,Technology,279.95
5591,2024-10,2024-10-26,Ionia McGrath,Consumer,West,Technology,2799.96
5592,2024-10,2024-10-27,Dean Braden,Consumer,East,Furniture,887.271
5593,2024-10,2024-10-27,Dean Braden,Consumer,East,Furniture,71.246
5594,2024-10,2024-10-27,Pete Kriz,Consumer,Central,Furniture,242.94
5595,2024-10,2024-10-27,Anthony Rawles,Corporate,Central,Furniture,347.802
5596,2024-10,2024-10-27,Maribeth Dona,Consumer,East,Furniture,85.246
5597,2024-10,2024-10-27,Pete Kriz,Consumer,Central,Furniture,12.22
5598,2024-10,2024-10-27,Dean Braden,Consumer,East,Furniture,58.248
5599,2024-10,2024-10-27,Elizabeth Moffitt,Corporate,Central,Furniture,21.204
5600,2024-10,2024-10-27,Jonathan Doherty,Corporate,East,Furniture,82.8
5601,2024-10,2024-10-27,Michael Moore,Consumer,South,Furniture,1652.94
5602,2024-10,2024-10-27,Gary Hansen,Home Office,Central,Office Supplies,62.79
5603,2024-10,2024-10-27,Dean Braden,Consumer,East,Office Supplies,7.872
5604,2024-10,2024-10-27,Brad Eason,Home Office,Central,Office Supplies,107.94
5605,2024-10,2024-10-27,Joseph Holt,Consumer,West,Office Supplies,11.68
5606,2024-10,2024-10-27,Darrin Martin,Consumer,South,Office Supplies,86.058
5607,2024-10,2024-10-27,Maribeth Dona,Consumer,East,Office Supplies,8.856
5608,2024-10,2024-10-27,Maribeth Dona,Consumer,East,Office Supplies,8.952
5609,2024-10,2024-10-27,Jasper Cacioppo,Consumer,East,Office Supplies,9.555
5610,2024-10,2024-10-27,Darrin Martin,Consumer,South,Office Supplies,23.472
5611,2024-10,2024-10-27,Joseph Holt,Consumer,West,Office Supplies,4.36
5612,2024-10,2024-10-27,Don Miller,Corporate,Central,Office Supplies,15.808
5613,2024-10,2024-10-27,Gary Hansen,Home Office,Central,Office Supplies,28.44
5614,2024-10,2024-10-27,Pete Kriz,Consumer,Central,Office Supplies,22.05
5615,2024-10,2024-10-27,Michael Moore,Consumer,South,Office Supplies,25.06
5616,2024-10,2024-10-27,Darrin Martin,Consumer,South,Office Supplies,10.272
5617,2024-10,2024-10-27,Mark Van Huff,Consumer,East,Office Supplies,192.16
5618,2024-10,2024-10-27,Don Miller,Corporate,Central,Office Supplies,25.92
5619,2024-10,2024-10-27,Don Miller,Corporate,Central,Office Supplies,10.368
5620,2024-10,2024-10-27,Pete Kriz,Consumer,Central,Office Supplies,91.36
5621,2024-10,2024-10-27,Joseph Holt,Consumer,West,Office Supplies,96.08
5622,2024-10,2024-10-27,Stephanie Ulpright,Home Office,Central,Office Supplies,9.248
5623,2024-10,2024-10-27,Pete Kriz,Consumer,Central,Office Supplies,194.94
5624,2024-10,2024-10-27,Pete Kriz,Consumer,Central,Office Supplies,70.95
5625,2024-10,2024-10-27,Pete Takahito,Consumer,Central,Office Supplies,93.456
5626,2024-10,2024-10-27,Marina Lichtenstein,Corporate,West,Technology,116.0
5627,2024-10,2024-10-27,Darrin Martin,Consumer,South,Technology,108.784
5628,2024-10,2024-10-27,Toby Ritter,Consumer,Central,Technology,278.4
5629,2024-10,2024-10-27,Fred Wasserman,Corporate,East,Technology,43.6
5630,2024-10,2024-10-28,Mary O'Rourke,Consumer,East,Furniture,722.352
5631,2024-10,2024-10-28,Elpida Rittenbach,Corporate,Central,Office Supplies,77.88
5632,2024-10,2024-10-28,Karl Braun,Consumer,South,Office Supplies,3.204
5633,2024-10,2024-10-28,Karl Braun,Consumer,South,Office Supplies,95.952
5634,2024-10,2024-10-28,Yoseph Carroll,Corporate,Central,Office Supplies,41.92
5635,2024-10,2024-10-28,Bruce Geld,Consumer,Central,Office Supplies,10.784
5636,2024-10,2024-10-28,Mary O'Rourke,Consumer,East,Technology,31.86
5637,2024-10,2024-10-28,Yoseph Carroll,Corporate,Central,Technology,329.584
5638,2024-10,2024-10-30,Anne Pryor,Home Office,East,Furniture,173.94
5639,2024-10,2024-10-30,Anna Gayman,Consumer,Central,Furniture,2396.2656
5640,2024-10,2024-10-30,Toby Ritter,Consumer,West,Furniture,43.13
5641,2024-10,2024-10-30,Sanjit Engle,Consumer,Central,Furniture,14.136
5642,2024-10,2024-10-30,Pauline Johnson,Consumer,West,Furniture,146.04
5643,2024-10,2024-10-30,Sanjit Engle,Consumer,Central,Furniture,601.47
5644,2024-10,2024-10-30,Michael Grace,Home Office,East,Office Supplies,207.48
5645,2024-10,2024-10-30,Ken Black,Corporate,Central,Office Supplies,70.368
5646,2024-10,2024-10-30,Liz Preis,Consumer,West,Office Supplies,14.88
5647,2024-10,2024-10-30,Valerie Mitchum,Home Office,West,Office Supplies,67.136
5648,2024-10,2024-10-30,Valerie Mitchum,Home Office,West,Office Supplies,33.024
5649,2024-10,2024-10-30,Anne Pryor,Home Office,East,Office Supplies,14.76
5650,2024-10,2024-10-30,Jill Matthias,Consumer,South,Office Supplies,64.704
5651,2024-10,2024-10-30,Toby Ritter,Consumer,West,Office Supplies,30.87
5652,2024-10,2024-10-30,Liz Preis,Consumer,West,Office Supplies,34.24
5653,2024-10,2024-10-30,Anna Gayman,Consumer,Central,Office Supplies,131.136
5654,2024-10,2024-10-30,Liz Preis,Consumer,West,Office Supplies,261.74
5655,2024-10,2024-10-30,Anna Gayman,Consumer,Central,Office Supplies,35.952
5656,2024-10,2024-10-30,Anna Gayman,Consumer,Central,Technology,57.584
5657,2024-10,2024-10-30,Jill Matthias,Consumer,South,Technology,35.168
5658,2024-10,2024-10-30,Ken Black,Corporate,Central,Technology,59.96
5659,2024-10,2024-10-31,Daniel Byrd,Home Office,Central,Furniture,15.008
5660,2024-10,2024-10-31,Troy Staebel,Consumer,East,Office Supplies,14.624
5661,2024-10,2024-10-31,Annie Thurman,Consumer,West,Office Supplies,55.36
5662,2024-11,2024-11-01,Kean Thornton,Consumer,Central,Furniture,300.93
5663,2024-11,2024-11-01,Catherine Glotzbach,Home Office,South,Office Supplies,67.56
5664,2024-11,2024-11-01,Dianna Vittorini,Consumer,West,Office Supplies,276.784
5665,2024-11,2024-11-01,Bryan Davis,Consumer,West,Office Supplies,14.256
5666,2024-11,2024-11-01,Bryan Davis,Consumer,West,Office Supplies,39.624
5667,2024-11,2024-11-01,Bryan Davis,Consumer,West,Office Supplies,7.38
5668,2024-11,2024-11-01,Bryan Davis,Consumer,West,Office Supplies,81.98
5669,2024-11,2024-11-01,Parhena Norris,Home Office,East,Office Supplies,6.69
5670,2024-11,2024-11-01,Parhena Norris,Home Office,East,Office Supplies,59.48
5671,2024-11,2024-11-01,Kean Thornton,Consumer,Central,Technology,719.96
5672,2024-11,2024-11-01,Steve Chapman,Corporate,South,Technology,519.68
5673,2024-11,2024-11-02,Linda Cazamias,Corporate,West,Office Supplies,2.912
5674,2024-11,2024-11-02,Nick Zandusky,Home Office,East,Office Supplies,22.428
5675,2024-11,2024-11-02,Eugene Barchas,Consumer,West,Office Supplies,39.872
5676,2024-11,2024-11-02,Adam Shillingsburg,Consumer,Central,Office Supplies,1.908
5677,2024-11,2024-11-02,Ryan Crowe,Consumer,Central,Office Supplies,99.568
5678,2024-11,2024-11-02,Jill Fjeld,Consumer,South,Office Supplies,11.09
5679,2024-11,2024-11-02,Adam Shillingsburg,Consumer,Central,Office Supplies,6.0
5680,2024-11,2024-11-02,Giulietta Dortch,Corporate,East,Office Supplies,8.448
5681,2024-11,2024-11-02,Linda Cazamias,Corporate,West,Office Supplies,9.568
5682,2024-11,2024-11-02,Linda Cazamias,Corporate,West,Office Supplies,20.736
5683,2024-11,2024-11-02,Kelly Collister,Consumer,West,Office Supplies,7.61
5684,2024-11,2024-11-02,Nick Zandusky,Home Office,East,Office Supplies,37.52
5685,2024-11,2024-11-02,Eugene Barchas,Consumer,West,Office Supplies,332.94
5686,2024-11,2024-11-02,Kelly Collister,Consumer,West,Technology,3347.37
5687,2024-11,2024-11-02,Jill Fjeld,Consumer,South,Technology,1599.92
5688,2024-11,2024-11-02,Trudy Brown,Consumer,Central,Technology,224.75
5689,2024-11,2024-11-02,Giulietta Dortch,Corporate,East,Technology,728.946
5690,2024-11,2024-11-03,Anthony Johnson,Corporate,South,Furniture,1059.12
5691,2024-11,2024-11-03,Philisse Overcash,Home Office,West,Furniture,83.136
5692,2024-11,2024-11-03,Ben Peterman,Corporate,West,Furniture,466.768
5693,2024-11,2024-11-03,Ben Peterman,Corporate,West,Furniture,15.232
5694,2024-11,2024-11-03,Ben Peterman,Corporate,West,Furniture,15.136
5695,2024-11,2024-11-03,Matt Collister,Corporate,East,Furniture,40.48
5696,2024-11,2024-11-03,Sarah Foster,Consumer,West,Office Supplies,20.704
5697,2024-11,2024-11-03,Sarah Foster,Consumer,West,Office Supplies,10.47
5698,2024-11,2024-11-03,Anthony Johnson,Corporate,South,Office Supplies,11.34
5699,2024-11,2024-11-03,Ben Peterman,Corporate,West,Office Supplies,6.264
5700,2024-11,2024-11-03,Sarah Foster,Consumer,West,Office Supplies,11.07
5701,2024-11,2024-11-03,Steve Chapman,Corporate,Central,Office Supplies,68.52
5702,2024-11,2024-11-03,Anthony Johnson,Corporate,South,Office Supplies,67.9
5703,2024-11,2024-11-03,Anthony Johnson,Corporate,South,Technology,20.7
5704,2024-11,2024-11-03,Philisse Overcash,Home Office,West,Technology,146.952
5705,2024-11,2024-11-04,Alejandro Grove,Consumer,Central,Furniture,1336.44
5706,2024-11,2024-11-04,Alejandro Grove,Consumer,Central,Office Supplies,378.0
5707,2024-11,2024-11-04,Alejandro Grove,Consumer,Central,Office Supplies,14.4
5708,2024-11,2024-11-04,Alejandro Grove,Consumer,Central,Office Supplies,17.64
5709,2024-11,2024-11-04,Alejandro Grove,Consumer,Central,Office Supplies,17.61
5710,2024-11,2024-11-04,Alejandro Grove,Consumer,Central,Office Supplies,40.74
5711,2024-11,2024-11-04,Alejandro Grove,Consumer,Central,Office Supplies,373.08
5712,2024-11,2024-11-04,Alejandro Grove,Consumer,Central,Office Supplies,16.9
5713,2024-11,2024-11-04,Alejandro Grove,Consumer,Central,Technology,149.95
5714,2024-11,2024-11-04,Alejandro Grove,Consumer,Central,Technology,29.97
5715,2024-11,2024-11-05,Clay Ludtke,Consumer,East,Office Supplies,673.568
5716,2024-11,2024-11-05,Parhena Norris,Home Office,South,Office Supplies,25.92
5717,2024-11,2024-11-05,Clay Ludtke,Consumer,East,Technology,437.85
5718,2024-11,2024-11-06,Justin Deggeller,Corporate,West,Furniture,1128.39
5719,2024-11,2024-11-06,Angele Hood,Consumer,West,Office Supplies,35.4
5720,2024-11,2024-11-06,Justin Deggeller,Corporate,West,Office Supplies,20.416
5721,2024-11,2024-11-06,Rob Beeghly,Consumer,West,Office Supplies,48.664
5722,2024-11,2024-11-06,Adam Hart,Corporate,East,Office Supplies,841.568
5723,2024-11,2024-11-06,Rob Beeghly,Consumer,West,Office Supplies,21.4
5724,2024-11,2024-11-06,Dean Braden,Consumer,East,Office Supplies,5.344
5725,2024-11,2024-11-07,Keith Dawkins,Corporate,West,Furniture,273.666
5726,2024-11,2024-11-07,Corey Roper,Home Office,South,Furniture,121.78
5727,2024-11,2024-11-07,Keith Dawkins,Corporate,West,Office Supplies,17.48
5728,2024-11,2024-11-07,Becky Castell,Home Office,West,Office Supplies,12.96
5729,2024-11,2024-11-08,Sanjit Jacobs,Home Office,West,Furniture,113.888
5730,2024-11,2024-11-08,Patrick O'Donnell,Consumer,East,Furniture,14.82
5731,2024-11,2024-11-08,Patrick O'Donnell,Consumer,East,Furniture,191.82
5732,2024-11,2024-11-08,Laura Armstrong,Corporate,East,Furniture,109.48
5733,2024-11,2024-11-08,Brendan Sweed,Corporate,Central,Office Supplies,33.4
5734,2024-11,2024-11-08,Jim Sink,Corporate,West,Office Supplies,20.1
5735,2024-11,2024-11-08,Luke Weiss,Consumer,East,Office Supplies,232.4
5736,2024-11,2024-11-08,Chuck Clark,Home Office,West,Office Supplies,12.32
5737,2024-11,2024-11-08,Jim Sink,Corporate,West,Office Supplies,6.48
5738,2024-11,2024-11-08,Troy Staebel,Consumer,East,Office Supplies,295.4
5739,2024-11,2024-11-08,Cindy Stewart,Consumer,South,Technology,396.0
5740,2024-11,2024-11-08,Laura Armstrong,Corporate,East,Technology,437.85
5741,2024-11,2024-11-08,Sanjit Jacobs,Home Office,West,Technology,105.584
5742,2024-11,2024-11-08,Jim Sink,Corporate,West,Technology,73.584
5743,2024-11,2024-11-09,Jane Waco,Corporate,West,Furniture,801.568
5744,2024-11,2024-11-09,Magdelene Morse,Consumer,East,Furniture,631.782
5745,2024-11,2024-11-09,Anne McFarland,Consumer,South,Furniture,350.98
5746,2024-11,2024-11-09,Seth Vernon,Consumer,East,Furniture,99.372
5747,2024-11,2024-11-09,Jane Waco,Corporate,West,Furniture,885.528
5748,2024-11,2024-11-09,Seth Vernon,Consumer,East,Furniture,5.352
5749,2024-11,2024-11-09,Magdelene Morse,Consumer,East,Furniture,60.72
5750,2024-11,2024-11-09,Nona Balk,Corporate,South,Furniture,383.438
5751,2024-11,2024-11-09,Seth Vernon,Consumer,East,Office Supplies,2.672
5752,2024-11,2024-11-09,Henry MacAllister,Consumer,East,Office Supplies,4.616
5753,2024-11,2024-11-09,Patrick O'Brill,Consumer,South,Office Supplies,3.0
5754,2024-11,2024-11-09,Jane Waco,Corporate,West,Office Supplies,368.91
5755,2024-11,2024-11-09,Anne McFarland,Consumer,South,Office Supplies,13.08
5756,2024-11,2024-11-09,Anne McFarland,Consumer,South,Office Supplies,900.08
5757,2024-11,2024-11-09,Bill Donatelli,Consumer,West,Technology,239.984
5758,2024-11,2024-11-10,Eugene Hildebrand,Home Office,Central,Furniture,701.372
5759,2024-11,2024-11-10,Rick Huthwaite,Home Office,East,Furniture,872.32
5760,2024-11,2024-11-10,Anne Pryor,Home Office,East,Furniture,25.632
5761,2024-11,2024-11-10,Shirley Daniels,Home Office,East,Office Supplies,25.44
5762,2024-11,2024-11-10,Frank Hawley,Corporate,West,Office Supplies,8.928
5763,2024-11,2024-11-10,Chuck Clark,Home Office,West,Office Supplies,11.952
5764,2024-11,2024-11-10,Eugene Hildebrand,Home Office,Central,Office Supplies,2.308
5765,2024-11,2024-11-10,Rick Huthwaite,Home Office,East,Office Supplies,49.53
5766,2024-11,2024-11-10,Scot Wooten,Consumer,West,Office Supplies,159.88
5767,2024-11,2024-11-10,Rick Huthwaite,Home Office,East,Office Supplies,17.04
5768,2024-11,2024-11-10,Clytie Kelty,Consumer,East,Office Supplies,69.52
5769,2024-11,2024-11-10,Rick Huthwaite,Home Office,East,Office Supplies,1606.23
5770,2024-11,2024-11-10,Shirley Daniels,Home Office,East,Office Supplies,27.93
5771,2024-11,2024-11-10,Chuck Clark,Home Office,West,Office Supplies,6.24
5772,2024-11,2024-11-10,Theone Pippenger,Consumer,South,Office Supplies,5.04
5773,2024-11,2024-11-10,Theone Pippenger,Consumer,South,Technology,249.95
5774,2024-11,2024-11-11,Heather Jas,Home Office,West,Furniture,163.88
5775,2024-11,2024-11-11,Filia McAdams,Corporate,South,Furniture,98.392
5776,2024-11,2024-11-11,Filia McAdams,Corporate,South,Furniture,17.088
5777,2024-11,2024-11-11,Helen Abelman,Consumer,East,Office Supplies,393.25
5778,2024-11,2024-11-11,Greg Maxwell,Corporate,West,Office Supplies,11.76
5779,2024-11,2024-11-11,Greg Maxwell,Corporate,West,Office Supplies,48.64
5780,2024-11,2024-11-11,Greg Maxwell,Corporate,West,Office Supplies,271.984
5781,2024-11,2024-11-11,Edward Nazzal,Consumer,Central,Office Supplies,83.7
5782,2024-11,2024-11-11,Greg Maxwell,Corporate,West,Office Supplies,65.79
5783,2024-11,2024-11-11,Greg Maxwell,Corporate,West,Office Supplies,77.52
5784,2024-11,2024-11-11,Alejandro Grove,Consumer,East,Office Supplies,37.68
5785,2024-11,2024-11-13,Suzanne McNair,Corporate,West,Furniture,68.432
5786,2024-11,2024-11-13,Chris Selesnick,Corporate,Central,Furniture,18.96
5787,2024-11,2024-11-13,Ann Steele,Home Office,South,Furniture,13.28
5788,2024-11,2024-11-13,Pierre Wener,Consumer,East,Office Supplies,7.872
5789,2024-11,2024-11-13,Sally Hughsby,Corporate,South,Office Supplies,40.776
5790,2024-11,2024-11-13,Amy Cox,Consumer,South,Office Supplies,7.506
5791,2024-11,2024-11-13,Nora Pelletier,Home Office,East,Office Supplies,63.968
5792,2024-11,2024-11-13,Amy Cox,Consumer,South,Office Supplies,16.56
5793,2024-11,2024-11-13,Robert Dilbeck,Home Office,East,Office Supplies,16.52
5794,2024-11,2024-11-13,Ryan Crowe,Consumer,Central,Office Supplies,35.56
5795,2024-11,2024-11-13,Anna Chung,Consumer,Central,Office Supplies,35.88
5796,2024-11,2024-11-13,Sam Zeldin,Home Office,East,Office Supplies,128.34
5797,2024-11,2024-11-13,Ryan Crowe,Consumer,Central,Technology,97.98
5798,2024-11,2024-11-13,Sally Hughsby,Corporate,South,Technology,63.936
5799,2024-11,2024-11-13,Suzanne McNair,Corporate,West,Furniture,63.968
5800,2024-11,2024-11-14,Russell Applegate,Consumer,South,Furniture,368.97
5801,2024-11,2024-11-14,Dave Poirier,Corporate,West,Furniture,184.752
5802,2024-11,2024-11-14,Kelly Lampkin,Corporate,East,Furniture,532.704
5803,2024-11,2024-11-14,Joni Sundaresam,Home Office,East,Furniture,28.0
5804,2024-11,2024-11-14,Kelly Lampkin,Corporate,East,Office Supplies,4.912
5805,2024-11,2024-11-14,Joni Sundaresam,Home Office,East,Office Supplies,12.201
5806,2024-11,2024-11-14,Clay Rozendal,Home Office,East,Office Supplies,10.528
5807,2024-11,2024-11-14,Dave Poirier,Corporate,West,Office Supplies,13.216
5808,2024-11,2024-11-14,Darrin Van Huff,Corporate,West,Office Supplies,4.08
5809,2024-11,2024-11-14,Darrin Van Huff,Corporate,West,Office Supplies,18.9
5810,2024-11,2024-11-14,Joni Sundaresam,Home Office,East,Office Supplies,11.952
5811,2024-11,2024-11-14,Russell Applegate,Consumer,South,Office Supplies,118.25
5812,2024-11,2024-11-14,Candace McMahon,Corporate,West,Office Supplies,13.68
5813,2024-11,2024-11-15,Edward Hooks,Corporate,West,Furniture,563.24
5814,2024-11,2024-11-15,Pete Kriz,Consumer,East,Furniture,155.372
5815,2024-11,2024-11-15,Edward Becker,Corporate,West,Furniture,63.2
5816,2024-11,2024-11-15,Craig Leslie,Home Office,West,Furniture,21.44
5817,2024-11,2024-11-15,Ruben Dartt,Consumer,Central,Furniture,127.95
5818,2024-11,2024-11-15,Benjamin Patterson,Consumer,Central,Office Supplies,6.38
5819,2024-11,2024-11-15,Michael Kennedy,Corporate,Central,Office Supplies,442.372
5820,2024-11,2024-11-15,Edward Hooks,Corporate,West,Office Supplies,304.9
5821,2024-11,2024-11-15,Laura Armstrong,Corporate,West,Office Supplies,41.7
5822,2024-11,2024-11-15,Benjamin Patterson,Consumer,Central,Office Supplies,6.48
5823,2024-11,2024-11-15,Laura Armstrong,Corporate,West,Office Supplies,41.96
5824,2024-11,2024-11-15,Craig Leslie,Home Office,West,Office Supplies,511.056
5825,2024-11,2024-11-16,Aaron Smayling,Corporate,West,Furniture,477.666
5826,2024-11,2024-11-16,Dan Lawera,Consumer,West,Furniture,483.136
5827,2024-11,2024-11-16,Steve Chapman,Corporate,Central,Furniture,201.96
5828,2024-11,2024-11-16,Steve Chapman,Corporate,Central,Furniture,68.64
5829,2024-11,2024-11-16,Adrian Barton,Consumer,West,Furniture,393.165
5830,2024-11,2024-11-16,Tony Sayre,Consumer,East,Office Supplies,286.256
5831,2024-11,2024-11-16,Steve Chapman,Corporate,Central,Office Supplies,3.04
5832,2024-11,2024-11-16,Dan Lawera,Consumer,West,Office Supplies,5.76
5833,2024-11,2024-11-16,Julia West,Consumer,West,Office Supplies,16.56
5834,2024-11,2024-11-16,Katrina Edelman,Corporate,West,Office Supplies,5.022
5835,2024-11,2024-11-16,Nicole Hansen,Corporate,Central,Office Supplies,15.936
5836,2024-11,2024-11-16,Dan Lawera,Consumer,West,Office Supplies,4.98
5837,2024-11,2024-11-16,Dan Lawera,Consumer,West,Office Supplies,29.6
5838,2024-11,2024-11-16,Dan Lawera,Consumer,West,Office Supplies,10.9
5839,2024-11,2024-11-16,Katrina Edelman,Corporate,West,Office Supplies,60.048
5840,2024-11,2024-11-16,Tony Sayre,Consumer,East,Office Supplies,331.536
5841,2024-11,2024-11-16,Tony Sayre,Consumer,East,Office Supplies,24.224
5842,2024-11,2024-11-16,Steve Chapman,Corporate,Central,Technology,499.95
5843,2024-11,2024-11-16,Dan Lawera,Consumer,West,Technology,479.976
5844,2024-11,2024-11-16,Dan Lawera,Consumer,West,Technology,44.736
5845,2024-11,2024-11-17,Sally Hughsby,Corporate,West,Furniture,424.9575
5846,2024-11,2024-11-17,Lisa Ryan,Corporate,Central,Furniture,454.965
5847,2024-11,2024-11-17,Natalie Fritzler,Consumer,Central,Furniture,747.558
5848,2024-11,2024-11-17,Steve Nguyen,Home Office,West,Office Supplies,236.88
5849,2024-11,2024-11-17,Lisa Ryan,Corporate,Central,Office Supplies,93.032
5850,2024-11,2024-11-17,Chuck Magee,Consumer,West,Office Supplies,35.4
5851,2024-11,2024-11-17,Shahid Collister,Consumer,Central,Office Supplies,15.624
5852,2024-11,2024-11-17,Matt Hagelstein,Corporate,Central,Office Supplies,6.816
5853,2024-11,2024-11-17,Natalie Fritzler,Consumer,Central,Office Supplies,8.928
5854,2024-11,2024-11-17,Chuck Magee,Consumer,West,Office Supplies,7.83
5855,2024-11,2024-11-17,Chuck Magee,Consumer,West,Office Supplies,29.9
5856,2024-11,2024-11-17,Charles Sheldon,Corporate,Central,Office Supplies,9.99
5857,2024-11,2024-11-17,Steve Nguyen,Home Office,West,Office Supplies,29.9
5858,2024-11,2024-11-17,Dorothy Wardle,Corporate,West,Office Supplies,12.96
5859,2024-11,2024-11-17,Chuck Magee,Consumer,West,Office Supplies,51.45
5860,2024-11,2024-11-17,Tanja Norvell,Home Office,South,Technology,431.976
5861,2024-11,2024-11-17,Steve Nguyen,Home Office,West,Technology,100.0
5862,2024-11,2024-11-17,Jennifer Sheldon,Corporate,East,Office Supplies,9.99
5863,2024-11,2024-11-18,Harry Marie,Corporate,Central,Furniture,956.6648
5864,2024-11,2024-11-18,James Galang,Consumer,South,Office Supplies,13.89
5865,2024-11,2024-11-18,Brian Moss,Corporate,East,Office Supplies,2.907
5866,2024-11,2024-11-18,James Galang,Consumer,South,Office Supplies,17.94
5867,2024-11,2024-11-18,Shaun Weien,Consumer,West,Technology,1001.584
5868,2024-11,2024-11-19,Muhammed MacIntyre,Corporate,Central,Office Supplies,99.136
5869,2024-11,2024-11-20,Chad Cunningham,Home Office,Central,Office Supplies,40.88
5870,2024-11,2024-11-20,Joe Kamberova,Consumer,South,Office Supplies,25.92
5871,2024-11,2024-11-20,Dario Medina,Corporate,West,Office Supplies,10.496
5872,2024-11,2024-11-20,Joe Kamberova,Consumer,South,Office Supplies,62.94
5873,2024-11,2024-11-20,Andy Reiter,Consumer,West,Office Supplies,27.24
5874,2024-11,2024-11-20,Linda Southworth,Corporate,East,Office Supplies,15.936
5875,2024-11,2024-11-20,Pamela Stobb,Consumer,West,Office Supplies,18.97
5876,2024-11,2024-11-20,Joe Kamberova,Consumer,South,Technology,209.97
5877,2024-11,2024-11-20,Maris LaWare,Consumer,West,Technology,36.24
5878,2024-11,2024-11-20,Erin Smith,Corporate,West,Technology,859.2
5879,2024-11,2024-11-21,Greg Matthias,Consumer,East,Furniture,523.92
5880,2024-11,2024-11-21,Sarah Jordon,Consumer,Central,Office Supplies,1.964
5881,2024-11,2024-11-22,Brian DeCherney,Consumer,West,Furniture,194.848
5882,2024-11,2024-11-22,Chris Cortes,Consumer,Central,Furniture,41.85
5883,2024-11,2024-11-22,Greg Matthias,Consumer,East,Furniture,330.588
5884,2024-11,2024-11-22,Jamie Kunitz,Consumer,South,Office Supplies,30.976
5885,2024-11,2024-11-22,Jamie Kunitz,Consumer,South,Office Supplies,5.388
5886,2024-11,2024-11-22,Hunter Glantz,Consumer,Central,Office Supplies,28.352
5887,2024-11,2024-11-22,Hunter Glantz,Consumer,Central,Technology,79.512
5888,2024-11,2024-11-22,Chris Cortes,Consumer,Central,Technology,69.9
5889,2024-11,2024-11-23,Tim Taslimi,Corporate,East,Office Supplies,61.44
5890,2024-11,2024-11-23,Tamara Chand,Corporate,Central,Office Supplies,33.96
5891,2024-11,2024-11-23,Liz Preis,Consumer,West,Office Supplies,54.792
5892,2024-11,2024-11-23,Tamara Chand,Corporate,Central,Office Supplies,34.37
5893,2024-11,2024-11-23,Tamara Chand,Corporate,Central,Office Supplies,735.98
5894,2024-11,2024-11-23,Tamara Chand,Corporate,Central,Office Supplies,32.48
5895,2024-11,2024-11-23,Tamara Chand,Corporate,Central,Technology,17499.95
5896,2024-11,2024-11-24,Emily Burns,Consumer,East,Furniture,599.292
5897,2024-11,2024-11-24,Daniel Byrd,Home Office,West,Furniture,915.136
5898,2024-11,2024-11-24,Tracy Poddar,Corporate,Central,Furniture,38.08
5899,2024-11,2024-11-24,Hunter Lopez,Consumer,Central,Office Supplies,15.648
5900,2024-11,2024-11-24,Daniel Byrd,Home Office,West,Office Supplies,6.16
5901,2024-11,2024-11-24,Daniel Byrd,Home Office,West,Office Supplies,97.82
5902,2024-11,2024-11-24,Daniel Byrd,Home Office,West,Office Supplies,8.56
5903,2024-11,2024-11-25,Anna Häberlin,Corporate,South,Furniture,11.568
5904,2024-11,2024-11-25,Melanie Seite,Consumer,East,Furniture,239.372
5905,2024-11,2024-11-25,Daniel Raglin,Home Office,East,Office Supplies,30.4
5906,2024-11,2024-11-25,Mary O'Rourke,Consumer,Central,Office Supplies,59.752
5907,2024-11,2024-11-25,Daniel Raglin,Home Office,East,Office Supplies,119.1
5908,2024-11,2024-11-25,Daniel Raglin,Home Office,East,Technology,5399.91
5909,2024-11,2024-11-25,Anna Häberlin,Corporate,South,Technology,52.68
5910,2024-11,2024-11-27,Laurel Beltran,Home Office,West,Office Supplies,11.976
5911,2024-11,2024-11-27,Laurel Beltran,Home Office,West,Office Supplies,17.904
5912,2024-11,2024-11-27,Jonathan Howell,Consumer,Central,Office Supplies,28.85
5913,2024-11,2024-11-27,Laurel Beltran,Home Office,West,Technology,67.96
5914,2024-11,2024-11-27,Laurel Beltran,Home Office,West,Technology,703.71
5915,2024-11,2024-11-28,Tim Brockman,Consumer,West,Office Supplies,27.264
5916,2024-11,2024-11-28,Mick Crebagga,Consumer,West,Office Supplies,93.36
5917,2024-11,2024-11-28,Arthur Wiediger,Home Office,East,Office Supplies,4.928
5918,2024-11,2024-11-28,Cindy Chapman,Consumer,West,Office Supplies,10.56
5919,2024-11,2024-11-28,Dionis Lloyd,Corporate,West,Technology,837.6
5920,2024-11,2024-11-29,Bart Watters,Corporate,Central,Furniture,51.712
5921,2024-11,2024-11-29,Peter McVee,Home Office,Central,Office Supplies,60.144
5922,2024-11,2024-11-29,Joel Eaton,Consumer,West,Office Supplies,61.96
5923,2024-11,2024-11-29,Doug Bickford,Consumer,South,Office Supplies,387.72
5924,2024-11,2024-11-30,Maria Zettner,Home Office,West,Furniture,169.568
5925,2024-11,2024-11-30,Sibella Parks,Corporate,East,Furniture,332.832
5926,2024-11,2024-11-30,Maria Zettner,Home Office,West,Office Supplies,1.408
5927,2024-11,2024-11-30,Sibella Parks,Corporate,East,Office Supplies,19.136
5928,2024-11,2024-11-30,Michael Paige,Corporate,East,Technology,23.976
5929,2024-12,2024-12-01,Corey Catlett,Corporate,West,Furniture,90.882
5930,2024-12,2024-12-01,Corey Catlett,Corporate,West,Furniture,120.784
5931,2024-12,2024-12-01,William Brown,Consumer,Central,Furniture,14.0
5932,2024-12,2024-12-01,William Brown,Consumer,Central,Office Supplies,16.392
5933,2024-12,2024-12-01,Erica Bern,Corporate,South,Office Supplies,4.095
5934,2024-12,2024-12-01,Erica Bern,Corporate,South,Office Supplies,20.608
5935,2024-12,2024-12-01,Corey Catlett,Corporate,West,Technology,15.992
5936,2024-12,2024-12-01,William Brown,Consumer,Central,Furniture,15.992
5937,2024-12,2024-12-01,William Brown,Consumer,Central,Office Supplies,120.784
5938,2024-12,2024-12-02,Emily Phan,Consumer,Central,Office Supplies,27.72
5939,2024-12,2024-12-02,Emily Phan,Consumer,Central,Office Supplies,5.344
5940,2024-12,2024-12-04,Noah Childs,Corporate,West,Furniture,24.96
5941,2024-12,2024-12-04,Lena Creighton,Consumer,West,Furniture,43.12
5942,2024-12,2024-12-04,Helen Andreada,Consumer,Central,Furniture,139.92
5943,2024-12,2024-12-04,Bart Watters,Corporate,East,Furniture,82.26
5944,2024-12,2024-12-04,Noah Childs,Corporate,West,Furniture,727.45
5945,2024-12,2024-12-04,Lena Creighton,Consumer,West,Office Supplies,11.52
5946,2024-12,2024-12-04,Bart Watters,Corporate,East,Office Supplies,34.7
5947,2024-12,2024-12-04,Helen Andreada,Consumer,Central,Office Supplies,15.872
5948,2024-12,2024-12-04,Helen Andreada,Consumer,Central,Office Supplies,6.286
5949,2024-12,2024-12-04,Lena Creighton,Consumer,West,Office Supplies,76.176
5950,2024-12,2024-12-04,Lena Creighton,Consumer,West,Office Supplies,4.02
5951,2024-12,2024-12-04,Bart Watters,Corporate,East,Office Supplies,24.9
5952,2024-12,2024-12-04,Helen Andreada,Consumer,Central,Office Supplies,8.288
5953,2024-12,2024-12-04,Bart Watters,Corporate,East,Office Supplies,37.94
5954,2024-12,2024-12-04,Lena Creighton,Consumer,West,Office Supplies,35.44
5955,2024-12,2024-12-04,Lena Creighton,Consumer,West,Office Supplies,20.04
5956,2024-12,2024-12-04,Bart Watters,Corporate,East,Office Supplies,99.87
5957,2024-12,2024-12-04,Lena Creighton,Consumer,West,Office Supplies,65.88
5958,2024-12,2024-12-04,Helen Andreada,Consumer,Central,Technology,191.976
5959,2024-12,2024-12-05,Nathan Cano,Consumer,South,Furniture,102.592
5960,2024-12,2024-12-05,Nathan Cano,Consumer,South,Office Supplies,35.008
5961,2024-12,2024-12-05,Pauline Webber,Corporate,East,Office Supplies,111.96
5962,2024-12,2024-12-05,Nathan Cano,Consumer,South,Office Supplies,93.024
5963,2024-12,2024-12-05,Nathan Cano,Consumer,South,Office Supplies,39.152
5964,2024-12,2024-12-05,Nathan Cano,Consumer,South,Office Supplies,12.768
5965,2024-12,2024-12-05,Christine Phan,Corporate,West,Technology,177.0
5966,2024-12,2024-12-05,Nathan Cano,Consumer,South,Technology,22.704
5967,2024-12,2024-12-05,Bobby Elias,Consumer,Central,Technology,1649.75
5968,2024-12,2024-12-05,Pauline Webber,Corporate,East,Technology,1091.93
5969,2024-12,2024-12-06,Quincy Jones,Corporate,South,Office Supplies,43.26
5970,2024-12,2024-12-06,Cynthia Delaney,Home Office,Central,Office Supplies,868.59
5971,2024-12,2024-12-06,Cynthia Delaney,Home Office,Central,Office Supplies,121.6
5972,2024-12,2024-12-06,Patrick Bzostek,Home Office,West,Office Supplies,41.72
5973,2024-12,2024-12-06,Quincy Jones,Corporate,South,Office Supplies,232.96
5974,2024-12,2024-12-06,Quincy Jones,Corporate,South,Office Supplies,66.54
5975,2024-12,2024-12-06,Cynthia Delaney,Home Office,Central,Office Supplies,29.46
5976,2024-12,2024-12-06,Cynthia Delaney,Home Office,Central,Office Supplies,20.16
5977,2024-12,2024-12-06,Patrick Bzostek,Home Office,West,Office Supplies,45.68
5978,2024-12,2024-12-06,Patrick Bzostek,Home Office,West,Office Supplies,71.6
5979,2024-12,2024-12-06,Patrick Bzostek,Home Office,West,Office Supplies,60.12
5980,2024-12,2024-12-06,Cynthia Delaney,Home Office,Central,Office Supplies,12.96
5981,2024-12,2024-12-06,Cynthia Delaney,Home Office,Central,Technology,5.5
5982,2024-12,2024-12-07,Nona Balk,Corporate,East,Furniture,142.182
5983,2024-12,2024-12-08,Nick Radford,Consumer,East,Furniture,120.98
5984,2024-12,2024-12-08,Michael Granlund,Home Office,West,Furniture,120.666
5985,2024-12,2024-12-08,Frank Carlisle,Home Office,Central,Office Supplies,1927.59
5986,2024-12,2024-12-08,Neil Knudson,Home Office,West,Office Supplies,18.16
5987,2024-12,2024-12-08,Nick Radford,Consumer,East,Office Supplies,315.98
5988,2024-12,2024-12-08,Frank Carlisle,Home Office,Central,Technology,449.97
5989,2024-12,2024-12-09,Emily Phan,Consumer,West,Furniture,307.92
5990,2024-12,2024-12-10,Eugene Hildebrand,Home Office,West,Technology,6.48
5991,2024-12,2024-12-11,Muhammed Yedwab,Corporate,West,Furniture,387.136
5992,2024-12,2024-12-11,Chuck Magee,Consumer,Central,Furniture,56.686
5993,2024-12,2024-12-11,Lindsay Castell,Home Office,South,Furniture,61.1
5994,2024-12,2024-12-11,Luke Foster,Consumer,East,Office Supplies,7.152
5995,2024-12,2024-12-11,Andrew Gjertsen,Corporate,West,Office Supplies,19.296
5996,2024-12,2024-12-11,Chuck Magee,Consumer,Central,Office Supplies,25.248
5997,2024-12,2024-12-11,Chuck Magee,Consumer,Central,Office Supplies,51.016
5998,2024-12,2024-12-11,Joy Smith,Consumer,Central,Office Supplies,20.86
5999,2024-12,2024-12-11,Joy Smith,Consumer,Central,Technology,125.7
6000,2024-12,2024-12-11,Joy Smith,Consumer,Central,Technology,191.98
6001,2024-12,2024-12-12,Michael Kennedy,Corporate,East,Furniture,1043.92
6002,2024-12,2024-12-12,Carlos Soltero,Consumer,West,Furniture,242.136
6003,2024-12,2024-12-12,Anne Pryor,Home Office,South,Furniture,45.568
6004,2024-12,2024-12-12,Carlos Soltero,Consumer,West,Furniture,19.96
6005,2024-12,2024-12-12,Victoria Wilson,Corporate,East,Furniture,661.176
6006,2024-12,2024-12-12,Carlos Soltero,Consumer,West,Office Supplies,12.39
6007,2024-12,2024-12-12,Dennis Pardue,Home Office,West,Office Supplies,113.22
6008,2024-12,2024-12-12,Dennis Pardue,Home Office,West,Office Supplies,4535.976
6009,2024-12,2024-12-12,Michael Kennedy,Corporate,East,Office Supplies,23.2
6010,2024-12,2024-12-12,Muhammed Yedwab,Corporate,East,Office Supplies,7.92
6011,2024-12,2024-12-12,Anne Pryor,Home Office,South,Office Supplies,28.752
6012,2024-12,2024-12-12,Dennis Pardue,Home Office,West,Office Supplies,35.88
6013,2024-12,2024-12-12,Neoma Murray,Consumer,West,Office Supplies,22.92
6014,2024-12,2024-12-12,Michael Kennedy,Corporate,East,Office Supplies,104.79
6015,2024-12,2024-12-12,Carlos Soltero,Consumer,West,Office Supplies,340.92
6016,2024-12,2024-12-12,Joel Eaton,Consumer,West,Office Supplies,154.44
6017,2024-12,2024-12-12,Giulietta Weimer,Consumer,South,Office Supplies,111.672
6018,2024-12,2024-12-12,Michael Kennedy,Corporate,East,Office Supplies,7.36
6019,2024-12,2024-12-12,Jill Fjeld,Consumer,Central,Technology,106.08
6020,2024-12,2024-12-12,Charles McCrossin,Consumer,East,Technology,98.16
6021,2024-12,2024-12-12,Susan Vittorini,Consumer,East,Technology,235.152
6022,2024-12,2024-12-13,Peter McVee,Home Office,Central,Furniture,31.4
6023,2024-12,2024-12-13,MaryBeth Skach,Consumer,West,Furniture,101.94
6024,2024-12,2024-12-13,Eric Barreto,Consumer,South,Furniture,39.92
6025,2024-12,2024-12-13,MaryBeth Skach,Consumer,West,Office Supplies,8.34
6026,2024-12,2024-12-13,MaryBeth Skach,Consumer,West,Office Supplies,6.68
6027,2024-12,2024-12-14,Heather Kirkland,Corporate,Central,Furniture,16.156
6028,2024-12,2024-12-14,Alejandro Ballentine,Home Office,West,Office Supplies,17.05
6029,2024-12,2024-12-14,Steven Roelle,Home Office,East,Office Supplies,379.4
6030,2024-12,2024-12-14,Heather Kirkland,Corporate,Central,Office Supplies,54.816
6031,2024-12,2024-12-15,Jennifer Patt,Corporate,Central,Office Supplies,15.552
6032,2024-12,2024-12-15,Emily Ducich,Home Office,West,Technology,450.0
6033,2024-12,2024-12-15,Sonia Sunley,Consumer,West,Technology,199.99
6034,2024-12,2024-12-15,Victoria Wilson,Corporate,West,Technology,359.98
6035,2024-12,2024-12-15,Victoria Wilson,Corporate,West,Technology,100.0
6036,2024-12,2024-12-15,Catherine Glotzbach,Home Office,South,Technology,239.976
6037,2024-12,2024-12-16,Jill Stevenson,Corporate,South,Technology,783.96
6038,2024-12,2024-12-18,Ben Wallace,Consumer,East,Furniture,427.644
6039,2024-12,2024-12-18,Ben Wallace,Consumer,South,Furniture,290.98
6040,2024-12,2024-12-18,Jeremy Ellison,Consumer,East,Furniture,40.2
6041,2024-12,2024-12-18,Bart Pistole,Corporate,West,Office Supplies,43.92
6042,2024-12,2024-12-18,Bart Pistole,Corporate,West,Office Supplies,25.032
6043,2024-12,2024-12-18,Ben Wallace,Consumer,East,Office Supplies,9.728
6044,2024-12,2024-12-18,Pete Armstrong,Home Office,West,Office Supplies,67.136
6045,2024-12,2024-12-18,Ben Wallace,Consumer,East,Office Supplies,40.67
6046,2024-12,2024-12-18,Ben Wallace,Consumer,East,Office Supplies,33.48
6047,2024-12,2024-12-19,Patrick Gardner,Consumer,South,Furniture,47.952
6048,2024-12,2024-12-19,Jonathan Doherty,Corporate,East,Furniture,77.6
6049,2024-12,2024-12-19,Patrick Gardner,Consumer,South,Furniture,63.968
6050,2024-12,2024-12-19,Patrick Gardner,Consumer,South,Furniture,165.048
6051,2024-12,2024-12-19,Victoria Brennan,Corporate,East,Furniture,756.8
6052,2024-12,2024-12-19,Denise Leinenbach,Consumer,East,Office Supplies,12.42
6053,2024-12,2024-12-19,Emily Phan,Consumer,South,Office Supplies,38.19
6054,2024-12,2024-12-19,Alejandro Savely,Corporate,West,Office Supplies,49.536
6055,2024-12,2024-12-19,Jonathan Doherty,Corporate,East,Office Supplies,14.28
6056,2024-12,2024-12-19,Patrick Gardner,Consumer,South,Office Supplies,37.425
6057,2024-12,2024-12-19,Suzanne McNair,Corporate,South,Office Supplies,17.616
6058,2024-12,2024-12-19,Jonathan Doherty,Corporate,East,Office Supplies,32.4
6059,2024-12,2024-12-19,Jonathan Doherty,Corporate,East,Office Supplies,56.91
6060,2024-12,2024-12-19,Alejandro Savely,Corporate,West,Office Supplies,50.96
6061,2024-12,2024-12-19,Jonathan Howell,Consumer,West,Office Supplies,93.06
6062,2024-12,2024-12-19,Jonathan Doherty,Corporate,East,Office Supplies,1082.48
6063,2024-12,2024-12-19,Jonathan Howell,Consumer,West,Technology,302.376
6064,2024-12,2024-12-20,Katrina Willman,Consumer,Central,Furniture,67.0
6065,2024-12,2024-12-20,Jim Mitchum,Corporate,East,Office Supplies,11.67
6066,2024-12,2024-12-20,Logan Haushalter,Consumer,West,Office Supplies,11.744
6067,2024-12,2024-12-20,Jim Mitchum,Corporate,East,Office Supplies,40.74
6068,2024-12,2024-12-21,Jason Fortune-,Consumer,Central,Office Supplies,11.68
6069,2024-12,2024-12-21,Edward Hooks,Corporate,East,Office Supplies,114.95
6070,2024-12,2024-12-21,Edward Hooks,Corporate,East,Office Supplies,28.752
6071,2024-12,2024-12-21,Susan Pistek,Consumer,West,Office Supplies,3.62
6072,2024-12,2024-12-22,Bill Donatelli,Consumer,East,Furniture,492.835
6073,2024-12,2024-12-22,Sylvia Foulston,Corporate,West,Furniture,1403.92
6074,2024-12,2024-12-22,Helen Wasserman,Corporate,Central,Furniture,368.97
6075,2024-12,2024-12-22,Helen Wasserman,Corporate,Central,Office Supplies,12.39
6076,2024-12,2024-12-22,Frank Olsen,Consumer,South,Office Supplies,32.064
6077,2024-12,2024-12-22,Helen Wasserman,Corporate,Central,Office Supplies,332.94
6078,2024-12,2024-12-22,Jonathan Doherty,Corporate,West,Office Supplies,1085.42
6079,2024-12,2024-12-22,Helen Wasserman,Corporate,Central,Office Supplies,21.96
6080,2024-12,2024-12-23,Katherine Murray,Home Office,South,Office Supplies,251.79
6081,2024-12,2024-12-23,Cindy Schnelling,Corporate,Central,Office Supplies,111.672
6082,2024-12,2024-12-23,Xylona Preis,Consumer,Central,Technology,68.112
6083,2024-12,2024-12-23,Katherine Murray,Home Office,South,Technology,21.8
6084,2024-12,2024-12-25,Phillip Flathmann,Consumer,West,Furniture,217.584
6085,2024-12,2024-12-25,Julie Prescott,Home Office,East,Furniture,470.155
6086,2024-12,2024-12-25,Arthur Prichep,Consumer,South,Furniture,24.1
6087,2024-12,2024-12-25,Arthur Prichep,Consumer,South,Furniture,842.94
6088,2024-12,2024-12-25,Xylona Preis,Consumer,West,Office Supplies,43.32
6089,2024-12,2024-12-25,Phillip Flathmann,Consumer,West,Office Supplies,1101.48
6090,2024-12,2024-12-25,Clay Ludtke,Consumer,Central,Office Supplies,75.96
6091,2024-12,2024-12-25,Arthur Prichep,Consumer,South,Office Supplies,7.98
6092,2024-12,2024-12-25,Sarah Foster,Consumer,West,Office Supplies,8.82
6093,2024-12,2024-12-25,Arthur Prichep,Consumer,South,Office Supplies,8.75
6094,2024-12,2024-12-25,Xylona Preis,Consumer,West,Office Supplies,9.296
6095,2024-12,2024-12-25,Natalie Webber,Consumer,West,Office Supplies,4.158
6096,2024-12,2024-12-25,Clay Ludtke,Consumer,Central,Office Supplies,27.24
6097,2024-12,2024-12-25,Xylona Preis,Consumer,West,Office Supplies,43.584
6098,2024-12,2024-12-25,Xylona Preis,Consumer,West,Office Supplies,15.26
6099,2024-12,2024-12-25,Arthur Prichep,Consumer,South,Office Supplies,20.0
6100,2024-12,2024-12-25,Phillip Flathmann,Consumer,West,Office Supplies,87.71
6101,2024-12,2024-12-25,Xylona Preis,Consumer,West,Office Supplies,19.44
6102,2024-12,2024-12-25,Xylona Preis,Consumer,West,Office Supplies,116.28
6103,2024-12,2024-12-25,Patrick Jones,Corporate,Central,Office Supplies,9.248
6104,2024-12,2024-12-25,Xylona Preis,Consumer,West,Office Supplies,314.55
6105,2024-12,2024-12-25,Phillip Flathmann,Consumer,West,Technology,82.95
6106,2024-12,2024-12-25,Julie Prescott,Home Office,East,Technology,72.0
6107,2024-12,2024-12-25,Natalie Webber,Consumer,West,Technology,179.991
6108,2024-12,2024-12-26,Tracy Poddar,Corporate,West,Furniture,650.352
6109,2024-12,2024-12-26,Tracy Poddar,Corporate,West,Furniture,104.784
6110,2024-12,2024-12-26,Sally Matthias,Consumer,Central,Furniture,66.112
6111,2024-12,2024-12-26,Maureen Fritzler,Corporate,South,Furniture,50.496
6112,2024-12,2024-12-26,Sally Matthias,Consumer,Central,Furniture,11.376
6113,2024-12,2024-12-26,Alejandro Savely,Corporate,West,Furniture,209.88
6114,2024-12,2024-12-26,Lisa Hazard,Consumer,West,Furniture,38.29
6115,2024-12,2024-12-26,Elpida Rittenbach,Corporate,South,Furniture,876.3
6116,2024-12,2024-12-26,Thomas Thornton,Consumer,West,Office Supplies,192.8
6117,2024-12,2024-12-26,Carl Weiss,Home Office,West,Office Supplies,4.176
6118,2024-12,2024-12-26,Carl Weiss,Home Office,West,Office Supplies,7.712
6119,2024-12,2024-12-26,Roy Collins,Consumer,South,Office Supplies,10.74
6120,2024-12,2024-12-26,Tracy Poddar,Corporate,West,Office Supplies,629.184
6121,2024-12,2024-12-26,Tracy Poddar,Corporate,West,Office Supplies,15.176
6122,2024-12,2024-12-26,Carl Weiss,Home Office,West,Office Supplies,38.88
6123,2024-12,2024-12-26,Tracy Poddar,Corporate,West,Office Supplies,47.952
6124,2024-12,2024-12-26,Elpida Rittenbach,Corporate,South,Office Supplies,45.248
6125,2024-12,2024-12-26,Tracy Poddar,Corporate,West,Office Supplies,17.584
6126,2024-12,2024-12-26,Elpida Rittenbach,Corporate,South,Office Supplies,185.376
6127,2024-12,2024-12-26,Cindy Chapman,Consumer,West,Technology,686.4
6128,2024-12,2024-12-27,Emily Phan,Consumer,Central,Furniture,956.6648
6129,2024-12,2024-12-27,Logan Haushalter,Consumer,West,Furniture,113.888
6130,2024-12,2024-12-27,Liz Willingham,Consumer,South,Furniture,756.8
6131,2024-12,2024-12-27,Liz Willingham,Consumer,South,Furniture,273.96
6132,2024-12,2024-12-27,Emily Phan,Consumer,Central,Furniture,863.128
6133,2024-12,2024-12-27,Michelle Arnett,Home Office,Central,Office Supplies,39.68
6134,2024-12,2024-12-27,Emily Phan,Consumer,Central,Office Supplies,12.588
6135,2024-12,2024-12-27,Michelle Arnett,Home Office,Central,Office Supplies,104.9
6136,2024-12,2024-12-27,Joseph Holt,Consumer,West,Office Supplies,53.248
6137,2024-12,2024-12-27,Christopher Schild,Home Office,West,Office Supplies,29.12
6138,2024-12,2024-12-27,Emily Phan,Consumer,Central,Office Supplies,3.564
6139,2024-12,2024-12-27,Logan Haushalter,Consumer,West,Office Supplies,158.13
6140,2024-12,2024-12-27,Michelle Arnett,Home Office,Central,Office Supplies,51.75
6141,2024-12,2024-12-27,Evan Bailliet,Consumer,Central,Office Supplies,11.84
6142,2024-12,2024-12-27,Liz Willingham,Consumer,South,Technology,89.97
6143,2024-12,2024-12-27,Logan Haushalter,Consumer,West,Technology,72.0
6144,2024-12,2024-12-27,Emily Phan,Consumer,Central,Technology,171.96
6145,2024-12,2024-12-27,Nora Preis,Consumer,West,Technology,479.72
6146,2024-12,2024-12-27,Alejandro Savely,Corporate,East,Technology,23.988
6147,2024-12,2024-12-28,Kelly Lampkin,Corporate,South,Furniture,207.984
6148,2024-12,2024-12-28,Lindsay Shagiari,Home Office,West,Furniture,81.424
6149,2024-12,2024-12-28,Lindsay Shagiari,Home Office,West,Furniture,238.56
6150,2024-12,2024-12-28,Kelly Lampkin,Corporate,South,Furniture,35.568
6151,2024-12,2024-12-28,Kelly Lampkin,Corporate,South,Office Supplies,36.112
6152,2024-12,2024-12-28,Kelly Lampkin,Corporate,South,Office Supplies,88.768
6153,2024-12,2024-12-28,Irene Maddox,Consumer,West,Office Supplies,84.84
6154,2024-12,2024-12-29,Michelle Arnett,Home Office,West,Furniture,1603.136
6155,2024-12,2024-12-29,Michael Chen,Consumer,Central,Furniture,44.46
6156,2024-12,2024-12-29,Claudia Bergmann,Corporate,West,Furniture,14.82
6157,2024-12,2024-12-29,Eudokia Martin,Corporate,West,Office Supplies,37.44
6158,2024-12,2024-12-29,Lisa DeCherney,Consumer,West,Office Supplies,57.584
6159,2024-12,2024-12-29,Eudokia Martin,Corporate,West,Office Supplies,26.976
6160,2024-12,2024-12-29,Max Jones,Consumer,West,Office Supplies,27.68
6161,2024-12,2024-12-29,Luke Weiss,Consumer,East,Office Supplies,276.784
6162,2024-12,2024-12-29,Cindy Chapman,Consumer,East,Office Supplies,14.96
6163,2024-12,2024-12-29,Eudokia Martin,Corporate,West,Office Supplies,14.62
6164,2024-12,2024-12-29,Penelope Sewall,Home Office,West,Office Supplies,12.9
6165,2024-12,2024-12-29,Luke Weiss,Consumer,East,Office Supplies,12.96
6166,2024-12,2024-12-29,Michael Chen,Consumer,Central,Office Supplies,314.088
6167,2024-12,2024-12-29,Luke Weiss,Consumer,East,Office Supplies,116.82
6168,2024-12,2024-12-29,Eudokia Martin,Corporate,West,Office Supplies,11.36
6169,2024-12,2024-12-29,Denise Monton,Corporate,East,Technology,119.976
6170,2024-12,2024-12-29,Marina Lichtenstein,Corporate,West,Technology,479.97
6171,2024-12,2024-12-29,Luke Weiss,Consumer,East,Technology,263.96
6172,2024-12,2024-12-29,Luke Weiss,Consumer,East,Technology,359.97
6173,2024-12,2024-12-30,Claire Gute,Consumer,South,Furniture,261.96
6174,2024-12,2024-12-30,Claire Gute,Consumer,South,Furniture,731.94
6175,2024-12,2024-12-31,Philip Fox,Consumer,West,Technology,479.97
6176,2025-01,2025-01-01,Aaron Bergman,Consumer,Central,Furniture,341.96
6177,2025-01,2025-01-01,Paul Prost,Home Office,East,Furniture,148.288
6178,2025-01,2025-01-01,Arianne Irving,Consumer,West,Furniture,467.46
6179,2025-01,2025-01-01,Kalyca Meade,Corporate,Central,Furniture,37.3
6180,2025-01,2025-01-01,Ben Ferrer,Home Office,West,Furniture,9.98
6181,2025-01,2025-01-01,Arianne Irving,Consumer,West,Office Supplies,129.92
6182,2025-01,2025-01-01,Paul Prost,Home Office,East,Office Supplies,334.88
6183,2025-01,2025-01-01,Arianne Irving,Consumer,West,Office Supplies,14.7
6184,2025-01,2025-01-01,Debra Catini,Consumer,South,Office Supplies,41.86
6185,2025-01,2025-01-01,Sally Hughsby,Corporate,East,Office Supplies,20.368
6186,2025-01,2025-01-01,Kalyca Meade,Corporate,Central,Office Supplies,81.96
6187,2025-01,2025-01-01,Paul Prost,Home Office,East,Office Supplies,69.888
6188,2025-01,2025-01-01,Scott Williamson,Consumer,East,Office Supplies,3.64
6189,2025-01,2025-01-01,Pamela Coakley,Corporate,West,Office Supplies,70.008
6190,2025-01,2025-01-01,Sally Hughsby,Corporate,East,Office Supplies,49.848
6191,2025-01,2025-01-01,Arianne Irving,Consumer,West,Office Supplies,5.184
6192,2025-01,2025-01-01,Chuck Clark,Home Office,West,Office Supplies,13.216
6193,2025-01,2025-01-01,Paul Prost,Home Office,East,Office Supplies,9.216
6194,2025-01,2025-01-01,Paul Prost,Home Office,East,Office Supplies,4.624
6195,2025-01,2025-01-01,Arianne Irving,Consumer,West,Office Supplies,61.4
6196,2025-01,2025-01-01,Paul Prost,Home Office,East,Office Supplies,22.248
6197,2025-01,2025-01-01,Arianne Irving,Consumer,West,Office Supplies,67.71
6198,2025-01,2025-01-01,Seth Vernon,Consumer,East,Office Supplies,31.104
6199,2025-01,2025-01-01,Chuck Clark,Home Office,West,Office Supplies,32.4
6200,2025-01,2025-01-01,Paul Prost,Home Office,East,Office Supplies,89.568
6201,2025-01,2025-01-01,Rose O'Brian,Consumer,West,Office Supplies,29.74
6202,2025-01,2025-01-01,Arianne Irving,Consumer,West,Office Supplies,720.76
6203,2025-01,2025-01-01,Art Foster,Consumer,East,Office Supplies,38.976
6204,2025-01,2025-01-01,Pamela Coakley,Corporate,West,Office Supplies,155.82
6205,2025-01,2025-01-01,Art Foster,Consumer,East,Office Supplies,14.72
6206,2025-01,2025-01-01,Paul Prost,Home Office,East,Technology,178.92
6207,2025-01,2025-01-01,Maxwell Schwartz,Consumer,Central,Technology,279.944
6208,2025-01,2025-01-01,Paul Prost,Home Office,East,Technology,41.958
6209,2025-01,2025-01-01,Aaron Bergman,Consumer,Central,Technology,221.98
6210,2025-01,2025-01-01,Scott Williamson,Consumer,East,Technology,881.93
6211,2025-01,2025-01-02,Edward Becker,Corporate,East,Furniture,245.646
6212,2025-01,2025-01-02,Brenda Bowman,Corporate,Central,Furniture,47.992
6213,2025-01,2025-01-02,Liz Pelletier,Consumer,West,Furniture,451.152
6214,2025-01,2025-01-02,Berenike Kampe,Consumer,West,Furniture,6.96
6215,2025-01,2025-01-02,Liz Pelletier,Consumer,West,Furniture,41.96
6216,2025-01,2025-01-02,Alejandro Savely,Corporate,Central,Furniture,2678.94
6217,2025-01,2025-01-02,Laurel Beltran,Home Office,South,Office Supplies,671.544
6218,2025-01,2025-01-02,Edward Becker,Corporate,East,Office Supplies,92.94
6219,2025-01,2025-01-02,Sung Chung,Consumer,Central,Office Supplies,14.112
6220,2025-01,2025-01-02,Edward Becker,Corporate,East,Office Supplies,55.008
6221,2025-01,2025-01-02,Liz Pelletier,Consumer,West,Office Supplies,31.504
6222,2025-01,2025-01-02,Laurel Beltran,Home Office,South,Office Supplies,9.888
6223,2025-01,2025-01-02,Edward Becker,Corporate,East,Office Supplies,35.232
6224,2025-01,2025-01-02,Bryan Davis,Consumer,East,Office Supplies,83.36
6225,2025-01,2025-01-02,Edward Becker,Corporate,East,Office Supplies,28.14
6226,2025-01,2025-01-02,Edward Becker,Corporate,East,Technology,36.0
6227,2025-01,2025-01-02,Brenda Bowman,Corporate,Central,Technology,95.968
6228,2025-01,2025-01-02,Bryan Davis,Consumer,East,Technology,59.97
6229,2025-01,2025-01-02,Lisa DeCherney,Consumer,Central,Technology,257.98
6230,2025-01,2025-01-03,Susan Pistek,Consumer,East,Furniture,1537.074
6231,2025-01,2025-01-03,Susan Pistek,Consumer,East,Furniture,449.372
6232,2025-01,2025-01-03,Susan Pistek,Consumer,East,Furniture,1474.802
6233,2025-01,2025-01-03,Stephanie Phelps,Corporate,Central,Furniture,22.752
6234,2025-01,2025-01-03,Dianna Wilson,Home Office,West,Furniture,674.352
6235,2025-01,2025-01-03,Susan Pistek,Consumer,East,Office Supplies,110.096
6236,2025-01,2025-01-03,Frank Hawley,Corporate,Central,Office Supplies,37.68
6237,2025-01,2025-01-03,Frank Hawley,Corporate,Central,Office Supplies,20.58
6238,2025-01,2025-01-03,Frank Hawley,Corporate,Central,Office Supplies,17.38
6239,2025-01,2025-01-03,Maurice Satty,Consumer,West,Office Supplies,6.27
6240,2025-01,2025-01-03,Maurice Satty,Consumer,West,Office Supplies,4.368
6241,2025-01,2025-01-03,Frank Hawley,Corporate,Central,Office Supplies,287.52
6242,2025-01,2025-01-03,Susan Pistek,Consumer,East,Office Supplies,16.752
6243,2025-01,2025-01-03,Frank Hawley,Corporate,Central,Office Supplies,19.98
6244,2025-01,2025-01-03,Maurice Satty,Consumer,West,Technology,31.984
6245,2025-01,2025-01-03,Dianna Wilson,Home Office,West,Technology,203.976
6246,2025-01,2025-01-04,Tom Stivers,Corporate,Central,Furniture,30.36
6247,2025-01,2025-01-04,Adrian Shami,Home Office,West,Furniture,4.18
6248,2025-01,2025-01-04,Philisse Overcash,Home Office,West,Furniture,19.54
6249,2025-01,2025-01-04,Frank Merwin,Home Office,West,Office Supplies,44.02
6250,2025-01,2025-01-04,Cyma Kinney,Corporate,East,Office Supplies,140.75
6251,2025-01,2025-01-04,Laurel Beltran,Home Office,Central,Office Supplies,3.136
6252,2025-01,2025-01-04,Corinna Mitchell,Home Office,East,Office Supplies,14.94
6253,2025-01,2025-01-04,Chuck Clark,Home Office,East,Office Supplies,217.056
6254,2025-01,2025-01-04,Cyma Kinney,Corporate,East,Office Supplies,24.88
6255,2025-01,2025-01-04,Cyma Kinney,Corporate,East,Office Supplies,77.55
6256,2025-01,2025-01-04,Cyma Kinney,Corporate,East,Office Supplies,36.63
6257,2025-01,2025-01-04,Cindy Stewart,Consumer,South,Office Supplies,52.136
6258,2025-01,2025-01-04,Corinna Mitchell,Home Office,East,Technology,2279.96
6259,2025-01,2025-01-05,Eugene Barchas,Consumer,East,Furniture,380.058
6260,2025-01,2025-01-05,Maria Bertelson,Consumer,East,Furniture,408.006
6261,2025-01,2025-01-05,Justin MacKendrick,Consumer,East,Furniture,19.92
6262,2025-01,2025-01-05,Eugene Barchas,Consumer,East,Furniture,48.576
6263,2025-01,2025-01-05,Darren Powers,Consumer,East,Office Supplies,23.65
6264,2025-01,2025-01-05,Tim Brockman,Consumer,West,Office Supplies,9.84
6265,2025-01,2025-01-05,Kelly Collister,Consumer,Central,Office Supplies,2.296
6266,2025-01,2025-01-05,Allen Armold,Consumer,South,Office Supplies,8.26
6267,2025-01,2025-01-05,Ralph Ritter,Consumer,West,Office Supplies,7.38
6268,2025-01,2025-01-05,Justin MacKendrick,Consumer,East,Office Supplies,16.45
6269,2025-01,2025-01-05,Allen Armold,Consumer,South,Office Supplies,5.28
6270,2025-01,2025-01-05,Maria Bertelson,Consumer,East,Office Supplies,40.44
6271,2025-01,2025-01-05,Allen Armold,Consumer,South,Technology,499.98
6272,2025-01,2025-01-05,Eugene Barchas,Consumer,East,Technology,1199.976
6273,2025-01,2025-01-05,Ryan Crowe,Consumer,East,Technology,89.97
6274,2025-01,2025-01-05,Darren Powers,Consumer,East,Technology,13.98
6275,2025-01,2025-01-06,Odella Nelson,Corporate,South,Furniture,630.024
6276,2025-01,2025-01-06,Toby Gnade,Consumer,West,Office Supplies,38.136
6277,2025-01,2025-01-06,Toby Gnade,Consumer,West,Office Supplies,1016.792
6278,2025-01,2025-01-06,Stewart Carmichael,Corporate,West,Technology,99.39
6279,2025-01,2025-01-06,Anna Häberlin,Corporate,West,Technology,361.376
6280,2025-01,2025-01-07,Ionia McGrath,Consumer,West,Office Supplies,8.32
6281,2025-01,2025-01-07,Ruben Dartt,Consumer,West,Office Supplies,28.4
6282,2025-01,2025-01-08,Maribeth Schnelling,Consumer,West,Office Supplies,10.776
6283,2025-01,2025-01-08,Barry Gonzalez,Consumer,Central,Office Supplies,15.232
6284,2025-01,2025-01-08,Heather Jas,Home Office,West,Office Supplies,49.5
6285,2025-01,2025-01-08,Barry Gonzalez,Consumer,Central,Technology,67.176
6286,2025-01,2025-01-09,Ashley Jarboe,Consumer,Central,Furniture,301.96
6287,2025-01,2025-01-09,Steve Nguyen,Home Office,Central,Furniture,255.108
6288,2025-01,2025-01-09,Tracy Collins,Home Office,West,Office Supplies,67.84
6289,2025-01,2025-01-09,Sean Braxton,Corporate,East,Office Supplies,103.968
6290,2025-01,2025-01-09,Steve Nguyen,Home Office,Central,Office Supplies,6.368
6291,2025-01,2025-01-09,Bobby Elias,Consumer,West,Office Supplies,61.12
6292,2025-01,2025-01-09,Steve Nguyen,Home Office,Central,Office Supplies,48.848
6293,2025-01,2025-01-09,Steve Nguyen,Home Office,Central,Office Supplies,19.648
6294,2025-01,2025-01-09,Arthur Wiediger,Home Office,Central,Office Supplies,1117.92
6295,2025-01,2025-01-09,Patrick Gardner,Consumer,West,Technology,595.0
6296,2025-01,2025-01-09,Karen Carlisle,Corporate,South,Technology,1319.96
6297,2025-01,2025-01-09,Tracy Collins,Home Office,West,Technology,61.192
6298,2025-01,2025-01-10,Eric Hoffmann,Consumer,Central,Furniture,2.328
6299,2025-01,2025-01-10,Janet Molinari,Corporate,West,Furniture,31.96
6300,2025-01,2025-01-10,Natalie DeCherney,Consumer,East,Office Supplies,8.74
6301,2025-01,2025-01-10,Tim Taslimi,Corporate,Central,Office Supplies,54.96
6302,2025-01,2025-01-10,Liz Thompson,Consumer,South,Office Supplies,18.48
6303,2025-01,2025-01-10,Nora Pelletier,Home Office,East,Office Supplies,17.28
6304,2025-01,2025-01-10,Nora Pelletier,Home Office,East,Office Supplies,17.712
6305,2025-01,2025-01-10,Eric Hoffmann,Consumer,Central,Office Supplies,1.192
6306,2025-01,2025-01-10,Doug Jacobs,Consumer,East,Office Supplies,14.352
6307,2025-01,2025-01-10,Eric Hoffmann,Consumer,Central,Office Supplies,10.78
6308,2025-01,2025-01-10,Eric Hoffmann,Consumer,Central,Office Supplies,40.968
6309,2025-01,2025-01-10,Eric Hoffmann,Consumer,Central,Office Supplies,58.368
6310,2025-01,2025-01-10,Natalie DeCherney,Consumer,East,Office Supplies,44.75
6311,2025-01,2025-01-10,Eric Hoffmann,Consumer,Central,Office Supplies,10.368
6312,2025-01,2025-01-10,Eric Hoffmann,Consumer,Central,Office Supplies,100.704
6313,2025-01,2025-01-10,Doug Jacobs,Consumer,East,Office Supplies,64.96
6314,2025-01,2025-01-10,Doug Jacobs,Consumer,East,Office Supplies,68.6
6315,2025-01,2025-01-10,Eric Hoffmann,Consumer,Central,Technology,71.96
6316,2025-01,2025-01-11,Frank Atkinson,Corporate,South,Furniture,289.568
6317,2025-01,2025-01-11,Nick Zandusky,Home Office,East,Furniture,86.97
6318,2025-01,2025-01-11,David Wiener,Corporate,Central,Furniture,318.43
6319,2025-01,2025-01-11,David Wiener,Corporate,Central,Furniture,7.068
6320,2025-01,2025-01-11,Matt Connell,Corporate,West,Office Supplies,39.0
6321,2025-01,2025-01-11,Barbara Fisher,Corporate,Central,Office Supplies,4.91
6322,2025-01,2025-01-11,Allen Goldenen,Consumer,East,Office Supplies,14.427
6323,2025-01,2025-01-11,Shirley Jackson,Consumer,East,Office Supplies,128.4
6324,2025-01,2025-01-11,Allen Goldenen,Consumer,East,Office Supplies,2.628
6325,2025-01,2025-01-11,Nick Zandusky,Home Office,East,Office Supplies,19.096
6326,2025-01,2025-01-11,Nora Paige,Consumer,Central,Office Supplies,14.62
6327,2025-01,2025-01-11,Nick Zandusky,Home Office,East,Office Supplies,18.496
6328,2025-01,2025-01-11,Barbara Fisher,Corporate,Central,Office Supplies,314.55
6329,2025-01,2025-01-11,Allen Goldenen,Consumer,East,Office Supplies,15.696
6330,2025-01,2025-01-11,Barbara Fisher,Corporate,Central,Office Supplies,9.08
6331,2025-01,2025-01-11,Frank Atkinson,Corporate,South,Office Supplies,39.72
6332,2025-01,2025-01-11,Nick Zandusky,Home Office,East,Technology,255.984
6333,2025-01,2025-01-11,Brendan Murry,Corporate,West,Technology,27.88
6334,2025-01,2025-01-11,David Wiener,Corporate,Central,Technology,122.92
6335,2025-01,2025-01-11,Frank Atkinson,Corporate,South,Technology,244.768
6336,2025-01,2025-01-11,Nora Paige,Consumer,Central,Technology,944.93
6337,2025-01,2025-01-11,Erica Hackney,Consumer,Central,Technology,151.192
6338,2025-01,2025-01-12,Julie Kriz,Home Office,East,Furniture,113.568
6339,2025-01,2025-01-12,Chloris Kastensmidt,Consumer,East,Furniture,127.554
6340,2025-01,2025-01-12,Justin Hirsh,Consumer,West,Furniture,195.136
6341,2025-01,2025-01-12,Chloris Kastensmidt,Consumer,East,Furniture,77.952
6342,2025-01,2025-01-12,Mike Vittorini,Consumer,East,Office Supplies,12.96
6343,2025-01,2025-01-12,Roger Demir,Consumer,Central,Office Supplies,38.432
6344,2025-01,2025-01-12,Denise Monton,Corporate,Central,Office Supplies,40.46
6345,2025-01,2025-01-12,Tiffany House,Corporate,West,Office Supplies,32.4
6346,2025-01,2025-01-12,Roger Demir,Consumer,Central,Office Supplies,21.568
6347,2025-01,2025-01-12,Roger Demir,Consumer,Central,Technology,81.576
6348,2025-01,2025-01-12,Chloris Kastensmidt,Consumer,East,Technology,30.345
6349,2025-01,2025-01-12,Denise Monton,Corporate,Central,Technology,404.94
6350,2025-01,2025-01-13,Todd Boyes,Corporate,East,Furniture,39.88
6351,2025-01,2025-01-13,Todd Boyes,Corporate,East,Office Supplies,20.82
6352,2025-01,2025-01-13,Jeremy Ellison,Consumer,Central,Office Supplies,23.616
6353,2025-01,2025-01-13,Todd Boyes,Corporate,East,Office Supplies,12.192
6354,2025-01,2025-01-13,Cathy Armstrong,Home Office,East,Office Supplies,134.272
6355,2025-01,2025-01-13,Rob Dowd,Consumer,Central,Office Supplies,49.44
6356,2025-01,2025-01-13,Jeremy Ellison,Consumer,Central,Office Supplies,4.488
6357,2025-01,2025-01-13,Jeremy Ellison,Consumer,Central,Office Supplies,6.216
6358,2025-01,2025-01-13,Jeremy Ellison,Consumer,Central,Office Supplies,2.088
6359,2025-01,2025-01-13,Jeremy Ellison,Consumer,Central,Technology,24.032
6360,2025-01,2025-01-14,Luke Schmidt,Corporate,East,Furniture,14.368
6361,2025-01,2025-01-14,Luke Schmidt,Corporate,East,Furniture,70.448
6362,2025-01,2025-01-14,Luke Schmidt,Corporate,East,Office Supplies,15.8
6363,2025-01,2025-01-15,Sample Company A,Home Office,South,Furniture,339.92
6364,2025-01,2025-01-15,Sung Pak,Corporate,West,Furniture,1684.752
6365,2025-01,2025-01-15,Alyssa Tate,Home Office,West,Furniture,9.94
6366,2025-01,2025-01-15,Laura Armstrong,Corporate,East,Furniture,207.76
6367,2025-01,2025-01-15,Steve Carroll,Home Office,West,Furniture,82.26
6368,2025-01,2025-01-15,Sample Company A,Home Office,South,Office Supplies,42.384
6369,2025-01,2025-01-15,Neola Schneider,Consumer,Central,Office Supplies,14.04
6370,2025-01,2025-01-15,Nat Carroll,Consumer,East,Office Supplies,17.216
6371,2025-01,2025-01-15,Amy Cox,Consumer,West,Office Supplies,1219.96
6372,2025-01,2025-01-15,Cathy Armstrong,Home Office,East,Office Supplies,40.752
6373,2025-01,2025-01-15,Matthew Grinstein,Home Office,East,Office Supplies,4.416
6374,2025-01,2025-01-15,Neola Schneider,Consumer,Central,Office Supplies,4.344
6375,2025-01,2025-01-15,Neola Schneider,Consumer,Central,Office Supplies,74.352
6376,2025-01,2025-01-15,Carol Darley,Consumer,West,Office Supplies,24.784
6377,2025-01,2025-01-15,Sample Company A,Home Office,South,Office Supplies,10.528
6378,2025-01,2025-01-15,Nat Carroll,Consumer,East,Office Supplies,6.48
6379,2025-01,2025-01-15,Nat Carroll,Consumer,East,Office Supplies,11.56
6380,2025-01,2025-01-15,Neola Schneider,Consumer,Central,Office Supplies,41.92
6381,2025-01,2025-01-15,Clay Rozendal,Home Office,West,Office Supplies,25.35
6382,2025-01,2025-01-15,Sung Pak,Corporate,West,Technology,559.92
6383,2025-01,2025-01-15,Neola Schneider,Consumer,Central,Technology,297.576
6384,2025-01,2025-01-15,Nat Carroll,Consumer,East,Technology,88.4
6385,2025-01,2025-01-15,Neola Schneider,Consumer,Central,Technology,94.992
6386,2025-01,2025-01-15,Sung Pak,Corporate,West,Technology,659.9
6387,2025-01,2025-01-15,Cathy Armstrong,Home Office,East,Technology,139.96
6388,2025-01,2025-01-15,Alyssa Tate,Home Office,West,Technology,33.52
6389,2025-01,2025-01-15,George Ashbrook,Consumer,Central,Technology,657.552
6390,2025-01,2025-01-16,Mark Hamilton,Consumer,West,Furniture,194.352
6391,2025-01,2025-01-16,Brenda Bowman,Corporate,Central,Furniture,1568.61
6392,2025-01,2025-01-16,Cindy Stewart,Consumer,East,Office Supplies,456.588
6393,2025-01,2025-01-16,Brenda Bowman,Corporate,Central,Office Supplies,17.3
6394,2025-01,2025-01-16,Heather Jas,Home Office,South,Office Supplies,5.08
6395,2025-01,2025-01-16,Barry Pond,Corporate,East,Office Supplies,563.4
6396,2025-01,2025-01-16,Jay Kimmel,Consumer,South,Office Supplies,73.36
6397,2025-01,2025-01-16,Cindy Stewart,Consumer,East,Technology,59.976
6398,2025-01,2025-01-16,Brenda Bowman,Corporate,Central,Technology,160.0
6399,2025-01,2025-01-16,Cindy Stewart,Consumer,East,Technology,4499.985
6400,2025-01,2025-01-16,Barry Pond,Corporate,East,Technology,319.92
6401,2025-01,2025-01-16,Emily Phan,Consumer,South,Technology,59.98
6402,2025-01,2025-01-17,Maribeth Schnelling,Consumer,West,Furniture,3406.664
6403,2025-01,2025-01-17,Maribeth Schnelling,Consumer,West,Furniture,595.38
6404,2025-01,2025-01-17,Dean Katz,Corporate,East,Furniture,313.176
6405,2025-01,2025-01-17,Maribeth Schnelling,Consumer,West,Office Supplies,64.96
6406,2025-01,2025-01-17,George Ashbrook,Consumer,Central,Office Supplies,17.856
6407,2025-01,2025-01-17,Maribeth Schnelling,Consumer,West,Office Supplies,37.17
6408,2025-01,2025-01-17,Pete Armstrong,Home Office,South,Office Supplies,3.744
6409,2025-01,2025-01-17,Mark Cousins,Corporate,South,Office Supplies,91.68
6410,2025-01,2025-01-17,Tamara Chand,Corporate,West,Office Supplies,7.312
6411,2025-01,2025-01-17,Eric Hoffmann,Consumer,East,Office Supplies,78.759
6412,2025-01,2025-01-17,Mark Cousins,Corporate,South,Office Supplies,33.75
6413,2025-01,2025-01-17,Mark Cousins,Corporate,South,Office Supplies,70.98
6414,2025-01,2025-01-17,Cynthia Delaney,Home Office,East,Office Supplies,13.36
6415,2025-01,2025-01-17,Cynthia Delaney,Home Office,East,Technology,59.97
6416,2025-01,2025-01-17,Mark Cousins,Corporate,South,Technology,3040.0
6417,2025-01,2025-01-17,Carol Triggs,Consumer,East,Technology,494.982
6418,2025-01,2025-01-18,Pamela Coakley,Corporate,East,Furniture,31.56
6419,2025-01,2025-01-18,Herbert Flentye,Consumer,South,Furniture,331.023
6420,2025-01,2025-01-18,Victoria Brennan,Corporate,Central,Office Supplies,167.292
6421,2025-01,2025-01-18,Cassandra Brandow,Consumer,East,Office Supplies,34.65
6422,2025-01,2025-01-18,Rob Williams,Corporate,Central,Office Supplies,152.0
6423,2025-01,2025-01-18,Cassandra Brandow,Consumer,East,Office Supplies,79.95
6424,2025-01,2025-01-18,Cassandra Brandow,Consumer,East,Office Supplies,204.95
6425,2025-01,2025-01-18,Cassandra Brandow,Consumer,East,Office Supplies,25.92
6426,2025-01,2025-01-18,Chris McAfee,Consumer,West,Office Supplies,39.808
6427,2025-01,2025-01-18,Greg Guthrie,Corporate,Central,Office Supplies,97.984
6428,2025-01,2025-01-18,Greg Guthrie,Corporate,Central,Technology,62.4
6429,2025-01,2025-01-18,Rob Williams,Corporate,Central,Technology,34.95
6430,2025-01,2025-01-18,Herbert Flentye,Consumer,South,Technology,116.76
6431,2025-01,2025-01-18,Craig Carreira,Consumer,West,Technology,271.992
6432,2025-01,2025-01-19,David Smith,Corporate,East,Furniture,347.802
6433,2025-01,2025-01-19,Randy Ferguson,Corporate,South,Furniture,182.67
6434,2025-01,2025-01-19,Sally Knutson,Consumer,East,Office Supplies,7.16
6435,2025-01,2025-01-19,Anthony Jacobs,Corporate,South,Office Supplies,7.434
6436,2025-01,2025-01-19,David Smith,Corporate,East,Office Supplies,6.888
6437,2025-01,2025-01-19,David Smith,Corporate,East,Office Supplies,12.672
6438,2025-01,2025-01-19,David Smith,Corporate,East,Office Supplies,32.544
6439,2025-01,2025-01-19,Randy Ferguson,Corporate,South,Office Supplies,1263.3
6440,2025-01,2025-01-19,Randy Ferguson,Corporate,South,Office Supplies,1126.02
6441,2025-01,2025-01-19,Randy Ferguson,Corporate,South,Technology,101.7
6442,2025-01,2025-01-19,David Smith,Corporate,East,Technology,340.182
6443,2025-01,2025-01-20,Daniel Raglin,Home Office,Central,Furniture,242.176
6444,2025-01,2025-01-20,Nick Crebassa,Corporate,Central,Technology,58.416
6445,2025-01,2025-01-21,Bruce Stewart,Consumer,Central,Furniture,389.97
6446,2025-01,2025-01-21,Bruce Stewart,Consumer,Central,Office Supplies,33.36
6447,2025-01,2025-01-21,Bruce Stewart,Consumer,Central,Office Supplies,13.76
6448,2025-01,2025-01-21,Bruce Stewart,Consumer,Central,Office Supplies,496.86
6449,2025-01,2025-01-21,Dean Braden,Consumer,South,Technology,36.192
6450,2025-01,2025-01-22,Joel Eaton,Consumer,East,Furniture,172.5
6451,2025-01,2025-01-22,John Murray,Consumer,Central,Furniture,248.43
6452,2025-01,2025-01-22,John Murray,Consumer,Central,Furniture,85.246
6453,2025-01,2025-01-22,Shirley Jackson,Consumer,East,Furniture,751.92
6454,2025-01,2025-01-22,Laurel Beltran,Home Office,West,Furniture,31.96
6455,2025-01,2025-01-22,Rick Duston,Consumer,Central,Furniture,17.31
6456,2025-01,2025-01-22,Eva Jacobs,Consumer,East,Furniture,111.15
6457,2025-01,2025-01-22,Carl Ludwig,Consumer,West,Furniture,16.74
6458,2025-01,2025-01-22,Eva Jacobs,Consumer,East,Furniture,366.009
6459,2025-01,2025-01-22,Eva Jacobs,Consumer,East,Office Supplies,901.95
6460,2025-01,2025-01-22,Jonathan Doherty,Corporate,South,Office Supplies,2104.55
6461,2025-01,2025-01-22,John Murray,Consumer,Central,Office Supplies,11.648
6462,2025-01,2025-01-22,Allen Goldenen,Consumer,South,Office Supplies,4.704
6463,2025-01,2025-01-22,Fred Hopkins,Corporate,West,Office Supplies,23.04
6464,2025-01,2025-01-22,Shirley Jackson,Consumer,East,Office Supplies,88.08
6465,2025-01,2025-01-22,Laurel Beltran,Home Office,West,Office Supplies,22.92
6466,2025-01,2025-01-22,Laurel Beltran,Home Office,West,Office Supplies,47.9
6467,2025-01,2025-01-22,Gary Zandusky,Consumer,Central,Office Supplies,23.92
6468,2025-01,2025-01-22,Laurel Beltran,Home Office,West,Office Supplies,1112.94
6469,2025-01,2025-01-22,Jonathan Doherty,Corporate,South,Office Supplies,40.7
6470,2025-01,2025-01-22,Eva Jacobs,Consumer,East,Technology,137.94
6471,2025-01,2025-01-22,Mike Vittorini,Consumer,South,Technology,863.928
6472,2025-01,2025-01-22,Joel Eaton,Consumer,East,Technology,179.97
6473,2025-01,2025-01-23,Muhammed Yedwab,Corporate,Central,Furniture,781.864
6474,2025-01,2025-01-23,Keith Dawkins,Corporate,West,Furniture,14.52
6475,2025-01,2025-01-23,Deborah Brumfield,Home Office,East,Furniture,72.42
6476,2025-01,2025-01-23,Keith Dawkins,Corporate,West,Office Supplies,59.7
6477,2025-01,2025-01-23,Keith Dawkins,Corporate,West,Office Supplies,104.184
6478,2025-01,2025-01-23,Pauline Webber,Corporate,Central,Office Supplies,115.84
6479,2025-01,2025-01-23,Keith Dawkins,Corporate,West,Office Supplies,24.704
6480,2025-01,2025-01-23,Jamie Frazer,Consumer,East,Office Supplies,35.232
6481,2025-01,2025-01-23,Jamie Frazer,Consumer,East,Office Supplies,415.176
6482,2025-01,2025-01-23,Jamie Frazer,Consumer,East,Office Supplies,54.96
6483,2025-01,2025-01-23,Mike Kennedy,Consumer,West,Office Supplies,25.92
6484,2025-01,2025-01-23,Mike Kennedy,Consumer,West,Office Supplies,40.46
6485,2025-01,2025-01-23,Muhammed Yedwab,Corporate,Central,Office Supplies,30.816
6486,2025-01,2025-01-23,Deborah Brumfield,Home Office,East,Office Supplies,2079.4
6487,2025-01,2025-01-23,Mike Kennedy,Consumer,West,Office Supplies,33.87
6488,2025-01,2025-01-23,Alan Schoenberger,Corporate,West,Technology,165.6
6489,2025-01,2025-01-23,Deborah Brumfield,Home Office,East,Technology,629.95
6490,2025-01,2025-01-23,Neil Cohen,Home Office,East,Furniture,58.36
6491,2025-01,2025-01-23,Michael Knudson,Corporate,East,Furniture,39.96
6492,2025-01,2025-01-23,Michael Knudson,Corporate,East,Office Supplies,16.464
6493,2025-01,2025-01-24,Roger Demir,Consumer,West,Furniture,205.666
6494,2025-01,2025-01-24,Emily Grady,Consumer,East,Furniture,542.646
6495,2025-01,2025-01-24,Michael Moore,Consumer,Central,Furniture,29.98
6496,2025-01,2025-01-24,Neoma Murray,Consumer,West,Furniture,111.9
6497,2025-01,2025-01-24,Emily Grady,Consumer,East,Furniture,400.032
6498,2025-01,2025-01-24,Roger Demir,Consumer,West,Furniture,268.704
6499,2025-01,2025-01-24,Michael Moore,Consumer,Central,Furniture,581.96
6500,2025-01,2025-01-24,Caroline Jumper,Consumer,East,Office Supplies,394.816
6501,2025-01,2025-01-24,Roger Demir,Consumer,West,Office Supplies,21.92
6502,2025-01,2025-01-24,Caroline Jumper,Consumer,East,Office Supplies,18.192
6503,2025-01,2025-01-24,Emily Grady,Consumer,East,Office Supplies,6.3
6504,2025-01,2025-01-24,Emily Grady,Consumer,East,Office Supplies,182.72
6505,2025-01,2025-01-24,Roger Demir,Consumer,West,Office Supplies,48.72
6506,2025-01,2025-01-24,Gary McGarr,Consumer,West,Office Supplies,772.68
6507,2025-01,2025-01-24,Emily Grady,Consumer,East,Office Supplies,33.63
6508,2025-01,2025-01-24,Neoma Murray,Consumer,West,Technology,1649.95
6509,2025-01,2025-01-25,Becky Martin,Consumer,East,Furniture,113.79
6510,2025-01,2025-01-25,Liz MacKendrick,Consumer,East,Office Supplies,15.528
6511,2025-01,2025-01-25,Becky Martin,Consumer,East,Office Supplies,1.728
6512,2025-01,2025-01-25,Kean Takahito,Consumer,West,Office Supplies,104.85
6513,2025-01,2025-01-25,Becky Martin,Consumer,East,Office Supplies,40.56
6514,2025-01,2025-01-25,Becky Martin,Consumer,East,Office Supplies,193.86
6515,2025-01,2025-01-25,Becky Martin,Consumer,East,Office Supplies,182.94
6516,2025-01,2025-01-25,Ellis Ballard,Corporate,East,Office Supplies,212.88
6517,2025-01,2025-01-25,Becky Martin,Consumer,East,Technology,78.15
6518,2025-01,2025-01-25,Tracy Zic,Consumer,West,Furniture,25.08
6519,2025-01,2025-01-25,Tracy Zic,Consumer,West,Office Supplies,16.9
6520,2025-01,2025-01-26,Aleksandra Gannaway,Corporate,East,Furniture,81.94
6521,2025-01,2025-01-26,Justin Ellison,Corporate,Central,Furniture,1951.84
6522,2025-01,2025-01-26,Harold Engle,Corporate,East,Furniture,13.4
6523,2025-01,2025-01-26,James Galang,Consumer,South,Furniture,191.82
6524,2025-01,2025-01-26,Tony Chapman,Home Office,East,Office Supplies,33.92
6525,2025-01,2025-01-26,Mike Pelletier,Home Office,Central,Office Supplies,3.536
6526,2025-01,2025-01-26,Justin Ellison,Corporate,Central,Office Supplies,171.55
6527,2025-01,2025-01-26,Irene Maddox,Consumer,West,Office Supplies,407.976
6528,2025-01,2025-01-26,Harold Engle,Corporate,East,Office Supplies,109.69
6529,2025-01,2025-01-26,Randy Ferguson,Corporate,Central,Office Supplies,11.952
6530,2025-01,2025-01-26,Harold Engle,Corporate,East,Office Supplies,4.98
6531,2025-01,2025-01-26,Theone Pippenger,Consumer,South,Office Supplies,584.82
6532,2025-01,2025-01-26,James Galang,Consumer,East,Office Supplies,465.18
6533,2025-01,2025-01-26,Justin Ellison,Corporate,Central,Technology,384.45
6534,2025-01,2025-01-26,Theone Pippenger,Consumer,South,Technology,699.98
6535,2025-01,2025-01-26,Justin Ellison,Corporate,Central,Technology,149.97
6536,2025-01,2025-01-27,Anne Pryor,Home Office,West,Office Supplies,18.69
6537,2025-01,2025-01-27,Greg Tran,Consumer,West,Office Supplies,47.208
6538,2025-01,2025-01-27,Greg Tran,Consumer,West,Office Supplies,59.808
6539,2025-01,2025-01-27,Dave Poirier,Corporate,East,Office Supplies,222.352
6540,2025-01,2025-01-27,Anne Pryor,Home Office,West,Office Supplies,437.472
6541,2025-01,2025-01-27,Anne Pryor,Home Office,West,Office Supplies,13.376
6542,2025-01,2025-01-27,Dave Poirier,Corporate,East,Office Supplies,968.744
6543,2025-01,2025-01-27,Greg Tran,Consumer,West,Office Supplies,35.89
6544,2025-01,2025-01-27,Anne Pryor,Home Office,West,Office Supplies,13.86
6545,2025-01,2025-01-27,Greg Tran,Consumer,West,Office Supplies,189.7
6546,2025-01,2025-01-27,Anne Pryor,Home Office,West,Office Supplies,13.36
6547,2025-01,2025-01-27,Greg Tran,Consumer,West,Office Supplies,248.08
6548,2025-01,2025-01-27,Greg Guthrie,Corporate,West,Office Supplies,19.44
6549,2025-01,2025-01-27,Dave Poirier,Corporate,East,Technology,479.984
6550,2025-01,2025-01-27,Greg Tran,Consumer,West,Technology,156.792
6551,2025-01,2025-01-27,Anne Pryor,Home Office,West,Technology,249.584
6552,2025-01,2025-01-27,Greg Tran,Consumer,West,Technology,431.976
6553,2025-01,2025-01-27,Anne Pryor,Home Office,West,Technology,271.96
6554,2025-01,2025-01-29,Arthur Gainer,Consumer,Central,Furniture,405.86
6555,2025-01,2025-01-29,Arthur Gainer,Consumer,Central,Furniture,680.01
6556,2025-01,2025-01-29,Gene Hale,Corporate,Central,Furniture,190.92
6557,2025-01,2025-01-29,Stefania Perrino,Corporate,West,Furniture,1421.664
6558,2025-01,2025-01-29,Stefania Perrino,Corporate,West,Office Supplies,8.56
6559,2025-01,2025-01-29,Julie Prescott,Home Office,East,Office Supplies,12.957
6560,2025-01,2025-01-29,Julia Barnett,Home Office,East,Office Supplies,10.584
6561,2025-01,2025-01-29,Stefania Perrino,Corporate,West,Office Supplies,45.36
6562,2025-01,2025-01-29,Doug Bickford,Consumer,West,Office Supplies,34.05
6563,2025-01,2025-01-29,Doug Bickford,Consumer,West,Office Supplies,352.38
6564,2025-01,2025-01-29,Lena Hernandez,Consumer,South,Technology,68.112
6565,2025-01,2025-01-29,Lena Hernandez,Consumer,South,Technology,16.56
6566,2025-01,2025-01-29,Lena Hernandez,Consumer,South,Technology,249.584
6567,2025-01,2025-01-29,Quincy Jones,Corporate,Central,Technology,114.95
6568,2025-01,2025-01-29,Gene Hale,Corporate,Central,Technology,1097.544
6569,2025-01,2025-01-30,Damala Kotsonis,Corporate,South,Furniture,79.974
6570,2025-01,2025-01-30,Paul MacIntyre,Consumer,South,Furniture,1056.86
6571,2025-01,2025-01-30,Ken Black,Corporate,Central,Office Supplies,60.34
6572,2025-01,2025-01-30,Logan Haushalter,Consumer,Central,Office Supplies,61.929
6573,2025-01,2025-01-30,Rob Williams,Corporate,Central,Office Supplies,4.356
6574,2025-01,2025-01-30,Ken Black,Corporate,Central,Office Supplies,19.46
6575,2025-01,2025-01-30,George Bell,Corporate,Central,Office Supplies,9.328
6576,2025-01,2025-01-30,Stephanie Phelps,Corporate,West,Office Supplies,273.92
6577,2025-01,2025-01-30,Damala Kotsonis,Corporate,South,Office Supplies,2.946
6578,2025-01,2025-01-30,Fred McMath,Consumer,East,Office Supplies,3.69
6579,2025-01,2025-01-30,Fred McMath,Consumer,East,Office Supplies,122.12
6580,2025-01,2025-01-30,George Bell,Corporate,Central,Office Supplies,9.392
6581,2025-01,2025-01-30,Rob Williams,Corporate,Central,Office Supplies,20.568
6582,2025-01,2025-01-30,Rob Williams,Corporate,Central,Technology,19.04
6583,2025-01,2025-01-30,Logan Haushalter,Consumer,Central,Technology,59.98
6584,2025-01,2025-01-30,Emily Burns,Consumer,South,Technology,40.68
6585,2025-01,2025-01-30,Logan Haushalter,Consumer,Central,Technology,10.9
6586,2025-01,2025-01-30,Fred McMath,Consumer,East,Office Supplies,79.974
6587,2025-01,2025-01-30,Fred McMath,Consumer,East,Office Supplies,2.946
6588,2025-01,2025-01-31,Logan Haushalter,Consumer,West,Furniture,321.568
6589,2025-01,2025-01-31,Mark Hamilton,Consumer,Central,Furniture,1424.9
6590,2025-01,2025-01-31,Arthur Prichep,Consumer,West,Office Supplies,35.1
6591,2025-01,2025-01-31,Arthur Prichep,Consumer,West,Office Supplies,65.34
6592,2025-01,2025-01-31,Arthur Prichep,Consumer,West,Office Supplies,153.552
6593,2025-01,2025-01-31,Chris McAfee,Consumer,East,Office Supplies,679.96
6594,2025-01,2025-01-31,Delfina Latchford,Consumer,East,Office Supplies,361.92
6595,2025-01,2025-01-31,Sanjit Jacobs,Home Office,West,Office Supplies,80.28
6596,2025-01,2025-01-31,Bart Watters,Corporate,East,Office Supplies,62.82
6597,2025-01,2025-01-31,Arthur Prichep,Consumer,West,Office Supplies,123.92
6598,2025-01,2025-01-31,Chris McAfee,Consumer,East,Office Supplies,18.54
6599,2025-01,2025-01-31,Sara Luxemburg,Home Office,East,Office Supplies,6.48
6600,2025-01,2025-01-31,Delfina Latchford,Consumer,East,Office Supplies,80.58
6601,2025-01,2025-01-31,Arthur Prichep,Consumer,West,Technology,44.75
6602,2025-01,2025-01-31,James Peterman,Corporate,East,Furniture,99.12
6603,2025-02,2025-02-01,Noel Staavos,Corporate,East,Furniture,458.43
6604,2025-02,2025-02-01,William Brown,Consumer,West,Furniture,363.92
6605,2025-02,2025-02-01,Deborah Brumfield,Home Office,West,Furniture,403.92
6606,2025-02,2025-02-01,Anthony Rawles,Corporate,West,Furniture,14.8
6607,2025-02,2025-02-01,Noel Staavos,Corporate,East,Furniture,328.59
6608,2025-02,2025-02-01,William Brown,Consumer,West,Furniture,892.136
6609,2025-02,2025-02-01,Noel Staavos,Corporate,East,Office Supplies,387.136
6610,2025-02,2025-02-01,William Brown,Consumer,West,Office Supplies,83.42
6611,2025-02,2025-02-01,Steve Chapman,Corporate,East,Office Supplies,73.536
6612,2025-02,2025-02-01,William Brown,Consumer,West,Office Supplies,23.32
6613,2025-02,2025-02-01,Cynthia Arntzen,Consumer,South,Office Supplies,6.672
6614,2025-02,2025-02-01,William Brown,Consumer,West,Office Supplies,35.808
6615,2025-02,2025-02-01,William Brown,Consumer,West,Office Supplies,5.872
6616,2025-02,2025-02-01,William Brown,Consumer,West,Office Supplies,122.688
6617,2025-02,2025-02-01,William Brown,Consumer,West,Office Supplies,209.6
6618,2025-02,2025-02-01,Janet Molinari,Corporate,East,Office Supplies,15.26
6619,2025-02,2025-02-01,William Brown,Consumer,West,Office Supplies,30.98
6620,2025-02,2025-02-01,William Brown,Consumer,West,Office Supplies,50.22
6621,2025-02,2025-02-01,Lena Radford,Consumer,South,Office Supplies,85.224
6622,2025-02,2025-02-01,Noel Staavos,Corporate,East,Office Supplies,64.96
6623,2025-02,2025-02-01,Fred McMath,Consumer,West,Office Supplies,243.384
6624,2025-02,2025-02-01,Noel Staavos,Corporate,East,Office Supplies,13.52
6625,2025-02,2025-02-01,William Brown,Consumer,West,Technology,119.96
6626,2025-02,2025-02-01,Anthony Rawles,Corporate,West,Technology,316.0
6627,2025-02,2025-02-01,Fred McMath,Consumer,West,Technology,119.8
6628,2025-02,2025-02-01,Fred McMath,Consumer,West,Technology,300.768
6629,2025-02,2025-02-01,Janet Molinari,Corporate,East,Technology,1029.95
6630,2025-02,2025-02-01,Anthony Rawles,Corporate,West,Technology,302.376
6631,2025-02,2025-02-02,Matthew Grinstein,Home Office,Central,Furniture,33.48
6632,2025-02,2025-02-02,Roy Französisch,Consumer,West,Furniture,383.64
6633,2025-02,2025-02-02,Noel Staavos,Corporate,East,Furniture,60.35
6634,2025-02,2025-02-02,Roy Französisch,Consumer,West,Office Supplies,56.52
6635,2025-02,2025-02-02,Noel Staavos,Corporate,East,Office Supplies,11.2
6636,2025-02,2025-02-02,Matthew Grinstein,Home Office,Central,Office Supplies,13.9
6637,2025-02,2025-02-02,Jim Mitchum,Corporate,East,Office Supplies,18.693
6638,2025-02,2025-02-02,Erin Creighton,Consumer,South,Office Supplies,49.12
6639,2025-02,2025-02-02,Matthew Grinstein,Home Office,Central,Office Supplies,26.86
6640,2025-02,2025-02-02,Noel Staavos,Corporate,East,Office Supplies,35.52
6641,2025-02,2025-02-02,Erin Creighton,Consumer,South,Technology,249.95
6642,2025-02,2025-02-02,Jim Mitchum,Corporate,East,Technology,383.952
6643,2025-02,2025-02-02,Matthew Grinstein,Home Office,Central,Technology,657.93
6644,2025-02,2025-02-02,Xylona Preis,Consumer,West,Office Supplies,2.21
6645,2025-02,2025-02-02,Xylona Preis,Consumer,West,Office Supplies,15.52
6646,2025-02,2025-02-02,Xylona Preis,Consumer,West,Office Supplies,36.44
6647,2025-02,2025-02-03,Rob Williams,Corporate,West,Furniture,1114.272
6648,2025-02,2025-02-03,Jasper Cacioppo,Consumer,West,Office Supplies,9.84
6649,2025-02,2025-02-03,Rob Williams,Corporate,West,Office Supplies,6.096
6650,2025-02,2025-02-03,Ken Heidel,Corporate,Central,Technology,63.88
6651,2025-02,2025-02-04,David Smith,Corporate,West,Furniture,81.424
6652,2025-02,2025-02-04,Michael Chen,Consumer,South,Furniture,133.38
6653,2025-02,2025-02-04,Pete Kriz,Consumer,East,Furniture,396.92
6654,2025-02,2025-02-04,Pete Kriz,Consumer,East,Office Supplies,23.12
6655,2025-02,2025-02-04,Pete Kriz,Consumer,East,Office Supplies,21.48
6656,2025-02,2025-02-04,Pete Kriz,Consumer,East,Office Supplies,5.76
6657,2025-02,2025-02-04,Pete Kriz,Consumer,East,Office Supplies,14.62
6658,2025-02,2025-02-04,David Smith,Corporate,West,Office Supplies,134.8
6659,2025-02,2025-02-04,Pete Kriz,Consumer,East,Office Supplies,17.15
6660,2025-02,2025-02-05,Benjamin Patterson,Consumer,West,Furniture,14.76
6661,2025-02,2025-02-05,Michael Paige,Corporate,Central,Furniture,1652.94
6662,2025-02,2025-02-05,Mike Pelletier,Home Office,West,Furniture,564.195
6663,2025-02,2025-02-05,Mike Pelletier,Home Office,West,Office Supplies,87.168
6664,2025-02,2025-02-05,Shahid Hopkins,Consumer,East,Office Supplies,2.214
6665,2025-02,2025-02-05,Tony Chapman,Home Office,South,Office Supplies,19.44
6666,2025-02,2025-02-05,Michael Paige,Corporate,Central,Office Supplies,296.37
6667,2025-02,2025-02-05,Bruce Galang,Consumer,East,Furniture,68.46
6668,2025-02,2025-02-05,Bruce Galang,Consumer,East,Office Supplies,19.6
6669,2025-02,2025-02-06,Pete Kriz,Consumer,West,Furniture,563.92
6670,2025-02,2025-02-06,Sandra Flanagan,Consumer,South,Office Supplies,34.944
6671,2025-02,2025-02-06,Craig Carreira,Consumer,Central,Office Supplies,4.788
6672,2025-02,2025-02-06,Keith Dawkins,Corporate,East,Office Supplies,3.68
6673,2025-02,2025-02-06,Tanja Norvell,Home Office,West,Technology,21.21
6674,2025-02,2025-02-07,Charles McCrossin,Consumer,West,Furniture,2003.52
6675,2025-02,2025-02-07,Adrian Barton,Consumer,Central,Office Supplies,9892.74
6676,2025-02,2025-02-07,Noel Staavos,Corporate,West,Office Supplies,11.416
6677,2025-02,2025-02-07,Noel Staavos,Corporate,West,Office Supplies,13.488
6678,2025-02,2025-02-07,Adam Hart,Corporate,Central,Office Supplies,51.84
6679,2025-02,2025-02-07,Steve Carroll,Home Office,West,Office Supplies,46.53
6680,2025-02,2025-02-07,Adam Hart,Corporate,Central,Technology,165.6
6681,2025-02,2025-02-08,Parhena Norris,Home Office,Central,Furniture,563.94
6682,2025-02,2025-02-08,Justin Deggeller,Corporate,Central,Furniture,18.84
6683,2025-02,2025-02-08,Jeremy Ellison,Consumer,West,Furniture,39.92
6684,2025-02,2025-02-08,Henry Goldwyn,Corporate,West,Furniture,183.84
6685,2025-02,2025-02-08,Adrian Hane,Home Office,West,Furniture,377.45
6686,2025-02,2025-02-08,Alan Haines,Corporate,South,Office Supplies,194.528
6687,2025-02,2025-02-08,Adrian Hane,Home Office,West,Office Supplies,18.688
6688,2025-02,2025-02-08,Alan Haines,Corporate,South,Office Supplies,254.058
6689,2025-02,2025-02-08,Grace Kelly,Corporate,East,Office Supplies,1793.98
6690,2025-02,2025-02-08,Adrian Hane,Home Office,West,Office Supplies,45.24
6691,2025-02,2025-02-08,Adrian Hane,Home Office,West,Office Supplies,15.936
6692,2025-02,2025-02-08,Adrian Hane,Home Office,West,Office Supplies,11.648
6693,2025-02,2025-02-08,Henry Goldwyn,Corporate,West,Office Supplies,38.88
6694,2025-02,2025-02-08,Julie Kriz,Home Office,East,Office Supplies,900.08
6695,2025-02,2025-02-08,Alan Haines,Corporate,South,Office Supplies,961.48
6696,2025-02,2025-02-08,Henry Goldwyn,Corporate,West,Office Supplies,579.3
6697,2025-02,2025-02-08,Adrian Hane,Home Office,West,Technology,112.776
6698,2025-02,2025-02-08,Jeremy Ellison,Consumer,West,Technology,72.64
6699,2025-02,2025-02-08,Jeremy Ellison,Consumer,West,Technology,772.47
6700,2025-02,2025-02-08,Andy Yotov,Corporate,West,Technology,66.976
6701,2025-02,2025-02-08,Adrian Hane,Home Office,West,Technology,28.68
6702,2025-02,2025-02-09,Clay Ludtke,Consumer,East,Furniture,303.92
6703,2025-02,2025-02-09,Erin Smith,Corporate,West,Furniture,455.97
6704,2025-02,2025-02-09,Mark Haberlin,Corporate,East,Office Supplies,3.52
6705,2025-02,2025-02-09,Erin Smith,Corporate,West,Office Supplies,10.44
6706,2025-02,2025-02-09,Mark Haberlin,Corporate,East,Office Supplies,34.248
6707,2025-02,2025-02-09,Barry Pond,Corporate,Central,Office Supplies,1.8
6708,2025-02,2025-02-09,Erin Smith,Corporate,West,Office Supplies,5.214
6709,2025-02,2025-02-10,Alejandro Ballentine,Home Office,South,Furniture,18.92
6710,2025-02,2025-02-10,Alejandro Ballentine,Home Office,South,Office Supplies,15.42
6711,2025-02,2025-02-10,Matt Collins,Consumer,Central,Office Supplies,33.9
6712,2025-02,2025-02-10,Stuart Calhoun,Consumer,South,Technology,66.3
6713,2025-02,2025-02-12,Duane Noonan,Consumer,West,Furniture,842.72
6714,2025-02,2025-02-12,Duane Noonan,Consumer,West,Furniture,41.96
6715,2025-02,2025-02-12,Sue Ann Reed,Consumer,West,Furniture,11.84
6716,2025-02,2025-02-12,Sue Ann Reed,Consumer,West,Furniture,22.784
6717,2025-02,2025-02-12,Sue Ann Reed,Consumer,West,Office Supplies,31.32
6718,2025-02,2025-02-12,Emily Ducich,Home Office,West,Office Supplies,55.36
6719,2025-02,2025-02-12,Lena Creighton,Consumer,East,Office Supplies,25.584
6720,2025-02,2025-02-12,Emily Ducich,Home Office,West,Technology,11.56
6721,2025-02,2025-02-13,Ben Peterman,Corporate,Central,Furniture,141.372
6722,2025-02,2025-02-13,Laura Armstrong,Corporate,Central,Furniture,2.328
6723,2025-02,2025-02-13,Logan Currie,Consumer,South,Furniture,572.76
6724,2025-02,2025-02-13,Logan Currie,Consumer,South,Furniture,286.38
6725,2025-02,2025-02-13,Edward Hooks,Corporate,West,Office Supplies,4.2
6726,2025-02,2025-02-13,Edward Hooks,Corporate,West,Office Supplies,8.82
6727,2025-02,2025-02-13,Neoma Murray,Consumer,East,Office Supplies,5.553
6728,2025-02,2025-02-13,Edward Hooks,Corporate,West,Office Supplies,61.96
6729,2025-02,2025-02-13,Matt Collister,Corporate,Central,Office Supplies,24.85
6730,2025-02,2025-02-13,Laura Armstrong,Corporate,Central,Office Supplies,45.36
6731,2025-02,2025-02-13,Frank Merwin,Home Office,East,Office Supplies,7.968
6732,2025-02,2025-02-13,Edward Hooks,Corporate,West,Office Supplies,37.94
6733,2025-02,2025-02-13,Edward Hooks,Corporate,West,Office Supplies,47.9
6734,2025-02,2025-02-13,Edward Hooks,Corporate,West,Office Supplies,227.28
6735,2025-02,2025-02-13,Edward Hooks,Corporate,West,Office Supplies,1117.92
6736,2025-02,2025-02-13,Carol Adams,Corporate,East,Technology,1999.96
6737,2025-02,2025-02-13,Frank Merwin,Home Office,East,Technology,1499.97
6738,2025-02,2025-02-13,Laura Armstrong,Corporate,Central,Technology,287.88
6739,2025-02,2025-02-13,Laura Armstrong,Corporate,Central,Technology,453.576
6740,2025-02,2025-02-13,Laura Armstrong,Corporate,Central,Technology,131.88
6741,2025-02,2025-02-14,Sean Christensen,Consumer,West,Furniture,43.96
6742,2025-02,2025-02-14,Jessica Myrick,Consumer,East,Furniture,799.56
6743,2025-02,2025-02-14,Ross Baird,Home Office,South,Office Supplies,27.882
6744,2025-02,2025-02-14,Sean Christensen,Consumer,West,Office Supplies,39.76
6745,2025-02,2025-02-14,Benjamin Venier,Corporate,West,Office Supplies,33.4
6746,2025-02,2025-02-14,Ross Baird,Home Office,South,Office Supplies,540.048
6747,2025-02,2025-02-14,Ross Baird,Home Office,South,Technology,255.68
6748,2025-02,2025-02-14,Pauline Webber,Corporate,East,Technology,197.97
6749,2025-02,2025-02-15,Joe Elijah,Consumer,West,Furniture,698.352
6750,2025-02,2025-02-15,Joe Elijah,Consumer,East,Furniture,2563.056
6751,2025-02,2025-02-15,Darren Budd,Corporate,East,Furniture,866.646
6752,2025-02,2025-02-15,Laurel Workman,Corporate,West,Furniture,47.968
6753,2025-02,2025-02-15,Saphhira Shifley,Corporate,East,Furniture,21.12
6754,2025-02,2025-02-15,Trudy Schmidt,Consumer,South,Furniture,343.85
6755,2025-02,2025-02-15,Joe Elijah,Consumer,West,Furniture,1747.25
6756,2025-02,2025-02-15,Laurel Workman,Corporate,West,Furniture,35.445
6757,2025-02,2025-02-15,Darren Budd,Corporate,East,Furniture,313.176
6758,2025-02,2025-02-15,Trudy Schmidt,Consumer,South,Office Supplies,19.89
6759,2025-02,2025-02-15,Brian DeCherney,Consumer,East,Office Supplies,33.568
6760,2025-02,2025-02-15,Grace Kelly,Corporate,West,Office Supplies,45.36
6761,2025-02,2025-02-15,Trudy Schmidt,Consumer,South,Office Supplies,106.32
6762,2025-02,2025-02-15,Grace Kelly,Corporate,West,Technology,254.24
6763,2025-02,2025-02-15,Trudy Schmidt,Consumer,South,Technology,399.98
6764,2025-02,2025-02-15,Laurel Workman,Corporate,West,Technology,45.12
6765,2025-02,2025-02-15,Laurel Workman,Corporate,West,Technology,100.8
6766,2025-02,2025-02-15,Laurel Workman,Corporate,West,Technology,269.97
6767,2025-02,2025-02-15,Grace Kelly,Corporate,West,Technology,2575.944
6768,2025-02,2025-02-16,Mike Caudle,Corporate,West,Furniture,146.352
6769,2025-02,2025-02-16,Brenda Bowman,Corporate,East,Furniture,212.94
6770,2025-02,2025-02-16,Mike Caudle,Corporate,West,Furniture,902.712
6771,2025-02,2025-02-16,Sally Hughsby,Corporate,West,Office Supplies,18.72
6772,2025-02,2025-02-16,Brenda Bowman,Corporate,East,Office Supplies,26.49
6773,2025-02,2025-02-16,Mike Caudle,Corporate,West,Office Supplies,7.9
6774,2025-02,2025-02-16,Mike Caudle,Corporate,West,Office Supplies,53.97
6775,2025-02,2025-02-16,Roy Collins,Consumer,West,Office Supplies,11.328
6776,2025-02,2025-02-16,Anthony Johnson,Corporate,East,Office Supplies,4.992
6777,2025-02,2025-02-16,Frank Preis,Consumer,West,Office Supplies,33.9
6778,2025-02,2025-02-16,Mike Caudle,Corporate,West,Office Supplies,17.76
6779,2025-02,2025-02-16,Andrew Roberts,Consumer,East,Technology,89.97
6780,2025-02,2025-02-16,Mike Caudle,Corporate,West,Technology,302.384
6781,2025-02,2025-02-16,Brian Dahlen,Consumer,East,Office Supplies,22.2
6782,2025-02,2025-02-17,Brooke Gillingham,Corporate,Central,Furniture,845.488
6783,2025-02,2025-02-17,Ross DeVincentis,Home Office,East,Office Supplies,17.184
6784,2025-02,2025-02-17,Eugene Moren,Home Office,West,Office Supplies,20.16
6785,2025-02,2025-02-17,Joni Wasserman,Consumer,South,Office Supplies,2.61
6786,2025-02,2025-02-17,Meg Tillman,Consumer,Central,Office Supplies,10.368
6787,2025-02,2025-02-17,Meg Tillman,Consumer,Central,Office Supplies,23.68
6788,2025-02,2025-02-17,Mitch Webber,Consumer,East,Technology,40.0
6789,2025-02,2025-02-19,Troy Blackwell,Consumer,Central,Furniture,754.45
6790,2025-02,2025-02-19,Carlos Daly,Consumer,Central,Furniture,70.56
6791,2025-02,2025-02-19,Carlos Daly,Consumer,Central,Office Supplies,81.96
6792,2025-02,2025-02-19,Phillip Flathmann,Consumer,West,Office Supplies,11.232
6793,2025-02,2025-02-19,Michael Paige,Corporate,South,Office Supplies,2.808
6794,2025-02,2025-02-19,Michael Paige,Corporate,South,Office Supplies,38.088
6795,2025-02,2025-02-19,Ken Lonsdale,Consumer,West,Office Supplies,27.792
6796,2025-02,2025-02-19,Marc Harrigan,Home Office,South,Office Supplies,25.344
6797,2025-02,2025-02-19,Kelly Andreada,Consumer,Central,Office Supplies,186.048
6798,2025-02,2025-02-19,Marc Harrigan,Home Office,South,Office Supplies,37.408
6799,2025-02,2025-02-19,Frank Olsen,Consumer,West,Office Supplies,14.03
6800,2025-02,2025-02-19,Frank Olsen,Consumer,West,Office Supplies,27.96
6801,2025-02,2025-02-20,Brian Dahlen,Consumer,East,Furniture,170.786
6802,2025-02,2025-02-20,Carl Jackson,Corporate,East,Office Supplies,16.52
6803,2025-02,2025-02-20,Julie Prescott,Home Office,West,Office Supplies,6.384
6804,2025-02,2025-02-20,Keith Dawkins,Corporate,Central,Office Supplies,6.924
6805,2025-02,2025-02-20,Bryan Mills,Consumer,East,Office Supplies,5.904
6806,2025-02,2025-02-20,Evan Henry,Consumer,South,Office Supplies,72.224
6807,2025-02,2025-02-20,Julie Prescott,Home Office,West,Office Supplies,481.32
6808,2025-02,2025-02-20,Bryan Mills,Consumer,East,Office Supplies,13.712
6809,2025-02,2025-02-21,Emily Phan,Consumer,South,Office Supplies,47.616
6810,2025-02,2025-02-21,Kelly Lampkin,Corporate,West,Office Supplies,3.64
6811,2025-02,2025-02-21,Kelly Lampkin,Corporate,West,Office Supplies,159.768
6812,2025-02,2025-02-21,Becky Pak,Consumer,West,Office Supplies,38.376
6813,2025-02,2025-02-21,Emily Phan,Consumer,South,Office Supplies,23.48
6814,2025-02,2025-02-21,Duane Benoit,Consumer,East,Office Supplies,156.512
6815,2025-02,2025-02-21,Brian DeCherney,Consumer,West,Technology,302.376
6816,2025-02,2025-02-22,Janet Martin,Consumer,Central,Furniture,310.744
6817,2025-02,2025-02-22,Steven Cartwright,Consumer,West,Furniture,474.43
6818,2025-02,2025-02-22,Janet Martin,Consumer,Central,Furniture,141.42
6819,2025-02,2025-02-22,Guy Armstrong,Consumer,East,Furniture,48.896
6820,2025-02,2025-02-22,Janet Martin,Consumer,Central,Office Supplies,15.224
6821,2025-02,2025-02-22,Janet Martin,Consumer,Central,Office Supplies,12.736
6822,2025-02,2025-02-22,Janet Martin,Consumer,Central,Office Supplies,6.47
6823,2025-02,2025-02-22,Janet Martin,Consumer,Central,Office Supplies,13.748
6824,2025-02,2025-02-22,Dennis Pardue,Home Office,Central,Office Supplies,3.6
6825,2025-02,2025-02-22,Janet Martin,Consumer,Central,Office Supplies,454.56
6826,2025-02,2025-02-23,Trudy Schmidt,Consumer,Central,Furniture,913.43
6827,2025-02,2025-02-23,Trudy Schmidt,Consumer,Central,Office Supplies,5.432
6828,2025-02,2025-02-23,Trudy Schmidt,Consumer,Central,Office Supplies,31.744
6829,2025-02,2025-02-23,Aaron Smayling,Corporate,South,Office Supplies,28.854
6830,2025-02,2025-02-23,Aaron Smayling,Corporate,South,Office Supplies,15.66
6831,2025-02,2025-02-23,Trudy Schmidt,Consumer,Central,Office Supplies,372.144
6832,2025-02,2025-02-23,Fred Wasserman,Corporate,West,Technology,16.59
6833,2025-02,2025-02-23,Aaron Smayling,Corporate,South,Technology,695.7
6834,2025-02,2025-02-24,Christopher Martinez,Consumer,West,Office Supplies,9.12
6835,2025-02,2025-02-24,Christopher Martinez,Consumer,West,Office Supplies,2022.272
6836,2025-02,2025-02-24,Delfina Latchford,Consumer,West,Office Supplies,38.88
6837,2025-02,2025-02-27,Dennis Pardue,Home Office,South,Office Supplies,33.74
6838,2025-02,2025-02-28,Thais Sissman,Consumer,South,Office Supplies,2.808
6839,2025-02,2025-02-28,Jamie Frazer,Consumer,West,Office Supplies,7.89
6840,2025-02,2025-02-28,Jamie Frazer,Consumer,West,Office Supplies,153.78
6841,2025-02,2025-02-28,Jamie Frazer,Consumer,West,Office Supplies,61.02
6842,2025-02,2025-02-28,Jamie Frazer,Consumer,West,Office Supplies,110.11
6843,2025-02,2025-02-28,Bart Watters,Corporate,Central,Technology,3059.982
6844,2025-03,2025-03-01,Ricardo Sperren,Corporate,West,Furniture,892.98
6845,2025-03,2025-03-02,Beth Paige,Consumer,East,Office Supplies,274.491
6846,2025-03,2025-03-05,Dianna Arnett,Home Office,East,Furniture,37.68
6847,2025-03,2025-03-05,David Bremer,Corporate,Central,Office Supplies,760.98
6848,2025-03,2025-03-05,Linda Southworth,Corporate,West,Office Supplies,9.78
6849,2025-03,2025-03-05,Dianna Arnett,Home Office,East,Office Supplies,40.08
6850,2025-03,2025-03-06,Cathy Prescott,Corporate,Central,Furniture,212.94
6851,2025-03,2025-03-06,Cathy Prescott,Corporate,Central,Office Supplies,209.94
6852,2025-03,2025-03-06,Cathy Prescott,Corporate,Central,Office Supplies,32.4
6853,2025-03,2025-03-06,Cathy Prescott,Corporate,Central,Office Supplies,4164.05
6854,2025-03,2025-03-07,Hallie Redmond,Home Office,Central,Furniture,18.96
6855,2025-03,2025-03-07,Brosina Hoffman,Consumer,South,Office Supplies,5.97
6856,2025-03,2025-03-07,Brosina Hoffman,Consumer,South,Office Supplies,2.508
6857,2025-03,2025-03-07,Brosina Hoffman,Consumer,South,Office Supplies,18.336
6858,2025-03,2025-03-07,Rob Beeghly,Consumer,South,Office Supplies,21.744
6859,2025-03,2025-03-07,Hallie Redmond,Home Office,Central,Office Supplies,2.52
6860,2025-03,2025-03-07,Brosina Hoffman,Consumer,South,Office Supplies,36.288
6861,2025-03,2025-03-07,Sean O'Donnell,Consumer,West,Office Supplies,154.9
6862,2025-03,2025-03-07,Hallie Redmond,Home Office,Central,Office Supplies,11.34
6863,2025-03,2025-03-07,Hallie Redmond,Home Office,Central,Office Supplies,67.4
6864,2025-03,2025-03-07,Hallie Redmond,Home Office,Central,Office Supplies,18.76
6865,2025-03,2025-03-07,Tracy Poddar,Corporate,West,Office Supplies,168.624
6866,2025-03,2025-03-07,Hallie Redmond,Home Office,Central,Technology,12.12
6867,2025-03,2025-03-07,Tracy Poddar,Corporate,West,Technology,169.064
6868,2025-03,2025-03-07,Hallie Redmond,Home Office,Central,Technology,159.8
6869,2025-03,2025-03-07,Hallie Redmond,Home Office,Central,Technology,67.8
6870,2025-03,2025-03-07,Brosina Hoffman,Consumer,South,Technology,111.984
6871,2025-03,2025-03-07,Rob Beeghly,Consumer,South,Technology,7.92
6872,2025-03,2025-03-08,Robert Waldorf,Consumer,East,Office Supplies,34.384
6873,2025-03,2025-03-08,Robert Waldorf,Consumer,East,Office Supplies,1924.16
6874,2025-03,2025-03-08,Tonja Turnell,Home Office,West,Office Supplies,21.4
6875,2025-03,2025-03-08,Tim Brockman,Consumer,Central,Office Supplies,4.276
6876,2025-03,2025-03-08,Tim Brockman,Consumer,Central,Office Supplies,32.784
6877,2025-03,2025-03-08,Sanjit Chand,Consumer,East,Office Supplies,12.7
6878,2025-03,2025-03-08,Tim Brockman,Consumer,Central,Technology,62.592
6879,2025-03,2025-03-08,Tim Brockman,Consumer,Central,Technology,47.984
6880,2025-03,2025-03-09,Andy Reiter,Consumer,Central,Furniture,302.67
6881,2025-03,2025-03-09,Jack O'Briant,Corporate,West,Furniture,27.92
6882,2025-03,2025-03-09,Jack O'Briant,Corporate,West,Furniture,399.672
6883,2025-03,2025-03-09,Andy Reiter,Consumer,Central,Office Supplies,5443.96
6884,2025-03,2025-03-09,Andy Reiter,Consumer,Central,Office Supplies,56.07
6885,2025-03,2025-03-10,Scott Cohen,Corporate,East,Office Supplies,6.68
6886,2025-03,2025-03-12,Neola Schneider,Consumer,East,Furniture,887.271
6887,2025-03,2025-03-12,Neola Schneider,Consumer,East,Furniture,31.968
6888,2025-03,2025-03-12,Raymond Messe,Consumer,East,Office Supplies,542.94
6889,2025-03,2025-03-12,Raymond Messe,Consumer,East,Office Supplies,2.04
6890,2025-03,2025-03-12,Dan Lawera,Consumer,Central,Office Supplies,6.0
6891,2025-03,2025-03-12,Raymond Messe,Consumer,East,Office Supplies,79.92
6892,2025-03,2025-03-12,Raymond Messe,Consumer,East,Office Supplies,12.28
6893,2025-03,2025-03-12,Neola Schneider,Consumer,East,Office Supplies,21.696
6894,2025-03,2025-03-12,Neola Schneider,Consumer,East,Technology,429.6
6895,2025-03,2025-03-13,Cynthia Voltz,Corporate,East,Furniture,207.846
6896,2025-03,2025-03-13,Jeremy Farry,Consumer,East,Office Supplies,3.52
6897,2025-03,2025-03-13,Tamara Manning,Consumer,West,Office Supplies,24.2
6898,2025-03,2025-03-13,Maris LaWare,Consumer,Central,Office Supplies,11.52
6899,2025-03,2025-03-13,Tamara Manning,Consumer,West,Technology,359.976
6900,2025-03,2025-03-13,Thea Hendricks,Consumer,West,Technology,160.776
6901,2025-03,2025-03-14,Darrin Sayre,Home Office,West,Furniture,84.98
6902,2025-03,2025-03-14,Darrin Sayre,Home Office,West,Office Supplies,18.72
6903,2025-03,2025-03-14,Mick Hernandez,Home Office,Central,Office Supplies,14.4
6904,2025-03,2025-03-14,Mick Hernandez,Home Office,Central,Office Supplies,89.52
6905,2025-03,2025-03-14,Darrin Sayre,Home Office,West,Office Supplies,27.936
6906,2025-03,2025-03-14,Darrin Sayre,Home Office,West,Office Supplies,99.696
6907,2025-03,2025-03-14,Penelope Sewall,Home Office,South,Office Supplies,35.784
6908,2025-03,2025-03-14,Bobby Elias,Consumer,Central,Office Supplies,268.576
6909,2025-03,2025-03-14,Darrin Sayre,Home Office,West,Office Supplies,242.94
6910,2025-03,2025-03-14,Penelope Sewall,Home Office,South,Office Supplies,348.208
6911,2025-03,2025-03-14,Mick Hernandez,Home Office,Central,Technology,619.95
6912,2025-03,2025-03-14,Darrin Sayre,Home Office,West,Technology,179.97
6913,2025-03,2025-03-14,Mick Hernandez,Home Office,Central,Technology,350.973
6914,2025-03,2025-03-14,Mick Hernandez,Home Office,Central,Technology,164.99
6915,2025-03,2025-03-14,Jane Waco,Corporate,East,Furniture,24.3
6916,2025-03,2025-03-14,Jane Waco,Corporate,East,Furniture,9.48
6917,2025-03,2025-03-14,Jane Waco,Corporate,East,Furniture,31.4
6918,2025-03,2025-03-14,Jane Waco,Corporate,East,Office Supplies,6.48
6919,2025-03,2025-03-14,Jane Waco,Corporate,East,Technology,209.5
6920,2025-03,2025-03-15,Edward Hooks,Corporate,Central,Office Supplies,7.872
6921,2025-03,2025-03-15,Edward Hooks,Corporate,Central,Office Supplies,15.12
6922,2025-03,2025-03-15,Alan Dominguez,Home Office,West,Office Supplies,11.96
6923,2025-03,2025-03-15,Alan Dominguez,Home Office,West,Office Supplies,1126.02
6924,2025-03,2025-03-15,Alan Dominguez,Home Office,West,Office Supplies,51.45
6925,2025-03,2025-03-15,Alan Dominguez,Home Office,West,Technology,2999.95
6926,2025-03,2025-03-16,Matt Connell,Corporate,Central,Furniture,210.98
6927,2025-03,2025-03-16,Chris Selesnick,Corporate,West,Office Supplies,19.68
6928,2025-03,2025-03-16,Harold Pawlan,Home Office,West,Office Supplies,4.938
6929,2025-03,2025-03-16,Chris Selesnick,Corporate,West,Office Supplies,6.48
6930,2025-03,2025-03-16,Chris Selesnick,Corporate,West,Office Supplies,25.92
6931,2025-03,2025-03-16,Harold Pawlan,Home Office,West,Technology,95.984
6932,2025-03,2025-03-16,Chris Selesnick,Corporate,West,Technology,86.352
6933,2025-03,2025-03-17,Keith Dawkins,Corporate,West,Office Supplies,25.86
6934,2025-03,2025-03-17,Keith Dawkins,Corporate,West,Office Supplies,276.784
6935,2025-03,2025-03-17,Theone Pippenger,Consumer,South,Office Supplies,5.67
6936,2025-03,2025-03-17,Keith Dawkins,Corporate,West,Technology,110.352
6937,2025-03,2025-03-19,Bradley Drucker,Consumer,South,Furniture,62.72
6938,2025-03,2025-03-19,Carol Adams,Corporate,South,Office Supplies,15.47
6939,2025-03,2025-03-19,Carol Adams,Corporate,South,Office Supplies,7.16
6940,2025-03,2025-03-19,Caroline Jumper,Consumer,West,Office Supplies,11.84
6941,2025-03,2025-03-19,Claire Gute,Consumer,Central,Office Supplies,18.16
6942,2025-03,2025-03-19,Bradley Drucker,Consumer,South,Technology,2939.93
6943,2025-03,2025-03-20,John Huston,Consumer,East,Office Supplies,14.016
6944,2025-03,2025-03-20,John Huston,Consumer,East,Technology,71.976
6945,2025-03,2025-03-20,Toby Gnade,Consumer,East,Technology,137.94
6946,2025-03,2025-03-20,John Huston,Consumer,East,Technology,107.982
6947,2025-03,2025-03-21,Beth Thompson,Home Office,West,Furniture,37.74
6948,2025-03,2025-03-21,Giulietta Baptist,Consumer,Central,Office Supplies,279.9
6949,2025-03,2025-03-21,Beth Thompson,Home Office,West,Technology,239.97
6950,2025-03,2025-03-21,Craig Leslie,Home Office,East,Technology,449.91
6951,2025-03,2025-03-22,Tamara Manning,Consumer,Central,Furniture,14.91
6952,2025-03,2025-03-22,Vivek Gonzalez,Consumer,West,Office Supplies,8.34
6953,2025-03,2025-03-22,Bryan Davis,Consumer,East,Office Supplies,4.768
6954,2025-03,2025-03-22,Clytie Kelty,Consumer,Central,Office Supplies,12.128
6955,2025-03,2025-03-22,Vivek Gonzalez,Consumer,West,Office Supplies,119.616
6956,2025-03,2025-03-22,Rob Dowd,Consumer,East,Office Supplies,5.22
6957,2025-03,2025-03-22,Tamara Manning,Consumer,Central,Office Supplies,94.85
6958,2025-03,2025-03-22,Tamara Manning,Consumer,Central,Office Supplies,12.96
6959,2025-03,2025-03-22,Tamara Manning,Consumer,Central,Office Supplies,13.48
6960,2025-03,2025-03-22,Vivek Gonzalez,Consumer,West,Office Supplies,8.57
6961,2025-03,2025-03-23,Eugene Hildebrand,Home Office,West,Furniture,120.784
6962,2025-03,2025-03-23,Emily Burns,Consumer,South,Furniture,419.136
6963,2025-03,2025-03-23,Benjamin Venier,Corporate,Central,Furniture,34.58
6964,2025-03,2025-03-23,Liz Preis,Consumer,Central,Furniture,69.375
6965,2025-03,2025-03-23,Eugene Hildebrand,Home Office,West,Office Supplies,8.82
6966,2025-03,2025-03-23,Liz Preis,Consumer,Central,Office Supplies,9.344
6967,2025-03,2025-03-23,Eugene Hildebrand,Home Office,West,Office Supplies,12.74
6968,2025-03,2025-03-23,Benjamin Venier,Corporate,Central,Office Supplies,40.3
6969,2025-03,2025-03-23,Benjamin Venier,Corporate,Central,Office Supplies,32.35
6970,2025-03,2025-03-23,Benjamin Venier,Corporate,Central,Office Supplies,18.28
6971,2025-03,2025-03-23,Benjamin Venier,Corporate,Central,Office Supplies,7.71
6972,2025-03,2025-03-23,Michael Moore,Consumer,West,Office Supplies,129.3
6973,2025-03,2025-03-23,Liz Preis,Consumer,Central,Office Supplies,31.68
6974,2025-03,2025-03-23,Sam Zeldin,Home Office,West,Technology,604.768
6975,2025-03,2025-03-23,Liz Preis,Consumer,Central,Technology,2003.168
6976,2025-03,2025-03-23,Benjamin Venier,Corporate,Central,Technology,207.0
6977,2025-03,2025-03-26,Bill Overfelt,Corporate,West,Furniture,210.58
6978,2025-03,2025-03-26,John Lee,Consumer,West,Furniture,86.26
6979,2025-03,2025-03-26,John Lee,Consumer,West,Office Supplies,46.8
6980,2025-03,2025-03-26,Bill Overfelt,Corporate,West,Office Supplies,30.96
6981,2025-03,2025-03-26,Dorothy Wardle,Corporate,East,Office Supplies,21.456
6982,2025-03,2025-03-26,Dorothy Wardle,Corporate,East,Office Supplies,78.304
6983,2025-03,2025-03-26,John Lee,Consumer,West,Office Supplies,139.04
6984,2025-03,2025-03-26,Bill Overfelt,Corporate,West,Technology,239.984
6985,2025-03,2025-03-26,Dorothy Wardle,Corporate,East,Technology,59.97
6986,2025-03,2025-03-27,Ross DeVincentis,Home Office,Central,Furniture,22.2
6987,2025-03,2025-03-27,Shahid Collister,Consumer,South,Office Supplies,3.882
6988,2025-03,2025-03-27,Matt Collins,Consumer,East,Office Supplies,5.229
6989,2025-03,2025-03-27,Ross DeVincentis,Home Office,Central,Office Supplies,419.4
6990,2025-03,2025-03-27,Ross DeVincentis,Home Office,Central,Office Supplies,65.584
6991,2025-03,2025-03-27,Ross DeVincentis,Home Office,Central,Office Supplies,5.184
6992,2025-03,2025-03-27,Shahid Collister,Consumer,South,Office Supplies,115.296
6993,2025-03,2025-03-27,Matt Collins,Consumer,East,Office Supplies,285.552
6994,2025-03,2025-03-28,Jay Fein,Consumer,East,Office Supplies,32.67
6995,2025-03,2025-03-29,Fred Chung,Corporate,West,Office Supplies,1640.7
6996,2025-03,2025-03-29,Cassandra Brandow,Consumer,Central,Office Supplies,7.12
6997,2025-03,2025-03-29,Cassandra Brandow,Consumer,Central,Office Supplies,243.992
6998,2025-03,2025-03-29,Fred Chung,Corporate,West,Technology,371.2
6999,2025-03,2025-03-30,Bryan Davis,Consumer,East,Furniture,240.784
7000,2025-03,2025-03-30,Mark Van Huff,Consumer,South,Furniture,359.97
7001,2025-03,2025-03-30,Sibella Parks,Corporate,East,Office Supplies,46.24
7002,2025-03,2025-03-30,Skye Norling,Home Office,West,Office Supplies,29.9
7003,2025-03,2025-03-30,Sibella Parks,Corporate,East,Technology,227.46
7004,2025-04,2025-04-02,Tom Prescott,Consumer,Central,Furniture,3.984
7005,2025-04,2025-04-02,Marina Lichtenstein,Corporate,West,Furniture,21.12
7006,2025-04,2025-04-02,Tom Prescott,Consumer,Central,Office Supplies,12.992
7007,2025-04,2025-04-02,Tom Prescott,Consumer,Central,Office Supplies,252.784
7008,2025-04,2025-04-02,Sarah Bern,Consumer,West,Office Supplies,354.9
7009,2025-04,2025-04-02,Tom Prescott,Consumer,Central,Technology,127.984
7010,2025-04,2025-04-03,Mike Pelletier,Home Office,West,Furniture,203.983
7011,2025-04,2025-04-03,Michael Nguyen,Consumer,East,Office Supplies,23.12
7012,2025-04,2025-04-04,Cari Sayre,Corporate,West,Furniture,963.136
7013,2025-04,2025-04-04,Magdelene Morse,Consumer,East,Furniture,147.568
7014,2025-04,2025-04-04,Victoria Wilson,Corporate,West,Office Supplies,21.336
7015,2025-04,2025-04-04,Don Jones,Corporate,East,Office Supplies,20.7
7016,2025-04,2025-04-04,Cari Sayre,Corporate,West,Technology,88.776
7017,2025-04,2025-04-06,Fred Harton,Consumer,West,Furniture,107.53
7018,2025-04,2025-04-06,Mark Hamilton,Consumer,Central,Office Supplies,90.64
7019,2025-04,2025-04-06,Stewart Visinsky,Consumer,East,Office Supplies,10.71
7020,2025-04,2025-04-06,Fred Harton,Consumer,West,Office Supplies,6.63
7021,2025-04,2025-04-06,Jennifer Patt,Corporate,East,Office Supplies,17.94
7022,2025-04,2025-04-06,Stewart Visinsky,Consumer,East,Office Supplies,25.02
7023,2025-04,2025-04-06,Fred Harton,Consumer,West,Technology,799.96
7024,2025-04,2025-04-09,Joy Smith,Consumer,Central,Furniture,600.558
7025,2025-04,2025-04-09,Joy Smith,Consumer,Central,Furniture,7.692
7026,2025-04,2025-04-09,Joy Smith,Consumer,Central,Office Supplies,28.032
7027,2025-04,2025-04-09,Joy Smith,Consumer,Central,Office Supplies,18.368
7028,2025-04,2025-04-09,Luke Foster,Consumer,East,Office Supplies,37.94
7029,2025-04,2025-04-09,Joy Smith,Consumer,Central,Office Supplies,50.352
7030,2025-04,2025-04-09,Nat Gilpin,Corporate,East,Office Supplies,579.51
7031,2025-04,2025-04-09,Nat Gilpin,Corporate,East,Technology,14.99
7032,2025-04,2025-04-10,Cyra Reiten,Home Office,Central,Furniture,89.0664
7033,2025-04,2025-04-10,Christine Kargatis,Home Office,East,Furniture,899.43
7034,2025-04,2025-04-10,Christine Kargatis,Home Office,East,Furniture,30.144
7035,2025-04,2025-04-10,Christine Kargatis,Home Office,East,Furniture,455.97
7036,2025-04,2025-04-10,Julie Kriz,Home Office,Central,Furniture,480.96
7037,2025-04,2025-04-10,Cyra Reiten,Home Office,Central,Office Supplies,175.44
7038,2025-04,2025-04-10,Christine Kargatis,Home Office,East,Office Supplies,5.715
7039,2025-04,2025-04-10,Gary Hansen,Home Office,East,Office Supplies,11.76
7040,2025-04,2025-04-10,Gary Hansen,Home Office,East,Office Supplies,166.45
7041,2025-04,2025-04-10,Cyra Reiten,Home Office,Central,Technology,438.336
7042,2025-04,2025-04-10,Christine Kargatis,Home Office,East,Technology,57.594
7043,2025-04,2025-04-10,Julie Kriz,Home Office,Central,Technology,124.792
7044,2025-04,2025-04-10,Lauren Leatherbury,Consumer,South,Technology,29.16
7045,2025-04,2025-04-11,Cynthia Voltz,Corporate,West,Office Supplies,9.82
7046,2025-04,2025-04-11,Cynthia Voltz,Corporate,West,Technology,109.53
7047,2025-04,2025-04-11,Cynthia Voltz,Corporate,West,Technology,167.976
7048,2025-04,2025-04-12,Emily Ducich,Home Office,West,Furniture,44.67
7049,2025-04,2025-04-12,Nicole Hansen,Corporate,South,Office Supplies,1245.86
7050,2025-04,2025-04-12,Emily Ducich,Home Office,West,Office Supplies,12.84
7051,2025-04,2025-04-12,Max Engle,Consumer,West,Office Supplies,11.22
7052,2025-04,2025-04-13,Katherine Murray,Home Office,West,Furniture,68.704
7053,2025-04,2025-04-13,Helen Wasserman,Corporate,West,Furniture,22.23
7054,2025-04,2025-04-13,Katherine Murray,Home Office,West,Furniture,386.91
7055,2025-04,2025-04-13,Julie Prescott,Home Office,Central,Office Supplies,13.11
7056,2025-04,2025-04-13,Julie Prescott,Home Office,Central,Office Supplies,6.56
7057,2025-04,2025-04-13,Katherine Murray,Home Office,West,Office Supplies,10.64
7058,2025-04,2025-04-13,Bart Pistole,Corporate,West,Office Supplies,9.432
7059,2025-04,2025-04-13,Katherine Murray,Home Office,West,Office Supplies,51.168
7060,2025-04,2025-04-13,Katherine Murray,Home Office,West,Technology,31.992
7061,2025-04,2025-04-13,Helen Wasserman,Corporate,West,Technology,215.968
7062,2025-04,2025-04-13,Katherine Murray,Home Office,West,Technology,333.576
7063,2025-04,2025-04-14,Dave Kipp,Consumer,Central,Technology,47.904
7064,2025-04,2025-04-16,Ann Chong,Corporate,West,Office Supplies,8.4
7065,2025-04,2025-04-16,Clytie Kelty,Consumer,West,Office Supplies,37.44
7066,2025-04,2025-04-16,Ann Chong,Corporate,West,Technology,71.96
7067,2025-04,2025-04-17,Christy Brittain,Consumer,East,Office Supplies,4.956
7068,2025-04,2025-04-17,Erin Smith,Corporate,East,Office Supplies,123.92
7069,2025-04,2025-04-17,Erin Smith,Corporate,East,Technology,1319.8
7070,2025-04,2025-04-18,Scot Wooten,Consumer,South,Furniture,231.92
7071,2025-04,2025-04-18,Scot Wooten,Consumer,South,Furniture,196.784
7072,2025-04,2025-04-18,Michelle Huthwaite,Consumer,Central,Office Supplies,1.788
7073,2025-04,2025-04-19,Bradley Talbott,Home Office,West,Furniture,892.224
7074,2025-04,2025-04-19,Dave Brooks,Consumer,West,Furniture,91.96
7075,2025-04,2025-04-19,Becky Martin,Consumer,West,Office Supplies,356.79
7076,2025-04,2025-04-19,Bradley Talbott,Home Office,West,Office Supplies,81.92
7077,2025-04,2025-04-19,Bradley Talbott,Home Office,West,Office Supplies,23.12
7078,2025-04,2025-04-19,Bradley Talbott,Home Office,West,Office Supplies,223.92
7079,2025-04,2025-04-19,Dave Brooks,Consumer,West,Office Supplies,29.6
7080,2025-04,2025-04-19,Dave Brooks,Consumer,West,Technology,258.576
7081,2025-04,2025-04-19,Bradley Talbott,Home Office,West,Technology,889.536
7082,2025-04,2025-04-21,Duane Benoit,Consumer,East,Office Supplies,9.84
7083,2025-04,2025-04-21,Duane Benoit,Consumer,East,Office Supplies,7.78
7084,2025-04,2025-04-24,Dorothy Badders,Corporate,East,Furniture,441.96
7085,2025-04,2025-04-24,Dorothy Badders,Corporate,East,Office Supplies,59.52
7086,2025-04,2025-04-24,Joseph Airdo,Consumer,East,Office Supplies,18.528
7087,2025-04,2025-04-24,Stewart Carmichael,Corporate,Central,Office Supplies,12.222
7088,2025-04,2025-04-24,Roland Schwarz,Corporate,Central,Office Supplies,0.556
7089,2025-04,2025-04-24,Ken Dana,Corporate,West,Office Supplies,107.648
7090,2025-04,2025-04-24,Dorothy Badders,Corporate,East,Office Supplies,57.96
7091,2025-04,2025-04-24,Dorothy Badders,Corporate,East,Office Supplies,68.04
7092,2025-04,2025-04-24,Stewart Carmichael,Corporate,Central,Office Supplies,6.976
7093,2025-04,2025-04-24,Maribeth Yedwab,Corporate,West,Technology,479.94
7094,2025-04,2025-04-24,Maribeth Yedwab,Corporate,West,Technology,196.776
7095,2025-04,2025-04-25,Emily Phan,Consumer,Central,Furniture,180.98
7096,2025-04,2025-04-25,Ed Jacobs,Consumer,West,Furniture,170.352
7097,2025-04,2025-04-25,Bill Tyler,Corporate,West,Furniture,399.672
7098,2025-04,2025-04-25,Liz Preis,Consumer,South,Office Supplies,72.8
7099,2025-04,2025-04-25,Richard Eichhorn,Consumer,Central,Office Supplies,26.88
7100,2025-04,2025-04-25,Ed Jacobs,Consumer,West,Technology,1049.44
7101,2025-04,2025-04-25,Emily Phan,Consumer,Central,Technology,99.98
7102,2025-04,2025-04-26,Tonja Turnell,Home Office,Central,Furniture,103.5
7103,2025-04,2025-04-26,Sung Pak,Corporate,West,Office Supplies,9.32
7104,2025-04,2025-04-26,Sung Pak,Corporate,West,Office Supplies,15.25
7105,2025-04,2025-04-26,Tonja Turnell,Home Office,Central,Office Supplies,2.464
7106,2025-04,2025-04-26,Darren Powers,Consumer,Central,Office Supplies,89.568
7107,2025-04,2025-04-26,Tonja Turnell,Home Office,Central,Office Supplies,8.72
7108,2025-04,2025-04-27,Claudia Bergmann,Corporate,South,Office Supplies,262.24
7109,2025-04,2025-04-27,Julia Dunbar,Consumer,Central,Office Supplies,127.96
7110,2025-04,2025-04-27,Julia Dunbar,Consumer,Central,Office Supplies,18.69
7111,2025-04,2025-04-27,Claudia Bergmann,Corporate,South,Office Supplies,234.36
7112,2025-04,2025-04-27,Claudia Bergmann,Corporate,South,Office Supplies,42.68
7113,2025-04,2025-04-27,Julia Dunbar,Consumer,Central,Office Supplies,7.9
7114,2025-04,2025-04-27,Pete Kriz,Consumer,Central,Office Supplies,25.06
7115,2025-04,2025-04-27,Julia Dunbar,Consumer,Central,Office Supplies,221.16
7116,2025-04,2025-04-27,Claudia Bergmann,Corporate,South,Technology,299.97
7117,2025-04,2025-04-28,Roland Murray,Consumer,East,Furniture,71.97
7118,2025-04,2025-04-28,Don Weiss,Consumer,Central,Office Supplies,63.488
7119,2025-04,2025-04-28,Frank Carlisle,Home Office,West,Office Supplies,23.88
7120,2025-04,2025-04-28,Ben Ferrer,Home Office,West,Office Supplies,14.976
7121,2025-04,2025-04-28,Don Weiss,Consumer,Central,Office Supplies,4.928
7122,2025-04,2025-04-28,Frank Carlisle,Home Office,West,Office Supplies,11.52
7123,2025-04,2025-04-28,Frank Carlisle,Home Office,West,Office Supplies,286.93
7124,2025-04,2025-04-28,Roland Murray,Consumer,East,Office Supplies,26.38
7125,2025-04,2025-04-28,Sally Hughsby,Corporate,West,Office Supplies,67.78
7126,2025-04,2025-04-28,Frank Carlisle,Home Office,West,Technology,206.384
7127,2025-04,2025-04-29,Shahid Hopkins,Consumer,East,Office Supplies,25.92
7128,2025-04,2025-04-29,Shahid Hopkins,Consumer,East,Office Supplies,91.59
7129,2025-04,2025-04-29,Michael Granlund,Home Office,East,Technology,49.08
7130,2025-04,2025-04-30,Victoria Brennan,Corporate,South,Office Supplies,647.84
7131,2025-04,2025-04-30,Alan Hwang,Consumer,West,Office Supplies,3.36
7132,2025-04,2025-04-30,Alan Hwang,Consumer,West,Office Supplies,171.2
7133,2025-04,2025-04-30,Victoria Brennan,Corporate,South,Office Supplies,20.7
7134,2025-05,2025-05-01,Karl Braun,Consumer,West,Office Supplies,30.84
7135,2025-05,2025-05-01,Lindsay Williams,Corporate,West,Technology,199.98
7136,2025-05,2025-05-01,Karl Braun,Consumer,West,Technology,479.984
7137,2025-05,2025-05-02,Mick Hernandez,Home Office,East,Furniture,43.872
7138,2025-05,2025-05-02,Mick Hernandez,Home Office,East,Furniture,6.696
7139,2025-05,2025-05-02,Maribeth Dona,Consumer,Central,Furniture,933.408
7140,2025-05,2025-05-02,Karen Seio,Corporate,South,Office Supplies,48.784
7141,2025-05,2025-05-02,Mick Hernandez,Home Office,East,Office Supplies,5.248
7142,2025-05,2025-05-02,Karen Seio,Corporate,South,Office Supplies,13.092
7143,2025-05,2025-05-02,Candace McMahon,Corporate,West,Technology,111.96
7144,2025-05,2025-05-02,Mick Hernandez,Home Office,East,Technology,35.91
7145,2025-05,2025-05-02,Emily Burns,Consumer,East,Technology,53.982
7146,2025-05,2025-05-03,Paul Van Hugh,Home Office,East,Furniture,26.72
7147,2025-05,2025-05-03,Marc Harrigan,Home Office,East,Furniture,154.764
7148,2025-05,2025-05-03,Marc Harrigan,Home Office,East,Office Supplies,12.294
7149,2025-05,2025-05-03,Max Jones,Consumer,Central,Office Supplies,895.92
7150,2025-05,2025-05-03,Marc Harrigan,Home Office,East,Office Supplies,43.28
7151,2025-05,2025-05-03,Paul Van Hugh,Home Office,East,Technology,63.88
7152,2025-05,2025-05-03,Marc Harrigan,Home Office,East,Technology,776.85
7153,2025-05,2025-05-04,Guy Armstrong,Consumer,South,Office Supplies,40.41
7154,2025-05,2025-05-04,Bill Stewart,Corporate,West,Office Supplies,242.94
7155,2025-05,2025-05-04,Ken Black,Corporate,East,Technology,69.93
7156,2025-05,2025-05-05,Stephanie Ulpright,Home Office,Central,Furniture,89.768
7157,2025-05,2025-05-05,Shahid Collister,Consumer,East,Office Supplies,465.16
7158,2025-05,2025-05-05,Stephanie Ulpright,Home Office,Central,Office Supplies,19.456
7159,2025-05,2025-05-05,Stephanie Ulpright,Home Office,Central,Office Supplies,29.76
7160,2025-05,2025-05-05,Joy Bell-,Consumer,East,Office Supplies,174.3
7161,2025-05,2025-05-05,Shahid Collister,Consumer,East,Office Supplies,30.88
7162,2025-05,2025-05-05,Benjamin Farhat,Home Office,West,Office Supplies,45.36
7163,2025-05,2025-05-05,Benjamin Farhat,Home Office,West,Office Supplies,288.24
7164,2025-05,2025-05-05,Stephanie Ulpright,Home Office,Central,Office Supplies,15.552
7165,2025-05,2025-05-05,Shahid Collister,Consumer,East,Office Supplies,27.12
7166,2025-05,2025-05-05,Karen Ferguson,Home Office,West,Office Supplies,314.55
7167,2025-05,2025-05-05,Benjamin Farhat,Home Office,West,Office Supplies,90.8
7168,2025-05,2025-05-05,Sanjit Engle,Consumer,West,Office Supplies,1332.496
7169,2025-05,2025-05-05,Benjamin Farhat,Home Office,West,Technology,214.95
7170,2025-05,2025-05-05,Stephanie Ulpright,Home Office,Central,Technology,959.984
7171,2025-05,2025-05-05,Stephanie Ulpright,Home Office,Central,Technology,209.986
7172,2025-05,2025-05-05,Stephanie Ulpright,Home Office,Central,Technology,34.36
7173,2025-05,2025-05-05,Meg Tillman,Consumer,East,Technology,299.9
7174,2025-05,2025-05-05,Benjamin Farhat,Home Office,West,Technology,140.736
7175,2025-05,2025-05-05,Frank Hawley,Corporate,Central,Technology,7.992
7176,2025-05,2025-05-05,Nicole Fjeld,Home Office,West,Furniture,915.14
7177,2025-05,2025-05-05,Nicole Fjeld,Home Office,West,Furniture,327.76
7178,2025-05,2025-05-06,Brad Norvell,Corporate,Central,Technology,49.616
7179,2025-05,2025-05-08,Susan Pistek,Consumer,East,Furniture,51.264
7180,2025-05,2025-05-08,Ken Dana,Corporate,West,Office Supplies,140.67
7181,2025-05,2025-05-08,Ken Dana,Corporate,West,Office Supplies,19.68
7182,2025-05,2025-05-08,Ken Dana,Corporate,West,Office Supplies,70.464
7183,2025-05,2025-05-08,Susan Pistek,Consumer,East,Office Supplies,5.193
7184,2025-05,2025-05-08,Valerie Mitchum,Home Office,West,Office Supplies,6.48
7185,2025-05,2025-05-08,Susan Pistek,Consumer,East,Office Supplies,54.224
7186,2025-05,2025-05-08,Ken Dana,Corporate,West,Office Supplies,310.12
7187,2025-05,2025-05-08,Valerie Mitchum,Home Office,West,Office Supplies,46.51
7188,2025-05,2025-05-08,Susan Pistek,Consumer,East,Technology,159.984
7189,2025-05,2025-05-08,Matthew Grinstein,Home Office,East,Technology,445.44
7190,2025-05,2025-05-08,Valerie Mitchum,Home Office,West,Technology,659.976
7191,2025-05,2025-05-08,Susan Pistek,Consumer,East,Technology,44.376
7192,2025-05,2025-05-08,Harry Olson,Consumer,East,Furniture,140.67
7193,2025-05,2025-05-08,Harry Olson,Consumer,East,Furniture,19.68
7194,2025-05,2025-05-08,Harry Olson,Consumer,East,Office Supplies,70.464
7195,2025-05,2025-05-08,Harry Olson,Consumer,East,Office Supplies,310.12
7196,2025-05,2025-05-09,Denny Blanton,Consumer,East,Office Supplies,59.1
7197,2025-05,2025-05-09,Clay Ludtke,Consumer,West,Office Supplies,17.456
7198,2025-05,2025-05-09,Denny Blanton,Consumer,East,Office Supplies,9.144
7199,2025-05,2025-05-09,Philisse Overcash,Home Office,Central,Office Supplies,13.776
7200,2025-05,2025-05-09,Denny Blanton,Consumer,East,Office Supplies,18.75
7201,2025-05,2025-05-09,Ann Steele,Home Office,South,Office Supplies,4.608
7202,2025-05,2025-05-09,Denny Blanton,Consumer,East,Office Supplies,7.31
7203,2025-05,2025-05-09,Philisse Overcash,Home Office,Central,Office Supplies,10.272
7204,2025-05,2025-05-09,Denny Blanton,Consumer,East,Office Supplies,107.44
7205,2025-05,2025-05-09,Denny Blanton,Consumer,East,Office Supplies,46.53
7206,2025-05,2025-05-09,Denny Blanton,Consumer,East,Technology,57.06
7207,2025-05,2025-05-09,Denny Blanton,Consumer,East,Technology,71.6
7208,2025-05,2025-05-09,Denny Blanton,Consumer,East,Technology,119.7
7209,2025-05,2025-05-10,Carol Darley,Consumer,Central,Furniture,82.524
7210,2025-05,2025-05-10,Jason Klamczynski,Corporate,West,Office Supplies,90.86
7211,2025-05,2025-05-10,Carol Darley,Consumer,Central,Office Supplies,2.688
7212,2025-05,2025-05-10,Edward Nazzal,Consumer,Central,Office Supplies,23.832
7213,2025-05,2025-05-10,Barry Pond,Corporate,West,Office Supplies,13.9
7214,2025-05,2025-05-10,Scott Williamson,Consumer,West,Office Supplies,46.2
7215,2025-05,2025-05-10,Carol Darley,Consumer,Central,Office Supplies,182.994
7216,2025-05,2025-05-10,Barry Pond,Corporate,West,Office Supplies,19.4
7217,2025-05,2025-05-10,Carol Darley,Consumer,Central,Technology,27.816
7218,2025-05,2025-05-10,Thomas Thornton,Consumer,Central,Technology,537.544
7219,2025-05,2025-05-11,Sue Ann Reed,Consumer,West,Furniture,30.93
7220,2025-05,2025-05-11,Sue Ann Reed,Consumer,West,Furniture,697.16
7221,2025-05,2025-05-11,George Zrebassa,Corporate,West,Office Supplies,381.36
7222,2025-05,2025-05-11,Vivek Grady,Corporate,East,Office Supplies,8.94
7223,2025-05,2025-05-11,Sue Ann Reed,Consumer,West,Office Supplies,27.496
7224,2025-05,2025-05-11,Sue Ann Reed,Consumer,West,Office Supplies,14.624
7225,2025-05,2025-05-11,Natalie DeCherney,Consumer,West,Office Supplies,19.824
7226,2025-05,2025-05-11,Catherine Glotzbach,Home Office,East,Office Supplies,28.91
7227,2025-05,2025-05-11,Natalie DeCherney,Consumer,West,Technology,99.54
7228,2025-05,2025-05-11,Natalie DeCherney,Consumer,West,Technology,199.96
7229,2025-05,2025-05-11,Natalie DeCherney,Consumer,West,Technology,657.504
7230,2025-05,2025-05-11,Jill Trafton,Consumer,East,Furniture,72.294
7231,2025-05,2025-05-12,Troy Blackwell,Consumer,Central,Furniture,2.91
7232,2025-05,2025-05-12,Harry Greene,Consumer,Central,Office Supplies,56.704
7233,2025-05,2025-05-12,Roger Demir,Consumer,East,Office Supplies,61.96
7234,2025-05,2025-05-12,Harry Greene,Consumer,Central,Office Supplies,274.064
7235,2025-05,2025-05-12,Helen Wasserman,Corporate,West,Technology,265.93
7236,2025-05,2025-05-12,Roger Demir,Consumer,East,Technology,238.0
7237,2025-05,2025-05-13,Clay Ludtke,Consumer,Central,Furniture,1805.88
7238,2025-05,2025-05-13,Paul Stevenson,Home Office,West,Furniture,22.14
7239,2025-05,2025-05-13,Pauline Webber,Corporate,South,Office Supplies,64.384
7240,2025-05,2025-05-13,Steven Cartwright,Consumer,West,Office Supplies,8.544
7241,2025-05,2025-05-13,Steven Cartwright,Consumer,West,Office Supplies,10.896
7242,2025-05,2025-05-13,Paul Stevenson,Home Office,West,Office Supplies,30.576
7243,2025-05,2025-05-13,Ted Butterfield,Consumer,East,Office Supplies,8.856
7244,2025-05,2025-05-13,Paul Stevenson,Home Office,West,Office Supplies,13.02
7245,2025-05,2025-05-13,Robert Waldorf,Consumer,Central,Office Supplies,277.4
7246,2025-05,2025-05-13,Robert Waldorf,Consumer,Central,Office Supplies,5.78
7247,2025-05,2025-05-13,Paul Stevenson,Home Office,West,Office Supplies,359.32
7248,2025-05,2025-05-13,Steven Cartwright,Consumer,West,Office Supplies,725.84
7249,2025-05,2025-05-15,Bill Eplett,Home Office,West,Furniture,211.84
7250,2025-05,2025-05-15,Sanjit Jacobs,Home Office,West,Office Supplies,34.76
7251,2025-05,2025-05-15,Erin Creighton,Consumer,East,Office Supplies,25.68
7252,2025-05,2025-05-15,Raymond Buch,Consumer,West,Office Supplies,20.04
7253,2025-05,2025-05-15,Raymond Buch,Consumer,West,Office Supplies,32.48
7254,2025-05,2025-05-15,Anna Chung,Consumer,Central,Office Supplies,143.728
7255,2025-05,2025-05-15,Mary Zewe,Corporate,East,Office Supplies,347.58
7256,2025-05,2025-05-15,Raymond Buch,Consumer,West,Technology,13999.96
7257,2025-05,2025-05-16,Mark Van Huff,Consumer,East,Furniture,271.764
7258,2025-05,2025-05-16,Harold Ryan,Corporate,East,Furniture,207.846
7259,2025-05,2025-05-16,Harold Ryan,Corporate,East,Office Supplies,47.01
7260,2025-05,2025-05-16,Brian Moss,Corporate,East,Office Supplies,221.92
7261,2025-05,2025-05-16,Ann Chong,Corporate,Central,Office Supplies,12.768
7262,2025-05,2025-05-16,Brian Moss,Corporate,East,Technology,26.0
7263,2025-05,2025-05-16,Harold Ryan,Corporate,East,Technology,469.99
7264,2025-05,2025-05-17,Justin Deggeller,Corporate,Central,Furniture,90.99
7265,2025-05,2025-05-17,Justin Deggeller,Corporate,Central,Furniture,368.97
7266,2025-05,2025-05-17,Justin Deggeller,Corporate,Central,Furniture,1526.56
7267,2025-05,2025-05-17,Christina VanderZanden,Consumer,West,Office Supplies,176.04
7268,2025-05,2025-05-17,Filia McAdams,Corporate,West,Office Supplies,23.1
7269,2025-05,2025-05-17,John Lee,Consumer,East,Office Supplies,11.05
7270,2025-05,2025-05-17,Christina VanderZanden,Consumer,West,Office Supplies,16.02
7271,2025-05,2025-05-17,Christina VanderZanden,Consumer,West,Office Supplies,185.92
7272,2025-05,2025-05-17,Duane Benoit,Consumer,Central,Office Supplies,6.848
7273,2025-05,2025-05-17,Christina VanderZanden,Consumer,West,Technology,479.984
7274,2025-05,2025-05-17,Christina VanderZanden,Consumer,West,Technology,211.168
7275,2025-05,2025-05-17,John Castell,Consumer,Central,Technology,470.376
7276,2025-05,2025-05-18,Gary McGarr,Consumer,East,Furniture,257.568
7277,2025-05,2025-05-18,Michelle Lonsdale,Corporate,Central,Furniture,60.84
7278,2025-05,2025-05-18,Heather Kirkland,Corporate,Central,Office Supplies,87.168
7279,2025-05,2025-05-18,Maria Zettner,Home Office,West,Office Supplies,19.83
7280,2025-05,2025-05-18,Evan Minnotte,Home Office,South,Office Supplies,3.76
7281,2025-05,2025-05-18,Heather Kirkland,Corporate,Central,Office Supplies,74.352
7282,2025-05,2025-05-18,Heather Kirkland,Corporate,Central,Office Supplies,32.232
7283,2025-05,2025-05-18,Heather Kirkland,Corporate,Central,Technology,143.96
7284,2025-05,2025-05-18,Evan Minnotte,Home Office,South,Technology,53.25
7285,2025-05,2025-05-18,Heather Kirkland,Corporate,Central,Technology,2399.96
7286,2025-05,2025-05-18,Gary McGarr,Consumer,East,Technology,119.96
7287,2025-05,2025-05-19,Caroline Jumper,Consumer,Central,Furniture,1023.332
7288,2025-05,2025-05-19,Caroline Jumper,Consumer,Central,Furniture,211.246
7289,2025-05,2025-05-19,Caroline Jumper,Consumer,Central,Furniture,600.558
7290,2025-05,2025-05-19,Alejandro Grove,Consumer,East,Furniture,15.008
7291,2025-05,2025-05-19,Lena Cacioppo,Consumer,South,Furniture,292.1
7292,2025-05,2025-05-19,Lena Cacioppo,Consumer,South,Office Supplies,17.76
7293,2025-05,2025-05-19,Lena Cacioppo,Consumer,South,Office Supplies,8.26
7294,2025-05,2025-05-19,Brendan Dodson,Home Office,West,Office Supplies,45.68
7295,2025-05,2025-05-19,Brendan Dodson,Home Office,West,Office Supplies,11.94
7296,2025-05,2025-05-19,Brendan Dodson,Home Office,West,Office Supplies,110.96
7297,2025-05,2025-05-19,Lena Cacioppo,Consumer,South,Office Supplies,17.64
7298,2025-05,2025-05-19,Lena Cacioppo,Consumer,South,Office Supplies,332.94
7299,2025-05,2025-05-19,Caroline Jumper,Consumer,Central,Technology,39.992
7300,2025-05,2025-05-19,Lena Cacioppo,Consumer,South,Technology,206.1
7301,2025-05,2025-05-20,Dave Hallsten,Corporate,West,Furniture,26.48
7302,2025-05,2025-05-20,Dave Hallsten,Corporate,West,Furniture,21.56
7303,2025-05,2025-05-20,Cyma Kinney,Corporate,South,Office Supplies,68.742
7304,2025-05,2025-05-20,Dave Hallsten,Corporate,West,Office Supplies,12.96
7305,2025-05,2025-05-20,Dave Hallsten,Corporate,West,Office Supplies,20.04
7306,2025-05,2025-05-20,Dave Hallsten,Corporate,West,Office Supplies,26.72
7307,2025-05,2025-05-20,Dave Hallsten,Corporate,West,Office Supplies,795.48
7308,2025-05,2025-05-20,Dave Hallsten,Corporate,West,Technology,532.72
7309,2025-05,2025-05-21,Roger Demir,Consumer,Central,Office Supplies,81.4
7310,2025-05,2025-05-22,Alan Barnes,Consumer,West,Furniture,94.2
7311,2025-05,2025-05-22,Tom Boeckenhauer,Consumer,West,Office Supplies,6.08
7312,2025-05,2025-05-22,Becky Pak,Consumer,East,Office Supplies,5.715
7313,2025-05,2025-05-22,Tony Molinari,Consumer,Central,Office Supplies,325.86
7314,2025-05,2025-05-22,Maria Etezadi,Home Office,South,Office Supplies,59.76
7315,2025-05,2025-05-22,Tom Boeckenhauer,Consumer,West,Technology,164.792
7316,2025-05,2025-05-23,David Smith,Corporate,Central,Furniture,205.3328
7317,2025-05,2025-05-23,Daniel Byrd,Home Office,South,Furniture,61.0
7318,2025-05,2025-05-23,Chad McGuire,Consumer,East,Furniture,29.78
7319,2025-05,2025-05-23,Scott Cohen,Corporate,Central,Office Supplies,33.62
7320,2025-05,2025-05-23,Jim Epp,Corporate,South,Office Supplies,64.12
7321,2025-05,2025-05-23,Jim Epp,Corporate,South,Office Supplies,34.54
7322,2025-05,2025-05-23,Emily Grady,Consumer,Central,Office Supplies,13.468
7323,2025-05,2025-05-23,Chad McGuire,Consumer,East,Office Supplies,75.04
7324,2025-05,2025-05-23,Henry Goldwyn,Corporate,West,Office Supplies,29.7
7325,2025-05,2025-05-23,Jim Epp,Corporate,South,Technology,2999.95
7326,2025-05,2025-05-23,Daniel Byrd,Home Office,South,Technology,671.93
7327,2025-05,2025-05-23,Denny Ordway,Consumer,East,Technology,84.95
7328,2025-05,2025-05-23,Chad McGuire,Consumer,East,Technology,677.58
7329,2025-05,2025-05-24,Nick Crebassa,Corporate,West,Furniture,482.664
7330,2025-05,2025-05-24,Barry Französisch,Corporate,South,Furniture,218.352
7331,2025-05,2025-05-24,George Bell,Corporate,South,Furniture,127.95
7332,2025-05,2025-05-24,Barry Französisch,Corporate,South,Office Supplies,20.808
7333,2025-05,2025-05-24,Maribeth Schnelling,Consumer,West,Office Supplies,121.68
7334,2025-05,2025-05-24,Adam Shillingsburg,Consumer,Central,Office Supplies,28.4
7335,2025-05,2025-05-24,Barry Französisch,Corporate,South,Office Supplies,6.264
7336,2025-05,2025-05-24,Maribeth Schnelling,Consumer,West,Office Supplies,5.78
7337,2025-05,2025-05-24,John Castell,Consumer,East,Office Supplies,42.93
7338,2025-05,2025-05-24,Adam Shillingsburg,Consumer,Central,Office Supplies,94.2
7339,2025-05,2025-05-24,Nick Crebassa,Corporate,West,Technology,4799.984
7340,2025-05,2025-05-24,Barry Französisch,Corporate,South,Technology,23.976
7341,2025-05,2025-05-25,Jamie Frazer,Consumer,West,Furniture,25.11
7342,2025-05,2025-05-25,Tony Chapman,Home Office,South,Furniture,411.8
7343,2025-05,2025-05-25,Alyssa Tate,Home Office,East,Office Supplies,11.12
7344,2025-05,2025-05-25,Amy Hunt,Consumer,South,Office Supplies,14.94
7345,2025-05,2025-05-25,Tony Chapman,Home Office,South,Technology,360.0
7346,2025-05,2025-05-26,Katherine Hughes,Consumer,East,Furniture,25.472
7347,2025-05,2025-05-26,Sue Ann Reed,Consumer,Central,Office Supplies,7.056
7348,2025-05,2025-05-27,Tom Ashbrook,Home Office,East,Office Supplies,7.04
7349,2025-05,2025-05-27,Penelope Sewall,Home Office,East,Office Supplies,16.98
7350,2025-05,2025-05-27,Darrin Sayre,Home Office,East,Office Supplies,240.37
7351,2025-05,2025-05-27,Darrin Sayre,Home Office,East,Technology,119.02
7352,2025-05,2025-05-27,Darrin Sayre,Home Office,East,Technology,41.22
7353,2025-05,2025-05-27,Anne McFarland,Consumer,Central,Technology,383.84
7354,2025-05,2025-05-29,Charles Sheldon,Corporate,South,Office Supplies,8.1
7355,2025-05,2025-05-29,Max Ludwig,Home Office,Central,Office Supplies,106.32
7356,2025-05,2025-05-30,Christopher Schild,Home Office,South,Furniture,258.072
7357,2025-05,2025-05-30,Christopher Schild,Home Office,South,Furniture,233.86
7358,2025-05,2025-05-30,Christopher Schild,Home Office,South,Furniture,620.6145
7359,2025-05,2025-05-30,Hallie Redmond,Home Office,South,Office Supplies,16.256
7360,2025-05,2025-05-30,Christopher Schild,Home Office,South,Office Supplies,5.328
7361,2025-05,2025-05-30,Christopher Schild,Home Office,South,Technology,617.976
7362,2025-05,2025-05-30,Hallie Redmond,Home Office,South,Technology,219.184
7363,2025-05,2025-05-31,Denise Monton,Corporate,South,Furniture,56.28
7364,2025-05,2025-05-31,Nicole Hansen,Corporate,Central,Furniture,306.9
7365,2025-05,2025-05-31,Nicole Hansen,Corporate,Central,Furniture,273.96
7366,2025-05,2025-05-31,Karen Ferguson,Home Office,East,Office Supplies,41.95
7367,2025-05,2025-05-31,Denise Monton,Corporate,South,Office Supplies,2690.97
7368,2025-05,2025-05-31,Adrian Hane,Home Office,West,Office Supplies,244.55
7369,2025-05,2025-05-31,Adrian Hane,Home Office,West,Office Supplies,195.76
7370,2025-05,2025-05-31,Karen Ferguson,Home Office,East,Office Supplies,2591.56
7371,2025-06,2025-06-01,Bryan Spruell,Home Office,East,Office Supplies,35.97
7372,2025-06,2025-06-01,Sue Ann Reed,Consumer,South,Office Supplies,17.43
7373,2025-06,2025-06-01,Ken Lonsdale,Consumer,Central,Office Supplies,478.24
7374,2025-06,2025-06-01,Noah Childs,Corporate,East,Office Supplies,37.896
7375,2025-06,2025-06-01,Sue Ann Reed,Consumer,South,Office Supplies,15.12
7376,2025-06,2025-06-01,Bryan Spruell,Home Office,East,Office Supplies,8.64
7377,2025-06,2025-06-01,Bryan Spruell,Home Office,East,Office Supplies,9.82
7378,2025-06,2025-06-01,Sue Ann Reed,Consumer,South,Office Supplies,251.64
7379,2025-06,2025-06-01,Noah Childs,Corporate,East,Office Supplies,65.584
7380,2025-06,2025-06-01,Bryan Spruell,Home Office,East,Office Supplies,191.6
7381,2025-06,2025-06-01,Bryan Spruell,Home Office,East,Office Supplies,12.96
7382,2025-06,2025-06-01,Bryan Spruell,Home Office,East,Office Supplies,501.81
7383,2025-06,2025-06-02,Mitch Gastineau,Corporate,South,Furniture,12.32
7384,2025-06,2025-06-02,Bruce Stewart,Consumer,East,Furniture,36.672
7385,2025-06,2025-06-02,Bruce Stewart,Consumer,East,Office Supplies,195.104
7386,2025-06,2025-06-02,Mitch Gastineau,Corporate,South,Office Supplies,4.419
7387,2025-06,2025-06-02,Sanjit Jacobs,Home Office,East,Office Supplies,7.16
7388,2025-06,2025-06-02,Russell D'Ascenzo,Consumer,Central,Office Supplies,10.368
7389,2025-06,2025-06-02,Sanjit Jacobs,Home Office,East,Office Supplies,7.61
7390,2025-06,2025-06-02,Dennis Bolton,Home Office,East,Office Supplies,286.15
7391,2025-06,2025-06-02,Russell D'Ascenzo,Consumer,Central,Technology,95.736
7392,2025-06,2025-06-02,Dennis Bolton,Home Office,East,Technology,99.99
7393,2025-06,2025-06-03,Henry MacAllister,Consumer,South,Office Supplies,20.992
7394,2025-06,2025-06-03,Henry MacAllister,Consumer,South,Office Supplies,1.752
7395,2025-06,2025-06-03,Luke Weiss,Consumer,West,Office Supplies,41.86
7396,2025-06,2025-06-03,Sample Company A,Home Office,Central,Office Supplies,11.364
7397,2025-06,2025-06-03,Jack Lebron,Consumer,East,Office Supplies,16.768
7398,2025-06,2025-06-03,Luke Weiss,Consumer,West,Technology,199.95
7399,2025-06,2025-06-03,Jack Lebron,Consumer,East,Technology,27.12
7400,2025-06,2025-06-04,Bill Donatelli,Consumer,East,Office Supplies,29.7
7401,2025-06,2025-06-04,Bill Donatelli,Consumer,East,Office Supplies,39.96
7402,2025-06,2025-06-05,Yana Sorensen,Corporate,West,Furniture,436.704
7403,2025-06,2025-06-05,Rob Williams,Corporate,West,Office Supplies,895.92
7404,2025-06,2025-06-05,Dave Poirier,Corporate,East,Office Supplies,7.92
7405,2025-06,2025-06-05,Rob Williams,Corporate,West,Office Supplies,5.28
7406,2025-06,2025-06-06,Dorothy Wardle,Corporate,South,Furniture,198.272
7407,2025-06,2025-06-06,Christine Sundaresam,Consumer,East,Furniture,242.352
7408,2025-06,2025-06-06,Harry Marie,Corporate,East,Furniture,74.45
7409,2025-06,2025-06-06,Alan Barnes,Consumer,East,Office Supplies,89.856
7410,2025-06,2025-06-06,Alan Barnes,Consumer,East,Office Supplies,14.592
7411,2025-06,2025-06-06,Christine Sundaresam,Consumer,East,Office Supplies,10.776
7412,2025-06,2025-06-06,Craig Leslie,Home Office,Central,Office Supplies,8.76
7413,2025-06,2025-06-06,Alan Barnes,Consumer,East,Office Supplies,13.872
7414,2025-06,2025-06-07,Adam Hart,Corporate,West,Furniture,196.45
7415,2025-06,2025-06-07,Shahid Hopkins,Consumer,South,Office Supplies,4.89
7416,2025-06,2025-06-07,Bart Pistole,Corporate,South,Office Supplies,15.57
7417,2025-06,2025-06-07,Shirley Daniels,Home Office,Central,Office Supplies,20.736
7418,2025-06,2025-06-07,Noel Staavos,Corporate,West,Office Supplies,79.14
7419,2025-06,2025-06-07,Andrew Allen,Consumer,South,Office Supplies,15.552
7420,2025-06,2025-06-08,Joel Eaton,Consumer,West,Furniture,102.833
7421,2025-06,2025-06-08,Jesus Ocampo,Home Office,West,Office Supplies,40.74
7422,2025-06,2025-06-08,Paul Lucas,Home Office,Central,Office Supplies,16.52
7423,2025-06,2025-06-08,Natalie DeCherney,Consumer,Central,Office Supplies,26.046
7424,2025-06,2025-06-08,Natalie DeCherney,Consumer,Central,Office Supplies,2.896
7425,2025-06,2025-06-08,Roy Französisch,Consumer,East,Office Supplies,13.71
7426,2025-06,2025-06-08,Natalie DeCherney,Consumer,Central,Office Supplies,32.544
7427,2025-06,2025-06-08,Joel Eaton,Consumer,West,Office Supplies,205.92
7428,2025-06,2025-06-08,Edward Becker,Corporate,South,Office Supplies,477.24
7429,2025-06,2025-06-08,Edward Becker,Corporate,South,Technology,25.98
7430,2025-06,2025-06-09,Pamela Stobb,Consumer,West,Furniture,218.352
7431,2025-06,2025-06-09,Bruce Geld,Consumer,East,Furniture,60.312
7432,2025-06,2025-06-09,Sharelle Roach,Home Office,West,Office Supplies,12.03
7433,2025-06,2025-06-09,Sharelle Roach,Home Office,West,Office Supplies,21.594
7434,2025-06,2025-06-09,Sharelle Roach,Home Office,West,Office Supplies,8.964
7435,2025-06,2025-06-09,Pamela Stobb,Consumer,West,Office Supplies,10.9
7436,2025-06,2025-06-09,Pamela Stobb,Consumer,West,Office Supplies,7.38
7437,2025-06,2025-06-09,Pamela Stobb,Consumer,West,Office Supplies,23.04
7438,2025-06,2025-06-09,Sharelle Roach,Home Office,West,Office Supplies,20.736
7439,2025-06,2025-06-09,Pamela Stobb,Consumer,West,Office Supplies,28.14
7440,2025-06,2025-06-09,Brendan Murry,Corporate,Central,Office Supplies,195.136
7441,2025-06,2025-06-09,Pamela Stobb,Consumer,West,Technology,274.89
7442,2025-06,2025-06-09,Sharelle Roach,Home Office,West,Technology,2549.985
7443,2025-06,2025-06-09,Jessica Myrick,Consumer,West,Furniture,257.5
7444,2025-06,2025-06-12,Sarah Jordon,Consumer,Central,Furniture,317.058
7445,2025-06,2025-06-12,Cynthia Voltz,Corporate,East,Furniture,51.968
7446,2025-06,2025-06-12,Sarah Jordon,Consumer,Central,Furniture,14.56
7447,2025-06,2025-06-12,Sanjit Jacobs,Home Office,Central,Furniture,44.4
7448,2025-06,2025-06-12,Cynthia Voltz,Corporate,East,Furniture,42.408
7449,2025-06,2025-06-12,Sarah Jordon,Consumer,Central,Office Supplies,15.76
7450,2025-06,2025-06-12,Brad Eason,Home Office,East,Office Supplies,8.7
7451,2025-06,2025-06-12,Christina VanderZanden,Consumer,Central,Office Supplies,36.56
7452,2025-06,2025-06-12,Christina VanderZanden,Consumer,Central,Office Supplies,146.86
7453,2025-06,2025-06-12,Brad Eason,Home Office,East,Office Supplies,848.544
7454,2025-06,2025-06-12,Cynthia Voltz,Corporate,East,Office Supplies,332.704
7455,2025-06,2025-06-12,Cynthia Voltz,Corporate,East,Office Supplies,51.336
7456,2025-06,2025-06-12,Brad Eason,Home Office,East,Technology,122.382
7457,2025-06,2025-06-13,Janet Martin,Consumer,East,Furniture,908.82
7458,2025-06,2025-06-13,Joni Wasserman,Consumer,West,Furniture,162.6
7459,2025-06,2025-06-13,Shirley Jackson,Consumer,Central,Office Supplies,97.264
7460,2025-06,2025-06-13,Resi Pölking,Consumer,Central,Office Supplies,2.934
7461,2025-06,2025-06-13,Resi Pölking,Consumer,Central,Office Supplies,2.694
7462,2025-06,2025-06-13,Katherine Nockton,Corporate,Central,Office Supplies,20.736
7463,2025-06,2025-06-13,Joni Wasserman,Consumer,West,Technology,11.54
7464,2025-06,2025-06-13,Katherine Nockton,Corporate,Central,Technology,47.976
7465,2025-06,2025-06-14,Gary McGarr,Consumer,West,Furniture,18.28
7466,2025-06,2025-06-14,Meg O'Connel,Home Office,East,Furniture,254.352
7467,2025-06,2025-06-14,Bruce Degenhardt,Consumer,South,Office Supplies,675.06
7468,2025-06,2025-06-15,Parhena Norris,Home Office,South,Furniture,387.136
7469,2025-06,2025-06-15,Parhena Norris,Home Office,South,Furniture,77.952
7470,2025-06,2025-06-15,Sean O'Donnell,Consumer,West,Furniture,11.664
7471,2025-06,2025-06-15,Jay Fein,Consumer,West,Furniture,66.36
7472,2025-06,2025-06-15,Jay Fein,Consumer,West,Furniture,24.14
7473,2025-06,2025-06-15,Sally Knutson,Consumer,East,Office Supplies,121.94
7474,2025-06,2025-06-15,Greg Guthrie,Corporate,East,Office Supplies,11.76
7475,2025-06,2025-06-15,Jay Fein,Consumer,West,Office Supplies,92.88
7476,2025-06,2025-06-15,Sean O'Donnell,Consumer,West,Office Supplies,18.688
7477,2025-06,2025-06-15,Parhena Norris,Home Office,South,Office Supplies,3.0
7478,2025-06,2025-06-15,Greg Guthrie,Corporate,East,Office Supplies,5.344
7479,2025-06,2025-06-15,Tamara Dahlen,Consumer,East,Office Supplies,54.9
7480,2025-06,2025-06-15,Sally Knutson,Consumer,East,Office Supplies,122.71
7481,2025-06,2025-06-15,Parhena Norris,Home Office,South,Technology,45.408
7482,2025-06,2025-06-15,Sean Christensen,Consumer,Central,Technology,155.34
7483,2025-06,2025-06-16,Damala Kotsonis,Corporate,East,Office Supplies,99.28
7484,2025-06,2025-06-16,Art Ferguson,Consumer,Central,Office Supplies,10.43
7485,2025-06,2025-06-16,Damala Kotsonis,Corporate,East,Office Supplies,7.518
7486,2025-06,2025-06-16,Damala Kotsonis,Corporate,East,Office Supplies,1.188
7487,2025-06,2025-06-16,Michael Granlund,Home Office,West,Office Supplies,1.81
7488,2025-06,2025-06-16,Christine Phan,Corporate,South,Office Supplies,113.568
7489,2025-06,2025-06-16,Art Ferguson,Consumer,Central,Office Supplies,72.784
7490,2025-06,2025-06-16,Linda Southworth,Corporate,East,Technology,69.98
7491,2025-06,2025-06-16,Susan Vittorini,Consumer,West,Technology,552.0
7492,2025-06,2025-06-17,Rob Lucas,Consumer,West,Furniture,344.981
7493,2025-06,2025-06-17,Larry Hughes,Consumer,West,Office Supplies,8.896
7494,2025-06,2025-06-17,Parhena Norris,Home Office,South,Office Supplies,67.92
7495,2025-06,2025-06-17,Parhena Norris,Home Office,South,Office Supplies,42.048
7496,2025-06,2025-06-17,Lauren Leatherbury,Consumer,West,Office Supplies,73.344
7497,2025-06,2025-06-17,Mick Brown,Consumer,West,Office Supplies,13.904
7498,2025-06,2025-06-17,Lauren Leatherbury,Consumer,West,Office Supplies,19.05
7499,2025-06,2025-06-17,Speros Goranitis,Consumer,West,Technology,107.97
7500,2025-06,2025-06-18,Larry Blacks,Consumer,Central,Furniture,1.988
7501,2025-06,2025-06-18,Philisse Overcash,Home Office,West,Office Supplies,39.28
7502,2025-06,2025-06-18,Philisse Overcash,Home Office,West,Office Supplies,20.34
7503,2025-06,2025-06-19,Cynthia Voltz,Corporate,Central,Furniture,220.2656
7504,2025-06,2025-06-19,Henry MacAllister,Consumer,West,Furniture,139.58
7505,2025-06,2025-06-19,Arthur Prichep,Consumer,West,Office Supplies,12.39
7506,2025-06,2025-06-19,Arthur Prichep,Consumer,West,Office Supplies,47.3
7507,2025-06,2025-06-19,Arthur Prichep,Consumer,West,Office Supplies,123.92
7508,2025-06,2025-06-19,Cynthia Voltz,Corporate,Central,Office Supplies,33.12
7509,2025-06,2025-06-20,Jack Lebron,Consumer,South,Office Supplies,28.08
7510,2025-06,2025-06-20,Matt Connell,Corporate,East,Office Supplies,6.848
7511,2025-06,2025-06-20,Matt Connell,Corporate,East,Office Supplies,8.384
7512,2025-06,2025-06-20,Janet Lee,Consumer,South,Technology,751.984
7513,2025-06,2025-06-21,Filia McAdams,Corporate,East,Furniture,1048.35
7514,2025-06,2025-06-21,Kean Thornton,Consumer,East,Office Supplies,4.91
7515,2025-06,2025-06-22,Don Jones,Corporate,West,Furniture,64.96
7516,2025-06,2025-06-22,Mick Hernandez,Home Office,South,Furniture,220.704
7517,2025-06,2025-06-22,Saphhira Shifley,Corporate,South,Furniture,23.68
7518,2025-06,2025-06-22,Ann Steele,Home Office,South,Office Supplies,15.528
7519,2025-06,2025-06-22,Erin Ashbrook,Corporate,West,Office Supplies,9.78
7520,2025-06,2025-06-22,Mick Hernandez,Home Office,South,Office Supplies,4.842
7521,2025-06,2025-06-22,Tony Chapman,Home Office,Central,Office Supplies,43.372
7522,2025-06,2025-06-22,Nick Zandusky,Home Office,West,Office Supplies,23.24
7523,2025-06,2025-06-22,Quincy Jones,Corporate,East,Office Supplies,13.896
7524,2025-06,2025-06-22,Don Jones,Corporate,West,Office Supplies,30.56
7525,2025-06,2025-06-22,Dionis Lloyd,Corporate,East,Office Supplies,62.96
7526,2025-06,2025-06-22,Ann Steele,Home Office,South,Office Supplies,11.952
7527,2025-06,2025-06-22,Ann Steele,Home Office,South,Office Supplies,4.608
7528,2025-06,2025-06-22,Neoma Murray,Consumer,East,Office Supplies,5.76
7529,2025-06,2025-06-22,Alan Dominguez,Home Office,West,Office Supplies,163.96
7530,2025-06,2025-06-22,Jeremy Farry,Consumer,East,Office Supplies,10.368
7531,2025-06,2025-06-22,Saphhira Shifley,Corporate,South,Technology,2.376
7532,2025-06,2025-06-22,Quincy Jones,Corporate,East,Technology,677.58
7533,2025-06,2025-06-23,Arthur Gainer,Consumer,South,Furniture,314.352
7534,2025-06,2025-06-23,Caroline Jumper,Consumer,South,Furniture,2803.92
7535,2025-06,2025-06-23,Caroline Jumper,Consumer,South,Furniture,933.262
7536,2025-06,2025-06-23,Arthur Gainer,Consumer,South,Office Supplies,4.608
7537,2025-06,2025-06-23,Caroline Jumper,Consumer,South,Office Supplies,3.328
7538,2025-06,2025-06-23,Sanjit Jacobs,Home Office,South,Technology,48.9
7539,2025-06,2025-06-24,Dorothy Wardle,Corporate,East,Furniture,129.93
7540,2025-06,2025-06-24,Dorothy Dickinson,Consumer,West,Office Supplies,59.52
7541,2025-06,2025-06-24,Dorothy Dickinson,Consumer,West,Office Supplies,34.4
7542,2025-06,2025-06-24,Dorothy Dickinson,Consumer,West,Office Supplies,15.7
7543,2025-06,2025-06-24,Elizabeth Moffitt,Corporate,West,Technology,159.56
7544,2025-06,2025-06-25,Bill Overfelt,Corporate,East,Furniture,32.448
7545,2025-06,2025-06-25,Bill Overfelt,Corporate,East,Furniture,373.47
7546,2025-06,2025-06-25,Mike Kennedy,Consumer,West,Office Supplies,22.96
7547,2025-06,2025-06-25,Bill Overfelt,Corporate,East,Office Supplies,64.2
7548,2025-06,2025-06-25,Bill Overfelt,Corporate,East,Office Supplies,26.388
7549,2025-06,2025-06-25,Bill Overfelt,Corporate,East,Office Supplies,8.0
7550,2025-06,2025-06-25,Mike Kennedy,Consumer,West,Office Supplies,25.92
7551,2025-06,2025-06-25,Darren Budd,Corporate,West,Office Supplies,763.44
7552,2025-06,2025-06-25,Darren Budd,Corporate,West,Office Supplies,69.52
7553,2025-06,2025-06-26,Lindsay Williams,Corporate,West,Furniture,300.904
7554,2025-06,2025-06-26,Chris Cortes,Consumer,West,Office Supplies,243.16
7555,2025-06,2025-06-26,Muhammed Yedwab,Corporate,East,Office Supplies,2.202
7556,2025-06,2025-06-26,Muhammed Yedwab,Corporate,East,Office Supplies,9.396
7557,2025-06,2025-06-26,Shahid Hopkins,Consumer,East,Office Supplies,2.313
7558,2025-06,2025-06-26,Mike Kennedy,Consumer,South,Office Supplies,9.11
7559,2025-06,2025-06-26,Lindsay Williams,Corporate,West,Office Supplies,17.61
7560,2025-06,2025-06-26,Mike Kennedy,Consumer,South,Office Supplies,32.4
7561,2025-06,2025-06-26,Mike Kennedy,Consumer,South,Office Supplies,16.91
7562,2025-06,2025-06-26,Mike Kennedy,Consumer,South,Office Supplies,571.44
7563,2025-06,2025-06-26,Lindsay Williams,Corporate,West,Technology,183.96
7564,2025-06,2025-06-27,Lisa Hazard,Consumer,West,Furniture,89.991
7565,2025-06,2025-06-27,Lisa Hazard,Consumer,West,Office Supplies,9.552
7566,2025-06,2025-06-27,Yana Sorensen,Corporate,South,Office Supplies,34.5
7567,2025-06,2025-06-27,Lisa Hazard,Consumer,West,Office Supplies,21.24
7568,2025-06,2025-06-27,Darren Koutras,Consumer,West,Office Supplies,23.16
7569,2025-06,2025-06-27,Arianne Irving,Consumer,East,Office Supplies,6.68
7570,2025-06,2025-06-27,Frank Gastineau,Home Office,East,Office Supplies,6.48
7571,2025-06,2025-06-28,Dorothy Badders,Corporate,Central,Furniture,623.4648
7572,2025-06,2025-06-28,Trudy Schmidt,Consumer,West,Office Supplies,152.94
7573,2025-06,2025-06-28,Gary Zandusky,Consumer,South,Office Supplies,54.66
7574,2025-06,2025-06-28,Max Ludwig,Home Office,Central,Office Supplies,6.408
7575,2025-06,2025-06-28,Dorothy Badders,Corporate,Central,Office Supplies,11.06
7576,2025-06,2025-06-28,Mick Brown,Consumer,South,Office Supplies,68.541
7577,2025-06,2025-06-28,Mick Brown,Consumer,South,Office Supplies,122.12
7578,2025-06,2025-06-28,Toby Carlisle,Consumer,East,Office Supplies,59.2
7579,2025-06,2025-06-28,Doug Bickford,Consumer,West,Office Supplies,84.416
7580,2025-06,2025-06-28,Dorothy Badders,Corporate,Central,Office Supplies,772.68
7581,2025-06,2025-06-28,Jeremy Farry,Consumer,Central,Technology,191.968
7582,2025-06,2025-06-28,Max Ludwig,Home Office,Central,Technology,408.744
7583,2025-06,2025-06-28,Mick Brown,Consumer,South,Technology,627.168
7584,2025-06,2025-06-29,Rick Wilson,Corporate,Central,Furniture,476.8
7585,2025-06,2025-06-29,Rick Wilson,Corporate,Central,Furniture,26.64
7586,2025-06,2025-06-29,Rick Wilson,Corporate,Central,Furniture,1458.65
7587,2025-06,2025-06-29,Rick Wilson,Corporate,Central,Office Supplies,87.444
7588,2025-06,2025-06-29,Adam Bellavance,Home Office,West,Technology,79.99
7589,2025-06,2025-06-29,Carlos Soltero,Consumer,West,Technology,419.944
7590,2025-06,2025-06-30,Don Jones,Corporate,East,Furniture,128.058
7591,2025-06,2025-06-30,Maribeth Dona,Consumer,East,Furniture,47.992
7592,2025-06,2025-06-30,Michelle Moray,Consumer,West,Office Supplies,81.08
7593,2025-06,2025-06-30,Ed Braxton,Corporate,Central,Office Supplies,41.472
7594,2025-06,2025-06-30,Penelope Sewall,Home Office,West,Technology,3359.952
7595,2025-07,2025-07-01,Matt Connell,Corporate,South,Furniture,207.0
7596,2025-07,2025-07-01,Laurel Beltran,Home Office,West,Furniture,286.85
7597,2025-07,2025-07-01,Laurel Beltran,Home Office,West,Office Supplies,147.92
7598,2025-07,2025-07-01,Matt Connell,Corporate,South,Office Supplies,65.232
7599,2025-07,2025-07-01,Laurel Beltran,Home Office,West,Office Supplies,104.28
7600,2025-07,2025-07-01,Laurel Beltran,Home Office,West,Office Supplies,66.96
7601,2025-07,2025-07-01,Laurel Beltran,Home Office,West,Technology,199.98
7602,2025-07,2025-07-03,Todd Sumrall,Corporate,West,Furniture,209.979
7603,2025-07,2025-07-03,Julie Kriz,Home Office,Central,Furniture,7.996
7604,2025-07,2025-07-03,Julie Kriz,Home Office,Central,Office Supplies,5.248
7605,2025-07,2025-07-03,Zuschuss Carroll,Consumer,East,Office Supplies,43.92
7606,2025-07,2025-07-03,Liz Pelletier,Consumer,West,Office Supplies,26.032
7607,2025-07,2025-07-03,Liz Pelletier,Consumer,West,Office Supplies,37.59
7608,2025-07,2025-07-03,Liz Pelletier,Consumer,West,Office Supplies,37.44
7609,2025-07,2025-07-03,Julie Kriz,Home Office,Central,Office Supplies,6.848
7610,2025-07,2025-07-03,Julie Kriz,Home Office,Central,Office Supplies,74.416
7611,2025-07,2025-07-04,Cynthia Arntzen,Consumer,East,Furniture,42.85
7612,2025-07,2025-07-04,Charles Sheldon,Corporate,West,Furniture,285.48
7613,2025-07,2025-07-04,Charles Sheldon,Corporate,West,Office Supplies,7.77
7614,2025-07,2025-07-04,Julie Prescott,Home Office,East,Office Supplies,10.272
7615,2025-07,2025-07-04,Charles Sheldon,Corporate,West,Office Supplies,19.168
7616,2025-07,2025-07-04,Alyssa Crouse,Corporate,Central,Office Supplies,34.24
7617,2025-07,2025-07-04,Jonathan Howell,Consumer,East,Office Supplies,5.904
7618,2025-07,2025-07-04,Cynthia Arntzen,Consumer,East,Office Supplies,6.16
7619,2025-07,2025-07-04,Chloris Kastensmidt,Consumer,East,Office Supplies,87.6
7620,2025-07,2025-07-04,Alyssa Crouse,Corporate,Central,Office Supplies,127.92
7621,2025-07,2025-07-04,Charles Sheldon,Corporate,West,Office Supplies,238.62
7622,2025-07,2025-07-04,Cynthia Arntzen,Consumer,East,Office Supplies,17.0
7623,2025-07,2025-07-04,Cynthia Arntzen,Consumer,East,Technology,87.4
7624,2025-07,2025-07-05,Mick Hernandez,Home Office,East,Furniture,458.43
7625,2025-07,2025-07-05,Frank Hawley,Corporate,South,Office Supplies,20.768
7626,2025-07,2025-07-05,Carl Weiss,Home Office,East,Office Supplies,299.52
7627,2025-07,2025-07-05,Brian Moss,Corporate,Central,Office Supplies,914.97
7628,2025-07,2025-07-05,Brian Moss,Corporate,Central,Office Supplies,180.96
7629,2025-07,2025-07-05,Ross Baird,Home Office,West,Office Supplies,58.48
7630,2025-07,2025-07-05,Brian Moss,Corporate,Central,Office Supplies,14.94
7631,2025-07,2025-07-05,Brian Moss,Corporate,Central,Office Supplies,530.34
7632,2025-07,2025-07-05,Brian Moss,Corporate,Central,Technology,587.97
7633,2025-07,2025-07-06,Anthony Jacobs,Corporate,East,Furniture,261.96
7634,2025-07,2025-07-06,Greg Tran,Consumer,Central,Furniture,899.43
7635,2025-07,2025-07-06,Pauline Johnson,Consumer,West,Furniture,18.28
7636,2025-07,2025-07-06,Greg Tran,Consumer,Central,Office Supplies,46.2
7637,2025-07,2025-07-06,Anthony Jacobs,Corporate,East,Office Supplies,3.76
7638,2025-07,2025-07-06,Anthony Jacobs,Corporate,East,Office Supplies,14.7
7639,2025-07,2025-07-06,Anthony Jacobs,Corporate,East,Office Supplies,37.2
7640,2025-07,2025-07-06,Darren Powers,Consumer,East,Office Supplies,58.17
7641,2025-07,2025-07-06,Eva Jacobs,Consumer,South,Office Supplies,48.69
7642,2025-07,2025-07-06,Darren Powers,Consumer,East,Office Supplies,5.04
7643,2025-07,2025-07-06,Anthony Jacobs,Corporate,East,Office Supplies,74.0
7644,2025-07,2025-07-06,Greg Tran,Consumer,Central,Office Supplies,47.952
7645,2025-07,2025-07-06,Darren Powers,Consumer,East,Office Supplies,24.784
7646,2025-07,2025-07-06,Greg Tran,Consumer,Central,Office Supplies,76.864
7647,2025-07,2025-07-06,Ken Black,Corporate,West,Office Supplies,440.19
7648,2025-07,2025-07-06,Amy Hunt,Consumer,East,Office Supplies,22.58
7649,2025-07,2025-07-06,Ken Black,Corporate,West,Office Supplies,64.4
7650,2025-07,2025-07-06,Pauline Johnson,Consumer,West,Technology,1399.93
7651,2025-07,2025-07-06,Anthony Jacobs,Corporate,East,Technology,89.97
7652,2025-07,2025-07-06,Amy Hunt,Consumer,East,Technology,539.97
7653,2025-07,2025-07-06,Greg Tran,Consumer,Central,Technology,7.992
7654,2025-07,2025-07-07,Jason Fortune-,Consumer,West,Furniture,42.624
7655,2025-07,2025-07-07,Jason Fortune-,Consumer,West,Furniture,220.96
7656,2025-07,2025-07-07,Jason Fortune-,Consumer,West,Furniture,39.96
7657,2025-07,2025-07-07,Joseph Airdo,Consumer,West,Office Supplies,4.752
7658,2025-07,2025-07-07,Joy Daniels,Consumer,Central,Office Supplies,56.704
7659,2025-07,2025-07-07,Joseph Airdo,Consumer,West,Office Supplies,15.552
7660,2025-07,2025-07-07,Joy Daniels,Consumer,Central,Technology,11.12
7661,2025-07,2025-07-07,Joseph Airdo,Consumer,West,Technology,29.592
7662,2025-07,2025-07-08,John Murray,Consumer,East,Office Supplies,221.024
7663,2025-07,2025-07-10,Todd Boyes,Corporate,South,Furniture,302.94
7664,2025-07,2025-07-10,Brendan Murry,Corporate,Central,Furniture,1.892
7665,2025-07,2025-07-10,Toby Swindell,Consumer,East,Furniture,14.56
7666,2025-07,2025-07-10,Brendan Murry,Corporate,Central,Furniture,22.608
7667,2025-07,2025-07-10,Paul Prost,Home Office,Central,Office Supplies,706.86
7668,2025-07,2025-07-10,Todd Boyes,Corporate,South,Office Supplies,17.24
7669,2025-07,2025-07-10,Todd Boyes,Corporate,South,Office Supplies,113.94
7670,2025-07,2025-07-10,Toby Swindell,Consumer,East,Office Supplies,3.048
7671,2025-07,2025-07-10,Paul Prost,Home Office,Central,Office Supplies,43.19
7672,2025-07,2025-07-10,Susan Gilcrest,Corporate,Central,Office Supplies,1.996
7673,2025-07,2025-07-10,Susan Gilcrest,Corporate,Central,Office Supplies,6.874
7674,2025-07,2025-07-10,Susan Gilcrest,Corporate,Central,Office Supplies,8.928
7675,2025-07,2025-07-10,Brosina Hoffman,Consumer,East,Technology,36.048
7676,2025-07,2025-07-10,Todd Boyes,Corporate,South,Technology,34.75
7677,2025-07,2025-07-10,Adrian Barton,Consumer,West,Technology,344.704
7678,2025-07,2025-07-10,Todd Boyes,Corporate,South,Technology,55.98
7679,2025-07,2025-07-10,Paul Prost,Home Office,Central,Technology,114.95
7680,2025-07,2025-07-10,George Zrebassa,Corporate,East,Office Supplies,19.44
7681,2025-07,2025-07-11,Shahid Collister,Consumer,South,Furniture,1628.82
7682,2025-07,2025-07-11,Adam Hart,Corporate,South,Furniture,314.352
7683,2025-07,2025-07-11,Becky Castell,Home Office,West,Furniture,681.408
7684,2025-07,2025-07-11,Roland Schwarz,Corporate,East,Office Supplies,281.34
7685,2025-07,2025-07-11,Annie Thurman,Consumer,West,Office Supplies,97.16
7686,2025-07,2025-07-11,Becky Castell,Home Office,West,Office Supplies,5.58
7687,2025-07,2025-07-11,Becky Castell,Home Office,West,Office Supplies,3.52
7688,2025-07,2025-07-11,Neil Ducich,Corporate,South,Office Supplies,26.16
7689,2025-07,2025-07-11,Sue Ann Reed,Consumer,West,Office Supplies,133.12
7690,2025-07,2025-07-11,Jason Fortune-,Consumer,Central,Office Supplies,13.216
7691,2025-07,2025-07-11,Shahid Collister,Consumer,South,Office Supplies,286.93
7692,2025-07,2025-07-11,Adam Hart,Corporate,South,Office Supplies,27.888
7693,2025-07,2025-07-11,John Castell,Consumer,South,Office Supplies,195.64
7694,2025-07,2025-07-11,Patrick Jones,Corporate,Central,Office Supplies,38.016
7695,2025-07,2025-07-11,Becky Castell,Home Office,West,Technology,36.32
7696,2025-07,2025-07-11,Roland Schwarz,Corporate,East,Technology,299.97
7697,2025-07,2025-07-11,Shahid Collister,Consumer,South,Technology,67.8
7698,2025-07,2025-07-11,Roland Schwarz,Corporate,East,Technology,307.98
7699,2025-07,2025-07-11,Jason Fortune-,Consumer,Central,Technology,95.992
7700,2025-07,2025-07-11,Shahid Collister,Consumer,South,Technology,377.97
7701,2025-07,2025-07-12,Chuck Clark,Home Office,West,Furniture,518.272
7702,2025-07,2025-07-12,Chuck Clark,Home Office,West,Furniture,6.98
7703,2025-07,2025-07-12,Rick Duston,Consumer,West,Office Supplies,64.9
7704,2025-07,2025-07-12,Nat Carroll,Consumer,Central,Office Supplies,21.5
7705,2025-07,2025-07-12,Nat Carroll,Consumer,Central,Office Supplies,25.92
7706,2025-07,2025-07-12,Nat Carroll,Consumer,Central,Office Supplies,131.94
7707,2025-07,2025-07-12,Allen Rosenblatt,Corporate,Central,Office Supplies,41.28
7708,2025-07,2025-07-12,Rick Duston,Consumer,West,Office Supplies,8.288
7709,2025-07,2025-07-12,Nat Carroll,Consumer,Central,Office Supplies,7.41
7710,2025-07,2025-07-12,Nat Carroll,Consumer,Central,Office Supplies,704.76
7711,2025-07,2025-07-12,Chuck Clark,Home Office,West,Technology,343.2
7712,2025-07,2025-07-12,Rick Duston,Consumer,West,Technology,1123.128
7713,2025-07,2025-07-12,Chuck Clark,Home Office,West,Furniture,518.272
7714,2025-07,2025-07-12,Chuck Clark,Home Office,West,Furniture,6.98
7715,2025-07,2025-07-12,Chuck Clark,Home Office,West,Technology,343.2
7716,2025-07,2025-07-13,John Grady,Corporate,East,Furniture,520.05
7717,2025-07,2025-07-13,John Grady,Corporate,East,Office Supplies,17.97
7718,2025-07,2025-07-14,Laurel Elliston,Consumer,Central,Furniture,181.986
7719,2025-07,2025-07-14,Rob Lucas,Consumer,West,Office Supplies,49.56
7720,2025-07,2025-07-14,Vicky Freymann,Home Office,West,Office Supplies,9.84
7721,2025-07,2025-07-14,Vicky Freymann,Home Office,West,Office Supplies,2.78
7722,2025-07,2025-07-14,Laurel Elliston,Consumer,Central,Office Supplies,1.592
7723,2025-07,2025-07-14,Laurel Elliston,Consumer,Central,Office Supplies,22.344
7724,2025-07,2025-07-14,Eric Hoffmann,Consumer,West,Technology,68.46
7725,2025-07,2025-07-15,Vivek Sundaresam,Consumer,West,Furniture,171.288
7726,2025-07,2025-07-15,Ken Lonsdale,Consumer,Central,Office Supplies,18.32
7727,2025-07,2025-07-15,Ken Lonsdale,Consumer,Central,Office Supplies,1.188
7728,2025-07,2025-07-15,Ken Lonsdale,Consumer,Central,Office Supplies,1.824
7729,2025-07,2025-07-15,Ken Lonsdale,Consumer,Central,Office Supplies,48.816
7730,2025-07,2025-07-17,Trudy Brown,Consumer,East,Furniture,18.84
7731,2025-07,2025-07-17,Mick Hernandez,Home Office,South,Office Supplies,29.84
7732,2025-07,2025-07-17,Trudy Brown,Consumer,East,Office Supplies,663.92
7733,2025-07,2025-07-17,Trudy Brown,Consumer,East,Office Supplies,3.29
7734,2025-07,2025-07-17,Jeremy Lonsdale,Consumer,Central,Office Supplies,50.136
7735,2025-07,2025-07-17,Trudy Brown,Consumer,East,Technology,120.0
7736,2025-07,2025-07-18,Kimberly Carter,Corporate,South,Office Supplies,208.44
7737,2025-07,2025-07-18,Carlos Daly,Consumer,West,Office Supplies,12.96
7738,2025-07,2025-07-18,Kimberly Carter,Corporate,South,Office Supplies,25.76
7739,2025-07,2025-07-18,Bryan Mills,Consumer,South,Technology,23.08
7740,2025-07,2025-07-19,Duane Noonan,Consumer,Central,Furniture,477.3
7741,2025-07,2025-07-19,James Galang,Consumer,West,Furniture,35.0
7742,2025-07,2025-07-19,Roy Phan,Corporate,West,Office Supplies,31.44
7743,2025-07,2025-07-19,Dianna Wilson,Home Office,South,Office Supplies,58.34
7744,2025-07,2025-07-19,Bart Watters,Corporate,South,Office Supplies,12.06
7745,2025-07,2025-07-19,Eric Hoffmann,Consumer,South,Office Supplies,25.92
7746,2025-07,2025-07-19,James Galang,Consumer,West,Office Supplies,477.15
7747,2025-07,2025-07-19,Bart Watters,Corporate,South,Technology,27.192
7748,2025-07,2025-07-19,Roy Phan,Corporate,West,Technology,98.16
7749,2025-07,2025-07-19,Dianna Wilson,Home Office,South,Technology,539.97
7750,2025-07,2025-07-19,James Galang,Consumer,West,Technology,302.376
7751,2025-07,2025-07-20,Alice McCarthy,Corporate,East,Furniture,115.96
7752,2025-07,2025-07-20,Patrick O'Donnell,Consumer,South,Furniture,301.96
7753,2025-07,2025-07-20,Tiffany House,Corporate,Central,Furniture,106.869
7754,2025-07,2025-07-20,Lori Olson,Corporate,East,Furniture,247.44
7755,2025-07,2025-07-20,Michael Dominguez,Corporate,East,Furniture,27.46
7756,2025-07,2025-07-20,Michael Dominguez,Corporate,East,Office Supplies,125.13
7757,2025-07,2025-07-20,Tiffany House,Corporate,Central,Office Supplies,3.564
7758,2025-07,2025-07-20,Candace McMahon,Corporate,West,Office Supplies,15.552
7759,2025-07,2025-07-20,Alice McCarthy,Corporate,East,Office Supplies,13.872
7760,2025-07,2025-07-20,Candace McMahon,Corporate,West,Technology,271.968
7761,2025-07,2025-07-20,Candace McMahon,Corporate,West,Technology,195.96
7762,2025-07,2025-07-20,Jonathan Howell,Consumer,Central,Technology,54.368
7763,2025-07,2025-07-21,Henia Zydlo,Consumer,Central,Furniture,65.424
7764,2025-07,2025-07-21,Maris LaWare,Consumer,Central,Furniture,6.24
7765,2025-07,2025-07-21,Maris LaWare,Consumer,Central,Office Supplies,465.16
7766,2025-07,2025-07-21,Maris LaWare,Consumer,Central,Office Supplies,43.41
7767,2025-07,2025-07-21,Jesus Ocampo,Home Office,Central,Office Supplies,23.55
7768,2025-07,2025-07-21,Guy Thornton,Consumer,Central,Office Supplies,25.92
7769,2025-07,2025-07-21,Maris LaWare,Consumer,Central,Office Supplies,7.98
7770,2025-07,2025-07-21,Guy Thornton,Consumer,Central,Office Supplies,53.424
7771,2025-07,2025-07-22,Bruce Degenhardt,Consumer,South,Furniture,241.96
7772,2025-07,2025-07-22,Kean Thornton,Consumer,Central,Furniture,204.6664
7773,2025-07,2025-07-22,Michael Granlund,Home Office,West,Furniture,13.592
7774,2025-07,2025-07-22,Bruce Degenhardt,Consumer,South,Furniture,8.01
7775,2025-07,2025-07-22,Kelly Andreada,Consumer,West,Office Supplies,35.1
7776,2025-07,2025-07-22,Bruce Degenhardt,Consumer,South,Office Supplies,3.89
7777,2025-07,2025-07-22,Suzanne McNair,Corporate,West,Office Supplies,37.52
7778,2025-07,2025-07-22,Michael Granlund,Home Office,West,Technology,35.36
7779,2025-07,2025-07-22,Michael Granlund,Home Office,West,Technology,156.792
7780,2025-07,2025-07-24,Helen Wasserman,Corporate,Central,Furniture,1925.88
7781,2025-07,2025-07-24,Barry Blumstein,Corporate,East,Office Supplies,17.48
7782,2025-07,2025-07-24,Helen Wasserman,Corporate,Central,Office Supplies,2405.2
7783,2025-07,2025-07-24,Helen Wasserman,Corporate,Central,Office Supplies,17.38
7784,2025-07,2025-07-24,Fred Harton,Consumer,East,Office Supplies,3.798
7785,2025-07,2025-07-24,Cynthia Voltz,Corporate,Central,Office Supplies,53.9
7786,2025-07,2025-07-24,Fred Harton,Consumer,East,Office Supplies,27.744
7787,2025-07,2025-07-24,Barry Weirich,Consumer,East,Office Supplies,324.744
7788,2025-07,2025-07-24,Helen Wasserman,Corporate,Central,Technology,39.89
7789,2025-07,2025-07-24,Helen Wasserman,Corporate,Central,Technology,83.97
7790,2025-07,2025-07-24,Fred Harton,Consumer,East,Technology,158.376
7791,2025-07,2025-07-25,Denny Ordway,Consumer,West,Office Supplies,43.92
7792,2025-07,2025-07-25,John Dryer,Consumer,Central,Office Supplies,10.688
7793,2025-07,2025-07-25,Denny Ordway,Consumer,West,Office Supplies,25.344
7794,2025-07,2025-07-25,Cari Schnelling,Consumer,South,Office Supplies,25.344
7795,2025-07,2025-07-25,Alejandro Ballentine,Home Office,East,Office Supplies,27.44
7796,2025-07,2025-07-25,Alejandro Ballentine,Home Office,East,Technology,2.97
7797,2025-07,2025-07-26,Nick Radford,Consumer,South,Furniture,241.568
7798,2025-07,2025-07-26,Heather Kirkland,Corporate,South,Furniture,35.168
7799,2025-07,2025-07-26,Katherine Nockton,Corporate,East,Furniture,384.768
7800,2025-07,2025-07-26,Nick Radford,Consumer,South,Office Supplies,24.472
7801,2025-07,2025-07-26,Nick Radford,Consumer,South,Office Supplies,5.2
7802,2025-07,2025-07-26,Saphhira Shifley,Corporate,West,Office Supplies,3.912
7803,2025-07,2025-07-26,Nick Radford,Consumer,South,Office Supplies,4.554
7804,2025-07,2025-07-26,Nick Radford,Consumer,South,Office Supplies,15.552
7805,2025-07,2025-07-26,Saphhira Shifley,Corporate,West,Office Supplies,11.96
7806,2025-07,2025-07-26,Katherine Nockton,Corporate,East,Office Supplies,45.36
7807,2025-07,2025-07-26,Meg O'Connel,Home Office,West,Office Supplies,136.26
7808,2025-07,2025-07-26,Nick Radford,Consumer,South,Technology,110.4
7809,2025-07,2025-07-26,Saphhira Shifley,Corporate,West,Technology,44.75
7810,2025-07,2025-07-26,Nick Radford,Consumer,South,Technology,205.992
7811,2025-07,2025-07-26,Giulietta Dortch,Corporate,West,Technology,1099.5
7812,2025-07,2025-07-26,Katherine Nockton,Corporate,East,Technology,78.66
7813,2025-07,2025-07-26,Nick Radford,Consumer,South,Technology,503.96
7814,2025-07,2025-07-27,Lindsay Williams,Corporate,South,Furniture,31.984
7815,2025-07,2025-07-27,Erin Mull,Consumer,Central,Furniture,30.336
7816,2025-07,2025-07-27,Carol Triggs,Consumer,Central,Office Supplies,8.64
7817,2025-07,2025-07-27,Erica Hernandez,Home Office,South,Office Supplies,108.08
7818,2025-07,2025-07-27,Michelle Lonsdale,Corporate,Central,Office Supplies,6.37
7819,2025-07,2025-07-27,Erica Hernandez,Home Office,South,Office Supplies,9.54
7820,2025-07,2025-07-27,Dan Campbell,Consumer,South,Office Supplies,12.48
7821,2025-07,2025-07-27,Lindsay Williams,Corporate,South,Technology,71.984
7822,2025-07,2025-07-28,Noel Staavos,Corporate,South,Office Supplies,20.736
7823,2025-07,2025-07-28,Adrian Barton,Consumer,Central,Technology,470.376
7824,2025-07,2025-07-29,Gary Hansen,Home Office,West,Furniture,4.95
7825,2025-07,2025-07-29,Gary Hansen,Home Office,West,Office Supplies,26.4
7826,2025-07,2025-07-31,Maureen Gastineau,Home Office,West,Furniture,1497.666
7827,2025-07,2025-07-31,Dorris liebe,Corporate,Central,Office Supplies,1.624
7828,2025-07,2025-07-31,Ben Wallace,Consumer,Central,Office Supplies,12.176
7829,2025-07,2025-07-31,Frank Olsen,Consumer,West,Office Supplies,72.588
7830,2025-07,2025-07-31,Liz Willingham,Consumer,East,Office Supplies,10.36
7831,2025-07,2025-07-31,Tiffany House,Corporate,Central,Office Supplies,85.056
7832,2025-07,2025-07-31,Frank Olsen,Consumer,West,Office Supplies,35.168
7833,2025-07,2025-07-31,Tiffany House,Corporate,Central,Office Supplies,23.76
7834,2025-07,2025-07-31,Frank Olsen,Consumer,West,Technology,89.544
7835,2025-07,2025-07-31,Maureen Gastineau,Home Office,West,Technology,17.52
7836,2025-07,2025-07-31,Tiffany House,Corporate,Central,Technology,381.576
7837,2025-08,2025-08-01,Meg O'Connel,Home Office,Central,Furniture,23.976
7838,2025-08,2025-08-01,Meg O'Connel,Home Office,Central,Furniture,108.925
7839,2025-08,2025-08-01,Anna Gayman,Consumer,South,Office Supplies,49.12
7840,2025-08,2025-08-01,Meg O'Connel,Home Office,Central,Office Supplies,36.352
7841,2025-08,2025-08-01,Noah Childs,Corporate,Central,Office Supplies,720.76
7842,2025-08,2025-08-02,Michelle Tran,Home Office,West,Furniture,514.165
7843,2025-08,2025-08-02,George Zrebassa,Corporate,West,Office Supplies,14.7
7844,2025-08,2025-08-02,Linda Cazamias,Corporate,East,Office Supplies,8.4
7845,2025-08,2025-08-02,Ben Wallace,Consumer,West,Office Supplies,16.4
7846,2025-08,2025-08-02,Muhammed MacIntyre,Corporate,East,Office Supplies,14.13
7847,2025-08,2025-08-02,Michelle Tran,Home Office,West,Office Supplies,29.6
7848,2025-08,2025-08-02,Bill Donatelli,Consumer,West,Office Supplies,11.56
7849,2025-08,2025-08-02,Carl Ludwig,Consumer,East,Office Supplies,40.032
7850,2025-08,2025-08-02,Bill Donatelli,Consumer,West,Office Supplies,15.58
7851,2025-08,2025-08-02,Neil Ducich,Corporate,South,Office Supplies,1347.52
7852,2025-08,2025-08-02,Sean Christensen,Consumer,Central,Technology,132.52
7853,2025-08,2025-08-02,Michelle Tran,Home Office,West,Technology,279.96
7854,2025-08,2025-08-02,Bill Donatelli,Consumer,West,Technology,88.776
7855,2025-08,2025-08-03,Tom Boeckenhauer,Consumer,West,Furniture,174.42
7856,2025-08,2025-08-03,Becky Castell,Home Office,West,Furniture,280.792
7857,2025-08,2025-08-03,Zuschuss Donatelli,Consumer,West,Office Supplies,61.44
7858,2025-08,2025-08-03,Kristina Nunn,Home Office,South,Office Supplies,3.76
7859,2025-08,2025-08-03,Becky Castell,Home Office,West,Office Supplies,15.872
7860,2025-08,2025-08-03,Becky Castell,Home Office,West,Office Supplies,88.04
7861,2025-08,2025-08-03,Zuschuss Carroll,Consumer,South,Office Supplies,4.572
7862,2025-08,2025-08-03,Tom Boeckenhauer,Consumer,West,Office Supplies,18.288
7863,2025-08,2025-08-03,Dianna Vittorini,Consumer,West,Office Supplies,122.97
7864,2025-08,2025-08-03,Tom Boeckenhauer,Consumer,West,Office Supplies,37.94
7865,2025-08,2025-08-03,Becky Castell,Home Office,West,Office Supplies,215.592
7866,2025-08,2025-08-03,Becky Castell,Home Office,West,Office Supplies,68.448
7867,2025-08,2025-08-03,Tom Boeckenhauer,Consumer,West,Office Supplies,102.96
7868,2025-08,2025-08-03,Tom Boeckenhauer,Consumer,West,Technology,385.8
7869,2025-08,2025-08-04,Sarah Bern,Consumer,East,Furniture,858.24
7870,2025-08,2025-08-04,Lena Creighton,Consumer,South,Furniture,17.088
7871,2025-08,2025-08-04,Troy Staebel,Consumer,Central,Furniture,8.856
7872,2025-08,2025-08-04,Maria Etezadi,Home Office,South,Furniture,452.94
7873,2025-08,2025-08-04,Sarah Bern,Consumer,East,Office Supplies,64.14
7874,2025-08,2025-08-04,Sarah Bern,Consumer,East,Office Supplies,13.128
7875,2025-08,2025-08-04,Maria Etezadi,Home Office,South,Office Supplies,91.2
7876,2025-08,2025-08-04,Sarah Bern,Consumer,East,Office Supplies,19.04
7877,2025-08,2025-08-04,Sarah Brown,Consumer,West,Office Supplies,19.44
7878,2025-08,2025-08-04,Hunter Glantz,Consumer,East,Technology,63.92
7879,2025-08,2025-08-04,Sarah Brown,Consumer,West,Technology,71.976
7880,2025-08,2025-08-05,Tamara Willingham,Home Office,West,Furniture,291.136
7881,2025-08,2025-08-05,Shirley Daniels,Home Office,Central,Furniture,470.302
7882,2025-08,2025-08-05,Paul Gonzalez,Consumer,South,Office Supplies,181.86
7883,2025-08,2025-08-05,Shirley Daniels,Home Office,Central,Office Supplies,164.736
7884,2025-08,2025-08-05,Shirley Daniels,Home Office,Central,Technology,47.984
7885,2025-08,2025-08-07,Joe Elijah,Consumer,South,Furniture,77.728
7886,2025-08,2025-08-07,Joe Elijah,Consumer,South,Furniture,698.352
7887,2025-08,2025-08-07,Thomas Seio,Corporate,South,Furniture,31.168
7888,2025-08,2025-08-07,Thomas Seio,Corporate,South,Furniture,120.96
7889,2025-08,2025-08-07,Thomas Seio,Corporate,South,Office Supplies,76.608
7890,2025-08,2025-08-07,Tamara Dahlen,Consumer,Central,Office Supplies,19.56
7891,2025-08,2025-08-07,Stuart Calhoun,Consumer,West,Office Supplies,4.26
7892,2025-08,2025-08-07,Dean percer,Home Office,Central,Office Supplies,44.4
7893,2025-08,2025-08-07,Thomas Seio,Corporate,South,Office Supplies,91.36
7894,2025-08,2025-08-07,Dean percer,Home Office,Central,Office Supplies,17.94
7895,2025-08,2025-08-07,Dean percer,Home Office,Central,Office Supplies,84.55
7896,2025-08,2025-08-07,Thomas Seio,Corporate,South,Office Supplies,142.776
7897,2025-08,2025-08-07,Thomas Seio,Corporate,South,Technology,2239.936
7898,2025-08,2025-08-07,Thomas Seio,Corporate,South,Technology,239.976
7899,2025-08,2025-08-07,Kristen Hastings,Corporate,West,Technology,119.96
7900,2025-08,2025-08-07,Clay Cheatham,Consumer,West,Technology,47.976
7901,2025-08,2025-08-08,Troy Staebel,Consumer,West,Furniture,1212.96
7902,2025-08,2025-08-08,Joel Eaton,Consumer,South,Furniture,301.96
7903,2025-08,2025-08-08,Joel Eaton,Consumer,South,Office Supplies,180.66
7904,2025-08,2025-08-08,Christine Sundaresam,Consumer,East,Office Supplies,23.92
7905,2025-08,2025-08-08,Claudia Bergmann,Corporate,South,Office Supplies,14.016
7906,2025-08,2025-08-08,Michael Kennedy,Corporate,Central,Office Supplies,5.936
7907,2025-08,2025-08-08,Alejandro Ballentine,Home Office,West,Office Supplies,19.44
7908,2025-08,2025-08-08,Troy Staebel,Consumer,West,Office Supplies,18.54
7909,2025-08,2025-08-08,Alejandro Ballentine,Home Office,West,Office Supplies,192.16
7910,2025-08,2025-08-08,Alejandro Ballentine,Home Office,West,Office Supplies,16.68
7911,2025-08,2025-08-08,Christine Sundaresam,Consumer,East,Technology,479.952
7912,2025-08,2025-08-08,Joel Eaton,Consumer,South,Technology,191.98
7913,2025-08,2025-08-08,Joel Eaton,Consumer,South,Technology,65.99
7914,2025-08,2025-08-09,Philip Fox,Consumer,West,Furniture,155.25
7915,2025-08,2025-08-09,Luke Schmidt,Corporate,Central,Office Supplies,2.304
7916,2025-08,2025-08-09,Luke Schmidt,Corporate,Central,Office Supplies,9.36
7917,2025-08,2025-08-09,Katherine Ducich,Consumer,West,Office Supplies,51.312
7918,2025-08,2025-08-09,Luke Schmidt,Corporate,Central,Office Supplies,12.224
7919,2025-08,2025-08-09,Ryan Akin,Consumer,West,Office Supplies,146.352
7920,2025-08,2025-08-09,Philip Fox,Consumer,West,Office Supplies,14.03
7921,2025-08,2025-08-09,Steven Roelle,Home Office,East,Technology,101.34
7922,2025-08,2025-08-09,Steven Roelle,Home Office,East,Technology,3404.5
7923,2025-08,2025-08-10,Craig Carreira,Consumer,West,Furniture,917.9235
7924,2025-08,2025-08-10,Neil Knudson,Home Office,Central,Office Supplies,74.352
7925,2025-08,2025-08-10,Craig Carreira,Consumer,West,Office Supplies,38.88
7926,2025-08,2025-08-10,Neil Cohen,Home Office,East,Office Supplies,74.352
7927,2025-08,2025-08-11,Katharine Harms,Corporate,East,Furniture,760.116
7928,2025-08,2025-08-11,George Ashbrook,Consumer,West,Furniture,50.32
7929,2025-08,2025-08-11,Katharine Harms,Corporate,East,Furniture,38.784
7930,2025-08,2025-08-11,Deborah Brumfield,Home Office,Central,Furniture,457.485
7931,2025-08,2025-08-11,Zuschuss Carroll,Consumer,Central,Office Supplies,0.444
7932,2025-08,2025-08-11,Zuschuss Carroll,Consumer,Central,Office Supplies,2.264
7933,2025-08,2025-08-11,Deborah Brumfield,Home Office,Central,Office Supplies,6.888
7934,2025-08,2025-08-11,Jim Sink,Corporate,East,Office Supplies,11.568
7935,2025-08,2025-08-11,Zuschuss Carroll,Consumer,Central,Office Supplies,146.176
7936,2025-08,2025-08-11,Allen Rosenblatt,Corporate,East,Office Supplies,97.82
7937,2025-08,2025-08-11,George Ashbrook,Consumer,West,Office Supplies,24.56
7938,2025-08,2025-08-11,Jim Sink,Corporate,East,Office Supplies,129.3
7939,2025-08,2025-08-11,Frank Olsen,Consumer,Central,Office Supplies,153.584
7940,2025-08,2025-08-11,Frank Olsen,Consumer,Central,Office Supplies,11.184
7941,2025-08,2025-08-11,Allen Rosenblatt,Corporate,East,Technology,103.12
7942,2025-08,2025-08-11,Katharine Harms,Corporate,East,Technology,122.328
7943,2025-08,2025-08-12,Shui Tom,Consumer,East,Office Supplies,5.248
7944,2025-08,2025-08-12,Jeremy Ellison,Consumer,East,Office Supplies,51.312
7945,2025-08,2025-08-12,Toby Ritter,Consumer,East,Office Supplies,9.82
7946,2025-08,2025-08-12,Paul Gonzalez,Consumer,South,Office Supplies,32.4
7947,2025-08,2025-08-12,Shui Tom,Consumer,East,Office Supplies,31.104
7948,2025-08,2025-08-12,Pauline Johnson,Consumer,South,Office Supplies,4.464
7949,2025-08,2025-08-12,Jeremy Ellison,Consumer,East,Technology,149.95
7950,2025-08,2025-08-12,Toby Ritter,Consumer,East,Technology,239.97
7951,2025-08,2025-08-12,Paul Gonzalez,Consumer,South,Technology,503.96
7952,2025-08,2025-08-13,Alan Shonely,Consumer,East,Furniture,17.92
7953,2025-08,2025-08-13,Eugene Hildebrand,Home Office,East,Office Supplies,6.24
7954,2025-08,2025-08-13,Alan Shonely,Consumer,East,Office Supplies,41.256
7955,2025-08,2025-08-13,Eugene Hildebrand,Home Office,East,Office Supplies,82.4
7956,2025-08,2025-08-13,Eugene Hildebrand,Home Office,East,Office Supplies,447.84
7957,2025-08,2025-08-14,Rick Bensley,Home Office,Central,Furniture,487.96
7958,2025-08,2025-08-14,Joe Kamberova,Consumer,Central,Office Supplies,3.036
7959,2025-08,2025-08-14,Paul Lucas,Home Office,East,Office Supplies,10.332
7960,2025-08,2025-08-14,Paul Lucas,Home Office,East,Office Supplies,31.155
7961,2025-08,2025-08-14,Dan Campbell,Consumer,South,Office Supplies,37.608
7962,2025-08,2025-08-14,Paul Lucas,Home Office,East,Office Supplies,8.928
7963,2025-08,2025-08-16,George Ashbrook,Consumer,East,Furniture,172.764
7964,2025-08,2025-08-16,George Ashbrook,Consumer,East,Furniture,276.69
7965,2025-08,2025-08-16,Nicole Hansen,Corporate,West,Office Supplies,385.6
7966,2025-08,2025-08-16,Nicole Hansen,Corporate,West,Office Supplies,35.82
7967,2025-08,2025-08-16,Caroline Jumper,Consumer,West,Office Supplies,95.92
7968,2025-08,2025-08-16,Sonia Cooley,Consumer,East,Office Supplies,102.93
7969,2025-08,2025-08-16,Matthew Clasen,Corporate,Central,Office Supplies,182.994
7970,2025-08,2025-08-16,Kean Thornton,Consumer,West,Office Supplies,2.88
7971,2025-08,2025-08-16,Matthew Clasen,Corporate,Central,Office Supplies,10.272
7972,2025-08,2025-08-16,Maria Bertelson,Consumer,East,Office Supplies,21.744
7973,2025-08,2025-08-17,Sarah Brown,Consumer,East,Furniture,400.784
7974,2025-08,2025-08-17,Anne McFarland,Consumer,West,Furniture,871.4
7975,2025-08,2025-08-17,Max Ludwig,Home Office,West,Office Supplies,5.344
7976,2025-08,2025-08-17,Max Ludwig,Home Office,West,Office Supplies,11.304
7977,2025-08,2025-08-17,Max Ludwig,Home Office,West,Office Supplies,71.04
7978,2025-08,2025-08-17,Fred McMath,Consumer,Central,Technology,148.48
7979,2025-08,2025-08-18,Dan Reichenbach,Corporate,South,Furniture,273.552
7980,2025-08,2025-08-18,Denny Blanton,Consumer,Central,Furniture,526.45
7981,2025-08,2025-08-18,Tracy Hopkins,Home Office,Central,Office Supplies,15.92
7982,2025-08,2025-08-18,Scott Cohen,Corporate,East,Office Supplies,102.368
7983,2025-08,2025-08-18,Dan Reichenbach,Corporate,South,Office Supplies,13.872
7984,2025-08,2025-08-18,Tracy Hopkins,Home Office,Central,Office Supplies,4.54
7985,2025-08,2025-08-18,Scott Cohen,Corporate,East,Office Supplies,68.52
7986,2025-08,2025-08-18,Scott Cohen,Corporate,East,Office Supplies,713.88
7987,2025-08,2025-08-18,Olvera Toch,Consumer,West,Office Supplies,83.76
7988,2025-08,2025-08-18,Denny Ordway,Consumer,East,Office Supplies,272.94
7989,2025-08,2025-08-18,Scott Cohen,Corporate,East,Office Supplies,28.4
7990,2025-08,2025-08-18,Nora Preis,Consumer,West,Technology,431.928
7991,2025-08,2025-08-18,Chris Cortes,Consumer,East,Technology,545.916
7992,2025-08,2025-08-18,Steven Cartwright,Consumer,East,Technology,239.97
7993,2025-08,2025-08-18,Chris Cortes,Consumer,East,Technology,358.2
7994,2025-08,2025-08-18,Tracy Hopkins,Home Office,Central,Technology,543.92
7995,2025-08,2025-08-19,Michelle Arnett,Home Office,East,Furniture,191.646
7996,2025-08,2025-08-19,Pauline Webber,Corporate,West,Furniture,126.3
7997,2025-08,2025-08-19,Greg Tran,Consumer,Central,Office Supplies,20.07
7998,2025-08,2025-08-19,Pauline Webber,Corporate,West,Office Supplies,19.44
7999,2025-08,2025-08-19,Pauline Webber,Corporate,West,Technology,1287.45
8000,2025-08,2025-08-21,Max Engle,Consumer,Central,Furniture,409.9992
8001,2025-08,2025-08-21,Dan Reichenbach,Corporate,East,Furniture,638.82
8002,2025-08,2025-08-21,Dan Reichenbach,Corporate,East,Furniture,25.16
8003,2025-08,2025-08-21,Max Engle,Consumer,Central,Furniture,307.314
8004,2025-08,2025-08-21,Max Engle,Consumer,Central,Office Supplies,21.392
8005,2025-08,2025-08-21,Alex Avila,Consumer,Central,Office Supplies,362.94
8006,2025-08,2025-08-21,William Brown,Consumer,West,Office Supplies,11.68
8007,2025-08,2025-08-21,Carol Triggs,Consumer,West,Office Supplies,312.552
8008,2025-08,2025-08-21,William Brown,Consumer,West,Office Supplies,895.92
8009,2025-08,2025-08-21,Alex Avila,Consumer,Central,Office Supplies,11.54
8010,2025-08,2025-08-21,Fred Chung,Corporate,Central,Office Supplies,5.184
8011,2025-08,2025-08-21,Dean Katz,Corporate,West,Office Supplies,1295.78
8012,2025-08,2025-08-21,William Brown,Consumer,West,Office Supplies,130.71
8013,2025-08,2025-08-21,Dan Reichenbach,Corporate,East,Office Supplies,30.69
8014,2025-08,2025-08-21,William Brown,Consumer,West,Technology,62.31
8015,2025-08,2025-08-22,John Castell,Consumer,West,Furniture,435.999
8016,2025-08,2025-08-22,Gary Hansen,Home Office,Central,Furniture,569.058
8017,2025-08,2025-08-22,Darrin Van Huff,Corporate,South,Furniture,19.52
8018,2025-08,2025-08-22,Ralph Arnett,Consumer,East,Furniture,22.23
8019,2025-08,2025-08-22,Gary Hansen,Home Office,Central,Furniture,14.224
8020,2025-08,2025-08-22,Sheri Gordon,Consumer,East,Furniture,1044.63
8021,2025-08,2025-08-22,Victor Preis,Home Office,West,Office Supplies,75.792
8022,2025-08,2025-08-22,Thomas Thornton,Consumer,West,Office Supplies,204.95
8023,2025-08,2025-08-22,Ralph Arnett,Consumer,East,Office Supplies,248.57
8024,2025-08,2025-08-22,Neil Ducich,Corporate,East,Office Supplies,1085.42
8025,2025-08,2025-08-22,Gary Hansen,Home Office,Central,Technology,1001.584
8026,2025-08,2025-08-23,Karen Ferguson,Home Office,Central,Office Supplies,169.99
8027,2025-08,2025-08-23,Karen Ferguson,Home Office,Central,Office Supplies,25.92
8028,2025-08,2025-08-23,Karen Ferguson,Home Office,Central,Office Supplies,443.92
8029,2025-08,2025-08-24,Adrian Hane,Home Office,Central,Office Supplies,5.232
8030,2025-08,2025-08-24,Adrian Hane,Home Office,Central,Office Supplies,163.96
8031,2025-08,2025-08-25,Maria Bertelson,Consumer,West,Furniture,129.39
8032,2025-08,2025-08-25,Chuck Sachs,Consumer,South,Furniture,23.99
8033,2025-08,2025-08-25,Christina Anderson,Consumer,West,Furniture,545.85
8034,2025-08,2025-08-25,Tony Sayre,Consumer,East,Furniture,102.3
8035,2025-08,2025-08-25,Sam Zeldin,Home Office,East,Furniture,215.148
8036,2025-08,2025-08-25,Yana Sorensen,Corporate,South,Office Supplies,9.552
8037,2025-08,2025-08-25,Sam Zeldin,Home Office,East,Office Supplies,32.896
8038,2025-08,2025-08-25,Frank Hawley,Corporate,Central,Office Supplies,273.896
8039,2025-08,2025-08-25,Frank Merwin,Home Office,East,Office Supplies,24.56
8040,2025-08,2025-08-25,Sam Zeldin,Home Office,East,Office Supplies,30.96
8041,2025-08,2025-08-25,Rob Dowd,Consumer,West,Office Supplies,87.92
8042,2025-08,2025-08-25,Jim Kriz,Home Office,West,Technology,1687.8
8043,2025-08,2025-08-25,Michael Oakman,Consumer,South,Technology,24.0
8044,2025-08,2025-08-25,Frank Merwin,Home Office,East,Technology,258.9
8045,2025-08,2025-08-25,Jim Kriz,Home Office,West,Technology,59.98
8046,2025-08,2025-08-25,Jim Kriz,Home Office,West,Technology,2395.2
8047,2025-08,2025-08-25,Frank Hawley,Corporate,Central,Technology,597.132
8048,2025-08,2025-08-25,Jim Kriz,Home Office,West,Technology,7.992
8049,2025-08,2025-08-25,Chuck Sachs,Consumer,South,Technology,287.97
8050,2025-08,2025-08-25,Rob Dowd,Consumer,Central,Technology,167.968
8051,2025-08,2025-08-27,Linda Southworth,Corporate,Central,Furniture,332.028
8052,2025-08,2025-08-27,Linda Southworth,Corporate,Central,Office Supplies,11.394
8053,2025-08,2025-08-27,Linda Southworth,Corporate,Central,Office Supplies,6.316
8054,2025-08,2025-08-27,Linda Southworth,Corporate,Central,Office Supplies,15.552
8055,2025-08,2025-08-27,Linda Southworth,Corporate,Central,Office Supplies,31.104
8056,2025-08,2025-08-27,Damala Kotsonis,Corporate,Central,Technology,79.96
8057,2025-08,2025-08-28,Angele Hood,Consumer,South,Furniture,239.24
8058,2025-08,2025-08-28,Patrick O'Brill,Consumer,West,Furniture,122.136
8059,2025-08,2025-08-28,Fred Hopkins,Corporate,East,Office Supplies,2.946
8060,2025-08,2025-08-28,Fred Hopkins,Corporate,East,Office Supplies,16.056
8061,2025-08,2025-08-29,Rob Lucas,Consumer,East,Furniture,87.21
8062,2025-08,2025-08-29,Christine Sundaresam,Consumer,East,Office Supplies,17.472
8063,2025-08,2025-08-29,Annie Thurman,Consumer,West,Office Supplies,5.94
8064,2025-08,2025-08-29,Rob Lucas,Consumer,East,Office Supplies,15.552
8065,2025-08,2025-08-29,Rob Lucas,Consumer,East,Office Supplies,13.392
8066,2025-08,2025-08-29,Rob Lucas,Consumer,East,Technology,16.776
8067,2025-08,2025-08-29,Rob Lucas,Consumer,East,Technology,527.92
8068,2025-08,2025-08-29,Michael Paige,Corporate,East,Technology,252.0
8069,2025-08,2025-08-29,Rob Lucas,Consumer,East,Technology,683.988
8070,2025-08,2025-08-30,Harold Engle,Corporate,East,Furniture,39.98
8071,2025-08,2025-08-30,Sam Zeldin,Home Office,West,Furniture,145.9
8072,2025-08,2025-08-30,Jenna Caffey,Consumer,West,Furniture,198.46
8073,2025-08,2025-08-30,Vicky Freymann,Home Office,West,Furniture,15.84
8074,2025-08,2025-08-30,Harold Engle,Corporate,East,Furniture,83.92
8075,2025-08,2025-08-30,Tamara Dahlen,Consumer,East,Office Supplies,12.96
8076,2025-08,2025-08-30,Harold Engle,Corporate,East,Office Supplies,28.91
8077,2025-08,2025-08-30,Vicky Freymann,Home Office,West,Office Supplies,18.24
8078,2025-08,2025-08-30,Harold Engle,Corporate,East,Office Supplies,174.95
8079,2025-08,2025-08-30,Tamara Dahlen,Consumer,East,Office Supplies,7.56
8080,2025-08,2025-08-30,Vicky Freymann,Home Office,West,Office Supplies,13.12
8081,2025-08,2025-08-30,Jenna Caffey,Consumer,West,Office Supplies,23.168
8082,2025-08,2025-08-30,Vicky Freymann,Home Office,West,Office Supplies,86.376
8083,2025-08,2025-08-30,Vivek Gonzalez,Consumer,West,Office Supplies,75.18
8084,2025-08,2025-08-30,Jenna Caffey,Consumer,West,Office Supplies,786.48
8085,2025-08,2025-08-30,Tamara Dahlen,Consumer,East,Office Supplies,24.56
8086,2025-08,2025-08-30,Mathew Reese,Home Office,West,Office Supplies,52.76
8087,2025-08,2025-08-30,Harold Engle,Corporate,East,Technology,141.9
8088,2025-08,2025-08-30,Jenna Caffey,Consumer,West,Technology,50.0
8089,2025-08,2025-08-30,Joe Elijah,Consumer,Central,Furniture,662.88
8090,2025-08,2025-08-30,Joe Elijah,Consumer,Central,Office Supplies,8.74
8091,2025-08,2025-08-30,Joe Elijah,Consumer,Central,Office Supplies,19.97
8092,2025-08,2025-08-30,Joe Elijah,Consumer,Central,Office Supplies,33.49
8093,2025-08,2025-08-31,Sean Miller,Home Office,Central,Furniture,526.45
8094,2025-08,2025-08-31,Noel Staavos,Corporate,Central,Office Supplies,58.464
8095,2025-08,2025-08-31,Noel Staavos,Corporate,Central,Office Supplies,8.84
8096,2025-08,2025-08-31,Jamie Frazer,Consumer,East,Office Supplies,119.04
8097,2025-08,2025-08-31,Tamara Dahlen,Consumer,West,Office Supplies,1.08
8098,2025-08,2025-08-31,Jamie Frazer,Consumer,East,Office Supplies,274.8
8099,2025-08,2025-08-31,Jamie Frazer,Consumer,East,Office Supplies,195.64
8100,2025-08,2025-08-31,John Huston,Consumer,Central,Office Supplies,228.92
8101,2025-08,2025-08-31,Jamie Frazer,Consumer,East,Technology,257.98
8102,2025-09,2025-09-01,Becky Pak,Consumer,South,Furniture,18.84
8103,2025-09,2025-09-01,Beth Fritzler,Corporate,South,Office Supplies,41.91
8104,2025-09,2025-09-01,Frank Gastineau,Home Office,Central,Office Supplies,298.464
8105,2025-09,2025-09-02,Karen Bern,Corporate,West,Office Supplies,168.1
8106,2025-09,2025-09-02,Natalie Webber,Consumer,Central,Office Supplies,30.32
8107,2025-09,2025-09-02,Tom Stivers,Corporate,West,Office Supplies,29.8
8108,2025-09,2025-09-02,Katherine Nockton,Corporate,West,Office Supplies,8.67
8109,2025-09,2025-09-02,Joy Daniels,Consumer,East,Technology,132.6
8110,2025-09,2025-09-02,Karen Bern,Corporate,West,Technology,1287.45
8111,2025-09,2025-09-02,Tom Stivers,Corporate,West,Technology,71.952
8112,2025-09,2025-09-03,Cari Schnelling,Consumer,East,Office Supplies,3.816
8113,2025-09,2025-09-04,Mark Hamilton,Consumer,East,Furniture,91.008
8114,2025-09,2025-09-04,Rick Reed,Corporate,Central,Office Supplies,13.56
8115,2025-09,2025-09-04,Rick Reed,Corporate,Central,Office Supplies,360.38
8116,2025-09,2025-09-04,Mark Hamilton,Consumer,East,Technology,39.594
8117,2025-09,2025-09-05,John Lee,Consumer,East,Furniture,396.92
8118,2025-09,2025-09-05,Toby Carlisle,Consumer,West,Furniture,18.84
8119,2025-09,2025-09-05,Toby Carlisle,Consumer,West,Furniture,276.69
8120,2025-09,2025-09-05,Toby Carlisle,Consumer,West,Office Supplies,71.92
8121,2025-09,2025-09-05,John Lee,Consumer,East,Office Supplies,13.12
8122,2025-09,2025-09-05,Toby Carlisle,Consumer,West,Office Supplies,4.448
8123,2025-09,2025-09-05,Toby Carlisle,Consumer,West,Office Supplies,4.96
8124,2025-09,2025-09-05,John Lee,Consumer,East,Office Supplies,9.248
8125,2025-09,2025-09-05,John Lee,Consumer,East,Office Supplies,239.456
8126,2025-09,2025-09-05,John Lee,Consumer,East,Office Supplies,62.04
8127,2025-09,2025-09-05,Toby Carlisle,Consumer,West,Technology,140.97
8128,2025-09,2025-09-05,John Lee,Consumer,East,Technology,1889.946
8129,2025-09,2025-09-05,Toby Carlisle,Consumer,West,Technology,470.376
8130,2025-09,2025-09-06,Michelle Moray,Consumer,East,Furniture,664.146
8131,2025-09,2025-09-06,Ricardo Sperren,Corporate,South,Furniture,872.94
8132,2025-09,2025-09-06,Magdelene Morse,Consumer,East,Furniture,310.443
8133,2025-09,2025-09-06,Ricardo Sperren,Corporate,South,Office Supplies,179.94
8134,2025-09,2025-09-06,Michelle Moray,Consumer,East,Office Supplies,6.56
8135,2025-09,2025-09-06,Magdelene Morse,Consumer,East,Office Supplies,26.55
8136,2025-09,2025-09-06,Michelle Moray,Consumer,East,Office Supplies,7.83
8137,2025-09,2025-09-06,Ricardo Sperren,Corporate,South,Office Supplies,12.96
8138,2025-09,2025-09-06,Michelle Moray,Consumer,East,Office Supplies,8.96
8139,2025-09,2025-09-06,Michelle Moray,Consumer,East,Technology,41.9
8140,2025-09,2025-09-07,Sandra Flanagan,Consumer,East,Furniture,71.372
8141,2025-09,2025-09-07,Natalie Fritzler,Consumer,South,Furniture,242.352
8142,2025-09,2025-09-07,Valerie Mitchum,Home Office,Central,Office Supplies,2.912
8143,2025-09,2025-09-08,Anthony Johnson,Corporate,West,Furniture,1194.165
8144,2025-09,2025-09-08,Shaun Weien,Consumer,South,Furniture,7.904
8145,2025-09,2025-09-08,Bill Eplett,Home Office,East,Furniture,39.08
8146,2025-09,2025-09-08,Anthony Johnson,Corporate,West,Office Supplies,57.9
8147,2025-09,2025-09-08,Bill Eplett,Home Office,East,Office Supplies,99.9
8148,2025-09,2025-09-08,Anthony Johnson,Corporate,West,Office Supplies,32.4
8149,2025-09,2025-09-08,Anthony Johnson,Corporate,West,Office Supplies,10.56
8150,2025-09,2025-09-08,Alejandro Ballentine,Home Office,West,Technology,479.984
8151,2025-09,2025-09-08,Bill Eplett,Home Office,East,Technology,269.98
8152,2025-09,2025-09-09,Maris LaWare,Consumer,West,Furniture,311.976
8153,2025-09,2025-09-09,Seth Vernon,Consumer,East,Furniture,198.744
8154,2025-09,2025-09-09,Maris LaWare,Consumer,West,Furniture,161.568
8155,2025-09,2025-09-09,Maris LaWare,Consumer,West,Furniture,801.6
8156,2025-09,2025-09-09,Maris LaWare,Consumer,West,Office Supplies,7.656
8157,2025-09,2025-09-09,Maris LaWare,Consumer,West,Office Supplies,16.096
8158,2025-09,2025-09-09,Seth Vernon,Consumer,East,Office Supplies,9.184
8159,2025-09,2025-09-09,Seth Vernon,Consumer,East,Technology,599.97
8160,2025-09,2025-09-11,Anthony Rawles,Corporate,East,Furniture,163.764
8161,2025-09,2025-09-11,Elizabeth Moffitt,Corporate,Central,Furniture,182.94
8162,2025-09,2025-09-11,Anthony Rawles,Corporate,East,Furniture,183.92
8163,2025-09,2025-09-11,Carlos Soltero,Consumer,Central,Furniture,8.792
8164,2025-09,2025-09-11,Elizabeth Moffitt,Corporate,Central,Office Supplies,416.32
8165,2025-09,2025-09-11,Elizabeth Moffitt,Corporate,Central,Office Supplies,43.0
8166,2025-09,2025-09-11,Elizabeth Moffitt,Corporate,Central,Office Supplies,60.83
8167,2025-09,2025-09-11,Suzanne McNair,Corporate,Central,Office Supplies,735.98
8168,2025-09,2025-09-11,Elizabeth Moffitt,Corporate,Central,Office Supplies,14.62
8169,2025-09,2025-09-11,Anthony Rawles,Corporate,East,Office Supplies,13.36
8170,2025-09,2025-09-11,Carlos Soltero,Consumer,Central,Office Supplies,69.712
8171,2025-09,2025-09-11,Elizabeth Moffitt,Corporate,Central,Technology,389.97
8172,2025-09,2025-09-12,Anne McFarland,Consumer,South,Furniture,302.94
8173,2025-09,2025-09-12,Shaun Weien,Consumer,West,Furniture,225.296
8174,2025-09,2025-09-12,Anne McFarland,Consumer,South,Furniture,8.8
8175,2025-09,2025-09-12,Gene McClure,Consumer,Central,Furniture,124.404
8176,2025-09,2025-09-12,Cari Schnelling,Consumer,East,Office Supplies,17.48
8177,2025-09,2025-09-12,Sarah Foster,Consumer,West,Office Supplies,25.99
8178,2025-09,2025-09-12,Anthony Rawles,Corporate,West,Office Supplies,3.52
8179,2025-09,2025-09-12,Anne McFarland,Consumer,South,Office Supplies,101.94
8180,2025-09,2025-09-12,Anne McFarland,Consumer,South,Office Supplies,19.68
8181,2025-09,2025-09-12,Pete Takahito,Consumer,Central,Office Supplies,2.112
8182,2025-09,2025-09-12,Shaun Weien,Consumer,West,Office Supplies,50.352
8183,2025-09,2025-09-12,Sean Wendt,Home Office,East,Office Supplies,33.93
8184,2025-09,2025-09-12,Kelly Lampkin,Corporate,Central,Office Supplies,2.864
8185,2025-09,2025-09-12,Anne McFarland,Consumer,South,Office Supplies,14.94
8186,2025-09,2025-09-12,Kelly Lampkin,Corporate,Central,Office Supplies,94.192
8187,2025-09,2025-09-12,Tamara Willingham,Home Office,East,Office Supplies,6.48
8188,2025-09,2025-09-12,Shaun Weien,Consumer,West,Office Supplies,16.34
8189,2025-09,2025-09-12,Sean Wendt,Home Office,East,Office Supplies,222.32
8190,2025-09,2025-09-12,Anne McFarland,Consumer,South,Office Supplies,231.72
8191,2025-09,2025-09-12,Anthony Rawles,Corporate,West,Technology,1626.192
8192,2025-09,2025-09-12,Anne McFarland,Consumer,South,Technology,271.96
8193,2025-09,2025-09-12,Sarah Foster,Consumer,West,Technology,71.928
8194,2025-09,2025-09-12,Sean Wendt,Home Office,East,Technology,210.564
8195,2025-09,2025-09-13,Eric Barreto,Consumer,Central,Furniture,526.344
8196,2025-09,2025-09-13,Fred Hopkins,Corporate,East,Technology,29.97
8197,2025-09,2025-09-14,Annie Zypern,Consumer,Central,Office Supplies,121.536
8198,2025-09,2025-09-14,Lena Hernandez,Consumer,Central,Office Supplies,11.68
8199,2025-09,2025-09-14,Christine Phan,Corporate,East,Office Supplies,13.128
8200,2025-09,2025-09-14,Nathan Mautz,Home Office,East,Office Supplies,13.92
8201,2025-09,2025-09-14,Tracy Blumstein,Consumer,West,Office Supplies,15.192
8202,2025-09,2025-09-14,Lisa Ryan,Corporate,East,Office Supplies,41.4
8203,2025-09,2025-09-14,Tracy Blumstein,Consumer,West,Office Supplies,58.32
8204,2025-09,2025-09-14,Maribeth Yedwab,Corporate,Central,Office Supplies,63.312
8205,2025-09,2025-09-14,Philisse Overcash,Home Office,Central,Technology,399.95
8206,2025-09,2025-09-14,Lena Hernandez,Consumer,Central,Technology,159.75
8207,2025-09,2025-09-15,Harold Ryan,Corporate,West,Technology,2399.96
8208,2025-09,2025-09-16,John Castell,Consumer,East,Furniture,20.096
8209,2025-09,2025-09-16,John Castell,Consumer,East,Furniture,138.588
8210,2025-09,2025-09-16,Evan Minnotte,Home Office,Central,Furniture,298.116
8211,2025-09,2025-09-16,Raymond Buch,Consumer,Central,Office Supplies,20.23
8212,2025-09,2025-09-16,Dorothy Dickinson,Consumer,East,Office Supplies,3.304
8213,2025-09,2025-09-16,John Castell,Consumer,East,Office Supplies,20.736
8214,2025-09,2025-09-16,John Castell,Consumer,East,Office Supplies,259.92
8215,2025-09,2025-09-16,John Castell,Consumer,East,Office Supplies,37.752
8216,2025-09,2025-09-17,George Zrebassa,Corporate,West,Furniture,362.352
8217,2025-09,2025-09-17,George Zrebassa,Corporate,West,Technology,1649.95
8218,2025-09,2025-09-18,Joni Wasserman,Consumer,South,Furniture,194.848
8219,2025-09,2025-09-18,Mike Gockenbach,Consumer,South,Furniture,91.032
8220,2025-09,2025-09-18,Dennis Kane,Consumer,West,Furniture,23.88
8221,2025-09,2025-09-18,Tony Molinari,Consumer,East,Furniture,14.89
8222,2025-09,2025-09-18,Dennis Kane,Consumer,West,Office Supplies,12.96
8223,2025-09,2025-09-18,Dennis Kane,Consumer,West,Office Supplies,26.2
8224,2025-09,2025-09-18,Dennis Kane,Consumer,West,Technology,234.95
8225,2025-09,2025-09-18,Tony Molinari,Consumer,East,Technology,543.92
8226,2025-09,2025-09-19,Matt Hagelstein,Corporate,West,Office Supplies,9.984
8227,2025-09,2025-09-19,Matt Hagelstein,Corporate,West,Office Supplies,14.98
8228,2025-09,2025-09-19,Matt Hagelstein,Corporate,West,Technology,1145.6
8229,2025-09,2025-09-20,Vivek Gonzalez,Consumer,West,Furniture,115.96
8230,2025-09,2025-09-20,Roland Fjeld,Consumer,Central,Furniture,302.67
8231,2025-09,2025-09-20,Anna Gayman,Consumer,South,Office Supplies,34.848
8232,2025-09,2025-09-20,Roland Fjeld,Consumer,Central,Office Supplies,137.62
8233,2025-09,2025-09-20,Gary McGarr,Consumer,East,Office Supplies,60.12
8234,2025-09,2025-09-20,Anna Gayman,Consumer,South,Office Supplies,4.368
8235,2025-09,2025-09-20,Roland Fjeld,Consumer,Central,Office Supplies,33.48
8236,2025-09,2025-09-20,Laura Armstrong,Corporate,Central,Office Supplies,2.896
8237,2025-09,2025-09-20,Giulietta Weimer,Consumer,West,Technology,90.57
8238,2025-09,2025-09-20,Laura Armstrong,Corporate,Central,Technology,124.792
8239,2025-09,2025-09-20,Roland Fjeld,Consumer,Central,Technology,461.97
8240,2025-09,2025-09-20,Anna Gayman,Consumer,South,Technology,22.0
8241,2025-09,2025-09-21,Tony Chapman,Home Office,East,Office Supplies,76.776
8242,2025-09,2025-09-21,John Lee,Consumer,West,Office Supplies,26.25
8243,2025-09,2025-09-21,John Lee,Consumer,West,Office Supplies,330.4
8244,2025-09,2025-09-21,Jay Fein,Consumer,East,Technology,89.95
8245,2025-09,2025-09-22,Erin Creighton,Consumer,West,Furniture,36.96
8246,2025-09,2025-09-22,Luke Schmidt,Corporate,Central,Office Supplies,155.88
8247,2025-09,2025-09-22,Laurel Beltran,Home Office,East,Office Supplies,11.01
8248,2025-09,2025-09-22,Luke Schmidt,Corporate,Central,Office Supplies,17.52
8249,2025-09,2025-09-22,Laurel Beltran,Home Office,East,Office Supplies,849.95
8250,2025-09,2025-09-22,Laurel Beltran,Home Office,East,Office Supplies,11.54
8251,2025-09,2025-09-22,Erin Ashbrook,Corporate,East,Office Supplies,54.816
8252,2025-09,2025-09-22,Erin Creighton,Consumer,West,Office Supplies,56.56
8253,2025-09,2025-09-22,Eugene Hildebrand,Home Office,South,Technology,41.424
8254,2025-09,2025-09-22,Greg Matthias,Consumer,East,Technology,285.576
8255,2025-09,2025-09-22,Katrina Willman,Consumer,Central,Technology,36.792
8256,2025-09,2025-09-23,Heather Kirkland,Corporate,West,Office Supplies,54.896
8257,2025-09,2025-09-23,Aaron Smayling,Corporate,Central,Office Supplies,36.288
8258,2025-09,2025-09-23,Eric Murdock,Consumer,West,Office Supplies,186.54
8259,2025-09,2025-09-23,Aaron Smayling,Corporate,Central,Technology,1439.982
8260,2025-09,2025-09-23,Larry Hughes,Consumer,South,Technology,271.96
8261,2025-09,2025-09-23,Annie Thurman,Consumer,Central,Technology,95.984
8262,2025-09,2025-09-25,Charlotte Melton,Consumer,Central,Furniture,183.372
8263,2025-09,2025-09-25,Bruce Degenhardt,Consumer,West,Furniture,123.96
8264,2025-09,2025-09-25,Bruce Degenhardt,Consumer,West,Office Supplies,51.75
8265,2025-09,2025-09-25,Ted Butterfield,Consumer,East,Office Supplies,16.52
8266,2025-09,2025-09-25,George Ashbrook,Consumer,West,Office Supplies,99.87
8267,2025-09,2025-09-25,Scot Coram,Corporate,West,Office Supplies,16.06
8268,2025-09,2025-09-25,Adrian Barton,Consumer,Central,Technology,39.816
8269,2025-09,2025-09-26,Harry Marie,Corporate,Central,Office Supplies,3.318
8270,2025-09,2025-09-26,Harry Marie,Corporate,West,Office Supplies,8.784
8271,2025-09,2025-09-26,Harry Marie,Corporate,West,Office Supplies,7.968
8272,2025-09,2025-09-27,Patrick O'Donnell,Consumer,Central,Office Supplies,125.88
8273,2025-09,2025-09-27,Patrick O'Donnell,Consumer,Central,Office Supplies,133.2
8274,2025-09,2025-09-27,Pauline Webber,Corporate,South,Office Supplies,13.76
8275,2025-09,2025-09-27,Nick Zandusky,Home Office,Central,Office Supplies,151.056
8276,2025-09,2025-09-27,Patrick O'Donnell,Consumer,Central,Technology,79.78
8277,2025-09,2025-09-28,Seth Vernon,Consumer,South,Furniture,145.74
8278,2025-09,2025-09-28,Seth Vernon,Consumer,South,Furniture,15.4
8279,2025-09,2025-09-28,Gary Mitchum,Home Office,East,Office Supplies,227.88
8280,2025-09,2025-09-28,Gary Mitchum,Home Office,East,Office Supplies,24.64
8281,2025-09,2025-09-28,Todd Boyes,Corporate,Central,Office Supplies,115.296
8282,2025-09,2025-09-28,Shahid Hopkins,Consumer,East,Office Supplies,70.12
8283,2025-09,2025-09-28,Gary Mitchum,Home Office,East,Technology,824.95
8284,2025-09,2025-09-29,Jeremy Lonsdale,Consumer,West,Furniture,207.184
8285,2025-09,2025-09-29,Jeremy Lonsdale,Consumer,West,Furniture,51.75
8286,2025-09,2025-09-29,Jeremy Lonsdale,Consumer,West,Office Supplies,1473.1
8287,2025-09,2025-09-29,Joni Wasserman,Consumer,East,Office Supplies,11.68
8288,2025-09,2025-09-29,Joni Wasserman,Consumer,East,Office Supplies,104.8
8289,2025-09,2025-09-29,Jeremy Lonsdale,Consumer,West,Office Supplies,31.128
8290,2025-09,2025-09-29,Jay Kimmel,Consumer,West,Office Supplies,13.76
8291,2025-09,2025-09-29,Jeremy Lonsdale,Consumer,West,Office Supplies,11.952
8292,2025-09,2025-09-29,Matt Collins,Consumer,West,Office Supplies,244.55
8293,2025-09,2025-09-29,Jeremy Lonsdale,Consumer,West,Office Supplies,24.56
8294,2025-09,2025-09-29,Chloris Kastensmidt,Consumer,Central,Office Supplies,118.16
8295,2025-09,2025-09-29,Chloris Kastensmidt,Consumer,Central,Technology,119.448
8296,2025-09,2025-09-29,Cindy Chapman,Consumer,Central,Technology,63.96
8297,2025-09,2025-09-29,Fred McMath,Consumer,South,Technology,79.992
8298,2025-09,2025-09-29,Jeremy Lonsdale,Consumer,West,Technology,55.76
8299,2025-09,2025-09-29,Jay Kimmel,Consumer,West,Technology,159.96
8300,2025-09,2025-09-29,Jeremy Lonsdale,Consumer,West,Technology,707.88
8301,2025-09,2025-09-30,Denny Blanton,Consumer,East,Office Supplies,113.92
8302,2025-09,2025-09-30,Denny Blanton,Consumer,East,Office Supplies,39.66
8303,2025-09,2025-09-30,Denny Blanton,Consumer,East,Office Supplies,447.86
8304,2025-10,2025-10-02,Ivan Liston,Consumer,Central,Furniture,121.3
8305,2025-10,2025-10-02,Ivan Liston,Consumer,Central,Office Supplies,70.08
8306,2025-10,2025-10-02,Steve Chapman,Corporate,Central,Office Supplies,177.2
8307,2025-10,2025-10-02,Ivan Liston,Consumer,Central,Technology,1454.49
8308,2025-10,2025-10-03,Sylvia Foulston,Corporate,Central,Office Supplies,9.184
8309,2025-10,2025-10-03,Daniel Raglin,Home Office,South,Office Supplies,477.51
8310,2025-10,2025-10-03,Sylvia Foulston,Corporate,Central,Office Supplies,12.864
8311,2025-10,2025-10-03,Sylvia Foulston,Corporate,Central,Office Supplies,29.664
8312,2025-10,2025-10-03,Sanjit Jacobs,Home Office,East,Office Supplies,25.92
8313,2025-10,2025-10-03,Sylvia Foulston,Corporate,Central,Technology,153.584
8314,2025-10,2025-10-04,Brenda Bowman,Corporate,East,Furniture,1779.9
8315,2025-10,2025-10-04,Justin MacKendrick,Consumer,West,Furniture,54.92
8316,2025-10,2025-10-04,Justin MacKendrick,Consumer,West,Office Supplies,542.94
8317,2025-10,2025-10-04,Brenda Bowman,Corporate,East,Office Supplies,219.9
8318,2025-10,2025-10-04,Brenda Bowman,Corporate,East,Office Supplies,17.52
8319,2025-10,2025-10-04,Dana Kaydos,Consumer,West,Office Supplies,100.704
8320,2025-10,2025-10-04,Rick Hansen,Consumer,South,Office Supplies,20.736
8321,2025-10,2025-10-04,Dana Kaydos,Consumer,West,Office Supplies,192.16
8322,2025-10,2025-10-04,Dana Kaydos,Consumer,West,Office Supplies,46.74
8323,2025-10,2025-10-04,Dana Kaydos,Consumer,West,Technology,174.95
8324,2025-10,2025-10-04,Dana Kaydos,Consumer,West,Technology,299.99
8325,2025-10,2025-10-04,Dana Kaydos,Consumer,West,Technology,242.624
8326,2025-10,2025-10-05,Dan Campbell,Consumer,South,Furniture,423.648
8327,2025-10,2025-10-05,Dan Campbell,Consumer,South,Furniture,31.984
8328,2025-10,2025-10-05,Dan Campbell,Consumer,South,Office Supplies,272.048
8329,2025-10,2025-10-05,Jay Kimmel,Consumer,West,Office Supplies,83.79
8330,2025-10,2025-10-05,Jay Kimmel,Consumer,West,Office Supplies,59.52
8331,2025-10,2025-10-05,Michael Kennedy,Corporate,West,Office Supplies,36.024
8332,2025-10,2025-10-05,Dan Campbell,Consumer,South,Office Supplies,1614.582
8333,2025-10,2025-10-05,Dan Campbell,Consumer,South,Office Supplies,14.76
8334,2025-10,2025-10-05,Dan Campbell,Consumer,South,Office Supplies,24.32
8335,2025-10,2025-10-05,Keith Dawkins,Corporate,East,Office Supplies,17.544
8336,2025-10,2025-10-05,Jay Kimmel,Consumer,West,Office Supplies,31.44
8337,2025-10,2025-10-05,Jay Kimmel,Consumer,West,Office Supplies,31.92
8338,2025-10,2025-10-05,Dan Campbell,Consumer,South,Technology,1.584
8339,2025-10,2025-10-06,Janet Martin,Consumer,West,Furniture,418.296
8340,2025-10,2025-10-06,Nora Preis,Consumer,West,Office Supplies,16.68
8341,2025-10,2025-10-06,Nora Preis,Consumer,West,Office Supplies,5.76
8342,2025-10,2025-10-07,James Galang,Consumer,East,Office Supplies,97.84
8343,2025-10,2025-10-07,Bill Overfelt,Corporate,Central,Office Supplies,50.4
8344,2025-10,2025-10-07,Dionis Lloyd,Corporate,East,Office Supplies,1801.632
8345,2025-10,2025-10-08,Sarah Jordon,Consumer,South,Office Supplies,13.428
8346,2025-10,2025-10-08,Sarah Jordon,Consumer,South,Office Supplies,67.136
8347,2025-10,2025-10-09,Emily Ducich,Home Office,Central,Furniture,74.592
8348,2025-10,2025-10-09,Tom Prescott,Consumer,East,Furniture,4416.174
8349,2025-10,2025-10-09,Edward Hooks,Corporate,East,Furniture,462.564
8350,2025-10,2025-10-09,Emily Ducich,Home Office,Central,Furniture,16.784
8351,2025-10,2025-10-09,Rick Wilson,Corporate,West,Office Supplies,2518.29
8352,2025-10,2025-10-09,Emily Ducich,Home Office,Central,Office Supplies,38.864
8353,2025-10,2025-10-09,Emily Ducich,Home Office,Central,Office Supplies,8.016
8354,2025-10,2025-10-09,Rick Wilson,Corporate,West,Office Supplies,13.92
8355,2025-10,2025-10-09,Adrian Hane,Home Office,South,Office Supplies,102.93
8356,2025-10,2025-10-09,Edward Hooks,Corporate,East,Office Supplies,895.92
8357,2025-10,2025-10-09,Rick Wilson,Corporate,West,Office Supplies,221.056
8358,2025-10,2025-10-09,Rick Wilson,Corporate,West,Office Supplies,23.36
8359,2025-10,2025-10-09,Rick Wilson,Corporate,West,Office Supplies,8.56
8360,2025-10,2025-10-09,Rick Wilson,Corporate,West,Office Supplies,540.57
8361,2025-10,2025-10-09,Emily Ducich,Home Office,Central,Office Supplies,5.552
8362,2025-10,2025-10-09,Adrian Hane,Home Office,South,Technology,98.16
8363,2025-10,2025-10-09,Rick Wilson,Corporate,West,Technology,71.976
8364,2025-10,2025-10-10,Nat Gilpin,Corporate,East,Furniture,9.94
8365,2025-10,2025-10-10,Nat Gilpin,Corporate,East,Furniture,88.02
8366,2025-10,2025-10-10,Yana Sorensen,Corporate,West,Furniture,65.94
8367,2025-10,2025-10-10,Nat Gilpin,Corporate,East,Furniture,40.48
8368,2025-10,2025-10-10,Pauline Johnson,Consumer,East,Office Supplies,9.912
8369,2025-10,2025-10-10,Russell Applegate,Consumer,Central,Office Supplies,21.38
8370,2025-10,2025-10-10,Russell Applegate,Consumer,Central,Office Supplies,6.744
8371,2025-10,2025-10-10,Nat Gilpin,Corporate,East,Office Supplies,107.424
8372,2025-10,2025-10-10,Yana Sorensen,Corporate,West,Office Supplies,2793.528
8373,2025-10,2025-10-10,Chloris Kastensmidt,Consumer,East,Office Supplies,10.782
8374,2025-10,2025-10-10,Nicole Fjeld,Home Office,West,Office Supplies,323.1
8375,2025-10,2025-10-10,Russell Applegate,Consumer,Central,Office Supplies,200.064
8376,2025-10,2025-10-10,Yana Sorensen,Corporate,West,Office Supplies,1000.02
8377,2025-10,2025-10-10,Helen Wasserman,Corporate,West,Technology,843.9
8378,2025-10,2025-10-10,Helen Wasserman,Corporate,West,Technology,1496.16
8379,2025-10,2025-10-10,Charles McCrossin,Consumer,East,Technology,23.18
8380,2025-10,2025-10-10,Nat Gilpin,Corporate,East,Technology,37.91
8381,2025-10,2025-10-11,Denny Ordway,Consumer,West,Office Supplies,102.72
8382,2025-10,2025-10-11,Sonia Cooley,Consumer,Central,Office Supplies,2.296
8383,2025-10,2025-10-11,Jennifer Braxton,Corporate,East,Office Supplies,387.99
8384,2025-10,2025-10-11,Doug O'Connell,Consumer,East,Office Supplies,19.44
8385,2025-10,2025-10-11,Jennifer Braxton,Corporate,East,Office Supplies,19.44
8386,2025-10,2025-10-11,Doug O'Connell,Consumer,East,Office Supplies,387.99
8387,2025-10,2025-10-12,Gene McClure,Consumer,West,Office Supplies,239.12
8388,2025-10,2025-10-12,Kean Thornton,Consumer,West,Office Supplies,25.92
8389,2025-10,2025-10-12,Eleni McCrary,Corporate,East,Office Supplies,40.29
8390,2025-10,2025-10-12,Lisa Ryan,Corporate,West,Office Supplies,226.56
8391,2025-10,2025-10-12,Lisa Ryan,Corporate,West,Office Supplies,17.22
8392,2025-10,2025-10-12,Lisa Ryan,Corporate,West,Technology,107.88
8393,2025-10,2025-10-12,Tonja Turnell,Home Office,South,Technology,35.96
8394,2025-10,2025-10-13,Natalie Fritzler,Consumer,South,Furniture,866.4
8395,2025-10,2025-10-13,Candace McMahon,Corporate,West,Furniture,388.704
8396,2025-10,2025-10-13,Patrick Ryan,Consumer,West,Furniture,129.92
8397,2025-10,2025-10-13,Sung Chung,Consumer,West,Furniture,22.752
8398,2025-10,2025-10-13,Tracy Hopkins,Home Office,East,Furniture,25.16
8399,2025-10,2025-10-13,Tracy Hopkins,Home Office,East,Furniture,91.92
8400,2025-10,2025-10-13,Patrick Ryan,Consumer,West,Furniture,568.728
8401,2025-10,2025-10-13,Patrick Ryan,Consumer,West,Office Supplies,203.52
8402,2025-10,2025-10-13,Patrick Ryan,Consumer,West,Office Supplies,17.12
8403,2025-10,2025-10-13,Patrick Ryan,Consumer,West,Office Supplies,117.144
8404,2025-10,2025-10-13,Pete Kriz,Consumer,East,Office Supplies,4305.552
8405,2025-10,2025-10-13,Pete Kriz,Consumer,East,Office Supplies,32.088
8406,2025-10,2025-10-13,Greg Tran,Consumer,Central,Office Supplies,15.28
8407,2025-10,2025-10-13,Greg Tran,Consumer,Central,Office Supplies,35.0
8408,2025-10,2025-10-13,Patrick Ryan,Consumer,West,Office Supplies,51.75
8409,2025-10,2025-10-13,Tracy Hopkins,Home Office,East,Office Supplies,277.4
8410,2025-10,2025-10-13,Sung Chung,Consumer,West,Office Supplies,6.672
8411,2025-10,2025-10-13,Dionis Lloyd,Corporate,West,Office Supplies,83.88
8412,2025-10,2025-10-13,Candace McMahon,Corporate,West,Office Supplies,572.58
8413,2025-10,2025-10-13,Sung Chung,Consumer,West,Office Supplies,237.096
8414,2025-10,2025-10-13,Greg Tran,Consumer,Central,Office Supplies,37.24
8415,2025-10,2025-10-13,Candace McMahon,Corporate,West,Technology,33.18
8416,2025-10,2025-10-13,Patrick Ryan,Consumer,West,Technology,431.968
8417,2025-10,2025-10-14,Tony Molinari,Consumer,West,Furniture,210.008
8418,2025-10,2025-10-14,Dean percer,Home Office,East,Furniture,314.532
8419,2025-10,2025-10-15,Patrick O'Brill,Consumer,South,Furniture,2.784
8420,2025-10,2025-10-15,Patrick O'Brill,Consumer,South,Office Supplies,161.376
8421,2025-10,2025-10-15,Patrick O'Brill,Consumer,South,Office Supplies,8.72
8422,2025-10,2025-10-15,Patrick O'Brill,Consumer,South,Office Supplies,49.568
8423,2025-10,2025-10-15,Patrick O'Brill,Consumer,South,Technology,4367.896
8424,2025-10,2025-10-16,Darrin Martin,Consumer,East,Office Supplies,646.272
8425,2025-10,2025-10-16,Alan Haines,Corporate,East,Office Supplies,3.744
8426,2025-10,2025-10-16,Alan Haines,Corporate,East,Office Supplies,24.672
8427,2025-10,2025-10-16,Darrin Martin,Consumer,East,Office Supplies,10.368
8428,2025-10,2025-10-17,Seth Vernon,Consumer,East,Furniture,130.98
8429,2025-10,2025-10-17,Don Weiss,Consumer,South,Office Supplies,9.728
8430,2025-10,2025-10-17,Don Weiss,Consumer,South,Office Supplies,3.424
8431,2025-10,2025-10-17,Guy Armstrong,Consumer,South,Office Supplies,192.16
8432,2025-10,2025-10-17,Joe Elijah,Consumer,East,Office Supplies,25.696
8433,2025-10,2025-10-18,Darren Powers,Consumer,Central,Furniture,64.96
8434,2025-10,2025-10-18,Heather Jas,Home Office,Central,Office Supplies,53.72
8435,2025-10,2025-10-18,Steve Carroll,Home Office,South,Technology,71.98
8436,2025-10,2025-10-19,Dan Reichenbach,Corporate,West,Furniture,230.28
8437,2025-10,2025-10-19,Dan Reichenbach,Corporate,West,Furniture,198.46
8438,2025-10,2025-10-19,Sarah Foster,Consumer,West,Furniture,120.576
8439,2025-10,2025-10-19,Allen Rosenblatt,Corporate,East,Furniture,1488.424
8440,2025-10,2025-10-19,Shui Tom,Consumer,South,Office Supplies,14.336
8441,2025-10,2025-10-19,Dan Reichenbach,Corporate,West,Office Supplies,321.92
8442,2025-10,2025-10-19,Sanjit Engle,Consumer,Central,Office Supplies,5.952
8443,2025-10,2025-10-19,Dan Reichenbach,Corporate,West,Office Supplies,841.568
8444,2025-10,2025-10-19,Mathew Reese,Home Office,East,Office Supplies,37.008
8445,2025-10,2025-10-19,Stefania Perrino,Corporate,South,Office Supplies,2.896
8446,2025-10,2025-10-19,Ben Peterman,Corporate,East,Office Supplies,12.672
8447,2025-10,2025-10-19,Dan Reichenbach,Corporate,West,Office Supplies,116.28
8448,2025-10,2025-10-19,Dana Kaydos,Consumer,South,Office Supplies,5.184
8449,2025-10,2025-10-19,Dan Reichenbach,Corporate,West,Office Supplies,354.9
8450,2025-10,2025-10-19,Mathew Reese,Home Office,East,Office Supplies,63.84
8451,2025-10,2025-10-19,Dan Reichenbach,Corporate,West,Office Supplies,28.4
8452,2025-10,2025-10-19,Ben Peterman,Corporate,East,Technology,1119.888
8453,2025-10,2025-10-19,Dan Reichenbach,Corporate,West,Technology,879.984
8454,2025-10,2025-10-19,Mathew Reese,Home Office,East,Technology,347.97
8455,2025-10,2025-10-20,Kristina Nunn,Home Office,West,Furniture,1137.75
8456,2025-10,2025-10-20,Matthew Grinstein,Home Office,Central,Office Supplies,91.6
8457,2025-10,2025-10-20,Kristina Nunn,Home Office,West,Office Supplies,5.56
8458,2025-10,2025-10-20,Kristina Nunn,Home Office,West,Office Supplies,99.68
8459,2025-10,2025-10-20,Sean Christensen,Consumer,Central,Office Supplies,26.72
8460,2025-10,2025-10-20,Sean Christensen,Consumer,Central,Office Supplies,25.344
8461,2025-10,2025-10-20,Matthew Grinstein,Home Office,Central,Office Supplies,21.81
8462,2025-10,2025-10-20,Kristina Nunn,Home Office,West,Technology,35.168
8463,2025-10,2025-10-21,Rick Wilson,Corporate,West,Furniture,148.02
8464,2025-10,2025-10-21,Michael Dominguez,Corporate,East,Office Supplies,9.408
8465,2025-10,2025-10-21,Cathy Prescott,Corporate,Central,Office Supplies,3.24
8466,2025-10,2025-10-21,Cathy Prescott,Corporate,Central,Office Supplies,47.36
8467,2025-10,2025-10-21,Cathy Prescott,Corporate,Central,Office Supplies,27.44
8468,2025-10,2025-10-23,Bart Watters,Corporate,West,Furniture,569.568
8469,2025-10,2025-10-23,Ashley Jarboe,Consumer,Central,Office Supplies,638.73
8470,2025-10,2025-10-23,Arthur Wiediger,Home Office,West,Office Supplies,6.672
8471,2025-10,2025-10-23,Jeremy Farry,Consumer,West,Office Supplies,8.376
8472,2025-10,2025-10-23,Rob Lucas,Consumer,South,Office Supplies,229.544
8473,2025-10,2025-10-23,Jeremy Farry,Consumer,West,Office Supplies,10.744
8474,2025-10,2025-10-23,Maxwell Schwartz,Consumer,West,Office Supplies,193.95
8475,2025-10,2025-10-23,Bart Watters,Corporate,West,Office Supplies,149.73
8476,2025-10,2025-10-23,Michael Granlund,Home Office,West,Office Supplies,6.208
8477,2025-10,2025-10-23,Barry Gonzalez,Consumer,South,Technology,659.9
8478,2025-10,2025-10-23,Arthur Wiediger,Home Office,West,Technology,689.408
8479,2025-10,2025-10-24,Cynthia Arntzen,Consumer,Central,Furniture,498.26
8480,2025-10,2025-10-24,Bradley Nguyen,Consumer,East,Furniture,114.9
8481,2025-10,2025-10-24,Rick Wilson,Corporate,West,Furniture,283.56
8482,2025-10,2025-10-24,Rick Wilson,Corporate,West,Office Supplies,314.6
8483,2025-10,2025-10-24,Christine Kargatis,Home Office,West,Office Supplies,7.58
8484,2025-10,2025-10-24,Sung Shariari,Consumer,West,Office Supplies,22.92
8485,2025-10,2025-10-24,Sung Shariari,Consumer,West,Technology,19.99
8486,2025-10,2025-10-25,Stephanie Ulpright,Home Office,West,Furniture,215.976
8487,2025-10,2025-10-25,Ann Chong,Corporate,East,Furniture,1282.41
8488,2025-10,2025-10-25,Ann Chong,Corporate,East,Furniture,11.54
8489,2025-10,2025-10-25,Dorris liebe,Corporate,East,Furniture,15.072
8490,2025-10,2025-10-25,Marc Harrigan,Home Office,West,Furniture,511.5
8491,2025-10,2025-10-25,Ann Chong,Corporate,East,Furniture,254.526
8492,2025-10,2025-10-25,Janet Lee,Consumer,West,Furniture,236.528
8493,2025-10,2025-10-25,Ann Chong,Corporate,East,Office Supplies,12.98
8494,2025-10,2025-10-25,Marc Harrigan,Home Office,West,Office Supplies,43.1
8495,2025-10,2025-10-25,Jill Stevenson,Corporate,Central,Office Supplies,5.588
8496,2025-10,2025-10-25,Phillip Flathmann,Consumer,West,Office Supplies,6.57
8497,2025-10,2025-10-25,Ann Chong,Corporate,East,Office Supplies,23.1
8498,2025-10,2025-10-25,Anthony Witt,Consumer,West,Office Supplies,9.4
8499,2025-10,2025-10-25,Ann Chong,Corporate,East,Office Supplies,4.92
8500,2025-10,2025-10-25,Janet Lee,Consumer,West,Office Supplies,18.72
8501,2025-10,2025-10-25,Alan Hwang,Consumer,South,Office Supplies,1577.94
8502,2025-10,2025-10-25,Marc Harrigan,Home Office,West,Office Supplies,147.92
8503,2025-10,2025-10-25,Ann Chong,Corporate,East,Office Supplies,26.432
8504,2025-10,2025-10-25,Jill Stevenson,Corporate,Central,Office Supplies,16.0
8505,2025-10,2025-10-25,Ann Chong,Corporate,East,Office Supplies,18.9
8506,2025-10,2025-10-25,Luke Weiss,Consumer,West,Office Supplies,11.696
8507,2025-10,2025-10-25,Anthony Witt,Consumer,West,Office Supplies,74.0
8508,2025-10,2025-10-25,Ted Butterfield,Consumer,East,Office Supplies,79.92
8509,2025-10,2025-10-25,Ralph Kennedy,Consumer,East,Office Supplies,12.192
8510,2025-10,2025-10-25,Ted Butterfield,Consumer,East,Office Supplies,146.82
8511,2025-10,2025-10-25,Ann Chong,Corporate,East,Office Supplies,17.12
8512,2025-10,2025-10-25,Ted Butterfield,Consumer,East,Office Supplies,10.9
8513,2025-10,2025-10-25,Bill Eplett,Home Office,Central,Office Supplies,352.38
8514,2025-10,2025-10-25,Jill Stevenson,Corporate,Central,Office Supplies,235.92
8515,2025-10,2025-10-25,Ann Chong,Corporate,East,Technology,167.97
8516,2025-10,2025-10-25,Ann Chong,Corporate,East,Technology,238.0
8517,2025-10,2025-10-25,Mick Crebagga,Consumer,Central,Technology,40.68
8518,2025-10,2025-10-25,Bill Eplett,Home Office,Central,Technology,1928.78
8519,2025-10,2025-10-25,Bill Eplett,Home Office,Central,Technology,1199.8
8520,2025-10,2025-10-25,Anthony Witt,Consumer,West,Technology,201.584
8521,2025-10,2025-10-25,Ann Chong,Corporate,East,Technology,197.97
8522,2025-10,2025-10-26,Joe Kamberova,Consumer,West,Furniture,239.666
8523,2025-10,2025-10-26,Katrina Bavinger,Home Office,East,Furniture,90.801
8524,2025-10,2025-10-26,Katrina Bavinger,Home Office,East,Furniture,181.764
8525,2025-10,2025-10-26,Arthur Gainer,Consumer,Central,Furniture,108.4
8526,2025-10,2025-10-26,Aleksandra Gannaway,Corporate,West,Office Supplies,5.96
8527,2025-10,2025-10-26,Katrina Bavinger,Home Office,East,Office Supplies,5.56
8528,2025-10,2025-10-26,Sample Company A,Home Office,West,Office Supplies,82.56
8529,2025-10,2025-10-26,Emily Phan,Consumer,Central,Office Supplies,42.616
8530,2025-10,2025-10-26,Arthur Prichep,Consumer,South,Office Supplies,24.448
8531,2025-10,2025-10-26,Katrina Bavinger,Home Office,East,Office Supplies,419.4
8532,2025-10,2025-10-26,Muhammed Yedwab,Corporate,Central,Office Supplies,8.904
8533,2025-10,2025-10-26,Sample Company A,Home Office,West,Technology,284.97
8534,2025-10,2025-10-26,Muhammed Yedwab,Corporate,Central,Technology,100.8
8535,2025-10,2025-10-27,Helen Wasserman,Corporate,Central,Furniture,825.174
8536,2025-10,2025-10-27,Doug O'Connell,Consumer,South,Furniture,97.184
8537,2025-10,2025-10-27,Greg Maxwell,Corporate,West,Furniture,1322.352
8538,2025-10,2025-10-27,Pete Kriz,Consumer,West,Furniture,1478.272
8539,2025-10,2025-10-27,Julie Kriz,Home Office,Central,Office Supplies,30.384
8540,2025-10,2025-10-27,Helen Wasserman,Corporate,Central,Office Supplies,6.912
8541,2025-10,2025-10-27,John Dryer,Consumer,Central,Office Supplies,13.12
8542,2025-10,2025-10-27,Maribeth Dona,Consumer,East,Office Supplies,8.256
8543,2025-10,2025-10-27,John Dryer,Consumer,Central,Office Supplies,10.192
8544,2025-10,2025-10-27,Maribeth Dona,Consumer,East,Office Supplies,4.368
8545,2025-10,2025-10-27,Cynthia Voltz,Corporate,West,Office Supplies,11.808
8546,2025-10,2025-10-27,Aaron Smayling,Corporate,West,Office Supplies,88.074
8547,2025-10,2025-10-27,Maribeth Dona,Consumer,East,Office Supplies,25.56
8548,2025-10,2025-10-27,Pete Kriz,Consumer,West,Office Supplies,13.344
8549,2025-10,2025-10-27,Ralph Arnett,Consumer,West,Office Supplies,487.984
8550,2025-10,2025-10-27,Vivian Mathis,Consumer,East,Office Supplies,14.82
8551,2025-10,2025-10-27,Maribeth Dona,Consumer,East,Office Supplies,11.52
8552,2025-10,2025-10-27,Doug O'Connell,Consumer,South,Office Supplies,10.368
8553,2025-10,2025-10-27,Katrina Bavinger,Home Office,West,Office Supplies,12.96
8554,2025-10,2025-10-27,Helen Wasserman,Corporate,Central,Office Supplies,17.76
8555,2025-10,2025-10-27,Tiffany House,Corporate,West,Office Supplies,54.32
8556,2025-10,2025-10-27,Ralph Arnett,Consumer,West,Office Supplies,217.85
8557,2025-10,2025-10-27,Eva Jacobs,Consumer,West,Office Supplies,421.1
8558,2025-10,2025-10-27,John Dryer,Consumer,Central,Office Supplies,16.784
8559,2025-10,2025-10-27,Aimee Bixby,Consumer,East,Technology,91.96
8560,2025-10,2025-10-27,Michael Moore,Consumer,East,Technology,19.04
8561,2025-10,2025-10-27,Ralph Arnett,Consumer,West,Technology,5.56
8562,2025-10,2025-10-27,Katrina Bavinger,Home Office,West,Technology,43.176
8563,2025-10,2025-10-28,Liz Preis,Consumer,South,Office Supplies,71.96
8564,2025-10,2025-10-28,Christopher Schild,Home Office,West,Office Supplies,2.78
8565,2025-10,2025-10-28,Liz Preis,Consumer,South,Office Supplies,15.552
8566,2025-10,2025-10-28,Michael Grace,Home Office,South,Office Supplies,147.184
8567,2025-10,2025-10-28,Liz Preis,Consumer,South,Technology,89.568
8568,2025-10,2025-10-30,Joseph Airdo,Consumer,West,Furniture,161.568
8569,2025-10,2025-10-30,Jasper Cacioppo,Consumer,West,Furniture,47.94
8570,2025-10,2025-10-30,Justin MacKendrick,Consumer,West,Furniture,25.16
8571,2025-10,2025-10-30,Allen Goldenen,Consumer,West,Furniture,19.76
8572,2025-10,2025-10-30,Trudy Glocke,Consumer,Central,Furniture,135.3
8573,2025-10,2025-10-30,Phillip Flathmann,Consumer,West,Furniture,80.96
8574,2025-10,2025-10-30,Dario Medina,Corporate,South,Office Supplies,81.568
8575,2025-10,2025-10-30,Phillip Flathmann,Consumer,West,Office Supplies,25.98
8576,2025-10,2025-10-30,Dean percer,Home Office,West,Office Supplies,7.857
8577,2025-10,2025-10-30,Robert Dilbeck,Home Office,Central,Office Supplies,1577.94
8578,2025-10,2025-10-30,Cassandra Brandow,Consumer,East,Office Supplies,4.896
8579,2025-10,2025-10-30,Cassandra Brandow,Consumer,East,Office Supplies,29.24
8580,2025-10,2025-10-30,Allen Armold,Consumer,East,Office Supplies,39.96
8581,2025-10,2025-10-30,Nicole Fjeld,Home Office,Central,Office Supplies,73.008
8582,2025-10,2025-10-30,Allen Armold,Consumer,East,Office Supplies,16.9
8583,2025-10,2025-10-30,Cassandra Brandow,Consumer,East,Office Supplies,15.552
8584,2025-10,2025-10-30,Ruben Dartt,Consumer,West,Office Supplies,37.68
8585,2025-10,2025-10-30,Stefania Perrino,Corporate,East,Office Supplies,478.08
8586,2025-10,2025-10-30,Anna Gayman,Consumer,Central,Technology,13.48
8587,2025-10,2025-10-30,Trudy Glocke,Consumer,Central,Technology,113.52
8588,2025-10,2025-10-30,Ruben Dartt,Consumer,West,Technology,279.944
8589,2025-10,2025-10-30,Phillip Flathmann,Consumer,West,Technology,455.712
8590,2025-10,2025-10-30,Justin MacKendrick,Consumer,West,Technology,126.56
8591,2025-10,2025-10-31,Barry Französisch,Corporate,Central,Furniture,213.43
8592,2025-10,2025-10-31,Barry Französisch,Corporate,Central,Furniture,21.184
8593,2025-10,2025-10-31,Michelle Moray,Consumer,Central,Furniture,765.625
8594,2025-10,2025-10-31,Barry Französisch,Corporate,Central,Office Supplies,42.616
8595,2025-10,2025-10-31,Barry Französisch,Corporate,Central,Office Supplies,45.92
8596,2025-10,2025-10-31,Barry Französisch,Corporate,Central,Office Supplies,20.736
8597,2025-10,2025-10-31,Eudokia Martin,Corporate,East,Office Supplies,65.12
8598,2025-10,2025-10-31,Frank Carlisle,Home Office,South,Office Supplies,61.68
8599,2025-10,2025-10-31,Dorothy Badders,Corporate,East,Technology,9.096
8600,2025-10,2025-10-31,Alex Russell,Corporate,Central,Technology,85.2
8601,2025-10,2025-10-31,Roland Schwarz,Corporate,East,Technology,116.832
8602,2025-10,2025-10-31,Barry Französisch,Corporate,Central,Technology,319.984
8603,2025-10,2025-10-31,Frank Carlisle,Home Office,South,Technology,158.376
8604,2025-10,2025-10-31,Eugene Barchas,Consumer,East,Technology,258.528
8605,2025-11,2025-11-01,Liz Carlisle,Consumer,West,Furniture,243.92
8606,2025-11,2025-11-01,Stefania Perrino,Corporate,East,Furniture,141.372
8607,2025-11,2025-11-01,Sean O'Donnell,Consumer,South,Furniture,14.136
8608,2025-11,2025-11-01,Logan Currie,Consumer,East,Furniture,66.112
8609,2025-11,2025-11-01,Stefania Perrino,Corporate,East,Furniture,17.024
8610,2025-11,2025-11-01,Damala Kotsonis,Corporate,West,Office Supplies,11.176
8611,2025-11,2025-11-01,Logan Currie,Consumer,East,Office Supplies,25.92
8612,2025-11,2025-11-01,Stefania Perrino,Corporate,East,Office Supplies,4.672
8613,2025-11,2025-11-01,Liz Carlisle,Consumer,West,Office Supplies,6.56
8614,2025-11,2025-11-01,Stefania Perrino,Corporate,East,Office Supplies,4.503
8615,2025-11,2025-11-01,Joy Daniels,Consumer,East,Office Supplies,6.258
8616,2025-11,2025-11-01,Stefania Perrino,Corporate,East,Office Supplies,3.036
8617,2025-11,2025-11-01,Joy Daniels,Consumer,East,Office Supplies,4.86
8618,2025-11,2025-11-01,Joy Bell-,Consumer,Central,Office Supplies,17.48
8619,2025-11,2025-11-01,Grace Kelly,Corporate,Central,Office Supplies,9.856
8620,2025-11,2025-11-01,Joy Daniels,Consumer,East,Office Supplies,17.712
8621,2025-11,2025-11-01,Liz Carlisle,Consumer,West,Office Supplies,47.52
8622,2025-11,2025-11-01,Sean O'Donnell,Consumer,South,Office Supplies,177.536
8623,2025-11,2025-11-01,Arianne Irving,Consumer,West,Office Supplies,6.368
8624,2025-11,2025-11-01,Damala Kotsonis,Corporate,West,Office Supplies,31.104
8625,2025-11,2025-11-01,Sean O'Donnell,Consumer,South,Office Supplies,258.48
8626,2025-11,2025-11-01,Sean Braxton,Corporate,South,Office Supplies,628.81
8627,2025-11,2025-11-01,Sean Braxton,Corporate,South,Office Supplies,56.45
8628,2025-11,2025-11-01,Keith Dawkins,Corporate,West,Office Supplies,99.87
8629,2025-11,2025-11-01,Sean O'Donnell,Consumer,South,Office Supplies,8.832
8630,2025-11,2025-11-01,Matt Connell,Corporate,West,Technology,159.96
8631,2025-11,2025-11-01,Stefania Perrino,Corporate,East,Technology,258.696
8632,2025-11,2025-11-01,Stefania Perrino,Corporate,East,Technology,95.88
8633,2025-11,2025-11-01,Stefania Perrino,Corporate,East,Technology,1931.958
8634,2025-11,2025-11-02,Frank Hawley,Corporate,West,Furniture,362.352
8635,2025-11,2025-11-02,Robert Waldorf,Consumer,Central,Office Supplies,24.18
8636,2025-11,2025-11-02,Robert Waldorf,Consumer,Central,Office Supplies,33.99
8637,2025-11,2025-11-02,Alex Russell,Corporate,East,Office Supplies,14.88
8638,2025-11,2025-11-02,Robert Waldorf,Consumer,Central,Office Supplies,13.71
8639,2025-11,2025-11-02,Skye Norling,Home Office,Central,Office Supplies,762.594
8640,2025-11,2025-11-02,Robert Waldorf,Consumer,Central,Office Supplies,16.2
8641,2025-11,2025-11-02,Frank Hawley,Corporate,West,Office Supplies,7.184
8642,2025-11,2025-11-02,Shahid Shariari,Consumer,South,Office Supplies,2.78
8643,2025-11,2025-11-02,Robert Waldorf,Consumer,Central,Office Supplies,24.9
8644,2025-11,2025-11-02,Ken Heidel,Corporate,East,Office Supplies,85.056
8645,2025-11,2025-11-02,Shahid Hopkins,Consumer,East,Office Supplies,18.76
8646,2025-11,2025-11-02,Robert Waldorf,Consumer,Central,Office Supplies,286.29
8647,2025-11,2025-11-02,Robert Waldorf,Consumer,Central,Technology,112.8
8648,2025-11,2025-11-02,Robert Waldorf,Consumer,Central,Technology,296.85
8649,2025-11,2025-11-02,Helen Abelman,Consumer,East,Technology,37.056
8650,2025-11,2025-11-02,Helen Abelman,Consumer,East,Technology,259.896
8651,2025-11,2025-11-02,Linda Cazamias,Corporate,Central,Technology,147.168
8652,2025-11,2025-11-02,Alex Russell,Corporate,East,Office Supplies,2.78
8653,2025-11,2025-11-03,Karen Ferguson,Home Office,West,Furniture,2054.272
8654,2025-11,2025-11-03,Jennifer Ferguson,Consumer,West,Furniture,177.568
8655,2025-11,2025-11-03,Cassandra Brandow,Consumer,West,Furniture,32.36
8656,2025-11,2025-11-03,Ryan Crowe,Consumer,South,Furniture,34.504
8657,2025-11,2025-11-03,Cindy Chapman,Consumer,Central,Furniture,512.19
8658,2025-11,2025-11-03,Cassandra Brandow,Consumer,South,Office Supplies,67.9
8659,2025-11,2025-11-03,Cindy Chapman,Consumer,Central,Office Supplies,1.556
8660,2025-11,2025-11-03,Shahid Shariari,Consumer,South,Office Supplies,195.68
8661,2025-11,2025-11-03,Cassandra Brandow,Consumer,West,Office Supplies,406.6
8662,2025-11,2025-11-03,Jennifer Ferguson,Consumer,West,Office Supplies,1471.96
8663,2025-11,2025-11-03,Karen Ferguson,Home Office,West,Office Supplies,22.18
8664,2025-11,2025-11-03,Helen Andreada,Consumer,Central,Office Supplies,10.528
8665,2025-11,2025-11-03,Shahid Shariari,Consumer,South,Office Supplies,14.2
8666,2025-11,2025-11-03,Jennifer Ferguson,Consumer,West,Office Supplies,19.44
8667,2025-11,2025-11-03,Ken Heidel,Corporate,West,Office Supplies,19.44
8668,2025-11,2025-11-03,Karen Ferguson,Home Office,West,Office Supplies,12.96
8669,2025-11,2025-11-03,Daniel Byrd,Home Office,South,Office Supplies,184.66
8670,2025-11,2025-11-03,Helen Andreada,Consumer,Central,Office Supplies,20.544
8671,2025-11,2025-11-03,Jennifer Ferguson,Consumer,West,Office Supplies,71.28
8672,2025-11,2025-11-03,Cindy Chapman,Consumer,Central,Office Supplies,10.272
8673,2025-11,2025-11-03,Jennifer Ferguson,Consumer,West,Technology,79.96
8674,2025-11,2025-11-03,Ken Heidel,Corporate,West,Technology,143.952
8675,2025-11,2025-11-04,Jessica Myrick,Consumer,West,Furniture,8.36
8676,2025-11,2025-11-04,Bart Folk,Consumer,East,Office Supplies,90.86
8677,2025-11,2025-11-04,Don Jones,Corporate,East,Office Supplies,45.78
8678,2025-11,2025-11-04,Don Jones,Corporate,East,Office Supplies,45.36
8679,2025-11,2025-11-04,John Murray,Consumer,West,Office Supplies,166.44
8680,2025-11,2025-11-04,Bart Folk,Consumer,East,Office Supplies,39.9
8681,2025-11,2025-11-04,Bart Folk,Consumer,East,Office Supplies,94.85
8682,2025-11,2025-11-05,Speros Goranitis,Consumer,South,Office Supplies,15.92
8683,2025-11,2025-11-06,Pamela Stobb,Consumer,East,Furniture,113.372
8684,2025-11,2025-11-06,Roger Barcio,Home Office,East,Furniture,589.41
8685,2025-11,2025-11-06,Pamela Stobb,Consumer,East,Furniture,127.936
8686,2025-11,2025-11-06,Dorothy Badders,Corporate,South,Office Supplies,942.784
8687,2025-11,2025-11-06,Liz Thompson,Consumer,East,Office Supplies,70.95
8688,2025-11,2025-11-06,Roger Barcio,Home Office,East,Office Supplies,29.95
8689,2025-11,2025-11-06,Pamela Stobb,Consumer,East,Office Supplies,3.882
8690,2025-11,2025-11-06,Pamela Stobb,Consumer,East,Office Supplies,18.312
8691,2025-11,2025-11-06,Joy Bell-,Consumer,West,Office Supplies,56.7
8692,2025-11,2025-11-06,Dorothy Badders,Corporate,South,Office Supplies,74.352
8693,2025-11,2025-11-06,Henia Zydlo,Consumer,East,Office Supplies,8.56
8694,2025-11,2025-11-06,Henia Zydlo,Consumer,East,Office Supplies,11.56
8695,2025-11,2025-11-06,Tracy Blumstein,Consumer,Central,Office Supplies,19.05
8696,2025-11,2025-11-06,Roger Barcio,Home Office,East,Office Supplies,70.98
8697,2025-11,2025-11-06,Craig Yedwab,Corporate,East,Technology,895.944
8698,2025-11,2025-11-06,Pamela Stobb,Consumer,East,Technology,241.17
8699,2025-11,2025-11-06,Pamela Stobb,Consumer,East,Technology,12.585
8700,2025-11,2025-11-06,Roger Barcio,Home Office,East,Technology,1079.85
8701,2025-11,2025-11-07,Carl Ludwig,Consumer,East,Furniture,782.94
8702,2025-11,2025-11-07,Rick Duston,Consumer,West,Furniture,218.352
8703,2025-11,2025-11-07,Erica Smith,Consumer,West,Furniture,184.752
8704,2025-11,2025-11-07,Theresa Coyne,Corporate,East,Furniture,512.96
8705,2025-11,2025-11-07,Meg O'Connel,Home Office,East,Furniture,35.56
8706,2025-11,2025-11-07,Rick Duston,Consumer,West,Furniture,529.9
8707,2025-11,2025-11-07,Theresa Coyne,Corporate,East,Furniture,47.4
8708,2025-11,2025-11-07,Christopher Schild,Home Office,West,Furniture,300.904
8709,2025-11,2025-11-07,Rick Duston,Consumer,West,Office Supplies,108.96
8710,2025-11,2025-11-07,Rick Duston,Consumer,West,Office Supplies,99.3
8711,2025-11,2025-11-07,Charles Crestani,Consumer,Central,Office Supplies,31.744
8712,2025-11,2025-11-07,Carl Ludwig,Consumer,East,Office Supplies,16.28
8713,2025-11,2025-11-07,Gene McClure,Consumer,West,Office Supplies,12.42
8714,2025-11,2025-11-07,Carl Ludwig,Consumer,East,Office Supplies,242.48
8715,2025-11,2025-11-07,Doug O'Connell,Consumer,West,Office Supplies,295.056
8716,2025-11,2025-11-07,Erica Smith,Consumer,West,Office Supplies,2357.488
8717,2025-11,2025-11-07,Rick Duston,Consumer,West,Office Supplies,2.688
8718,2025-11,2025-11-07,Alan Barnes,Consumer,South,Office Supplies,163.96
8719,2025-11,2025-11-07,Brenda Bowman,Corporate,Central,Office Supplies,31.872
8720,2025-11,2025-11-07,Theresa Coyne,Corporate,East,Office Supplies,81.96
8721,2025-11,2025-11-07,Dean percer,Home Office,East,Office Supplies,38.62
8722,2025-11,2025-11-07,Dean percer,Home Office,East,Technology,59.98
8723,2025-11,2025-11-07,Carl Ludwig,Consumer,East,Technology,39.99
8724,2025-11,2025-11-07,Erica Smith,Consumer,West,Technology,369.544
8725,2025-11,2025-11-07,Theresa Coyne,Corporate,East,Technology,395.94
8726,2025-11,2025-11-07,Dave Brooks,Consumer,Central,Technology,323.976
8727,2025-11,2025-11-08,Adam Shillingsburg,Consumer,East,Furniture,22.512
8728,2025-11,2025-11-08,Barry Blumstein,Corporate,West,Office Supplies,5.98
8729,2025-11,2025-11-08,Adam Shillingsburg,Consumer,East,Office Supplies,538.194
8730,2025-11,2025-11-08,Adam Shillingsburg,Consumer,East,Office Supplies,3.444
8731,2025-11,2025-11-08,Jay Fein,Consumer,Central,Office Supplies,17.568
8732,2025-11,2025-11-08,Craig Yedwab,Corporate,West,Office Supplies,17.9
8733,2025-11,2025-11-08,Barry Blumstein,Corporate,West,Office Supplies,8.82
8734,2025-11,2025-11-08,Evan Henry,Consumer,East,Office Supplies,20.544
8735,2025-11,2025-11-08,Adam Bellavance,Home Office,East,Office Supplies,20.736
8736,2025-11,2025-11-08,Adam Shillingsburg,Consumer,East,Technology,71.976
8737,2025-11,2025-11-08,Craig Leslie,Home Office,South,Technology,18.0
8738,2025-11,2025-11-08,Adam Shillingsburg,Consumer,East,Technology,47.984
8739,2025-11,2025-11-08,Jay Fein,Consumer,Central,Technology,55.992
8740,2025-11,2025-11-09,Alan Schoenberger,Corporate,West,Furniture,1292.94
8741,2025-11,2025-11-09,Meg O'Connel,Home Office,South,Furniture,723.92
8742,2025-11,2025-11-09,Sanjit Jacobs,Home Office,Central,Furniture,318.43
8743,2025-11,2025-11-09,Sanjit Jacobs,Home Office,Central,Office Supplies,9.912
8744,2025-11,2025-11-09,Alan Schoenberger,Corporate,West,Office Supplies,10.776
8745,2025-11,2025-11-09,Sanjit Jacobs,Home Office,Central,Office Supplies,5.8
8746,2025-11,2025-11-09,Alan Schoenberger,Corporate,West,Office Supplies,11.784
8747,2025-11,2025-11-09,Alan Schoenberger,Corporate,West,Office Supplies,25.584
8748,2025-11,2025-11-09,Alan Schoenberger,Corporate,West,Office Supplies,14.4
8749,2025-11,2025-11-09,Alan Schoenberger,Corporate,West,Office Supplies,164.88
8750,2025-11,2025-11-09,Meg O'Connel,Home Office,South,Office Supplies,106.32
8751,2025-11,2025-11-09,Tom Prescott,Consumer,West,Office Supplies,12.96
8752,2025-11,2025-11-09,Gary Zandusky,Consumer,East,Office Supplies,34.05
8753,2025-11,2025-11-09,Alan Schoenberger,Corporate,West,Office Supplies,261.74
8754,2025-11,2025-11-09,Shahid Collister,Consumer,West,Technology,89.97
8755,2025-11,2025-11-09,Gary Zandusky,Consumer,East,Technology,480.0
8756,2025-11,2025-11-09,Sanjit Jacobs,Home Office,Central,Technology,1415.76
8757,2025-11,2025-11-10,Muhammed MacIntyre,Corporate,East,Furniture,9.82
8758,2025-11,2025-11-10,Saphhira Shifley,Corporate,South,Furniture,20.32
8759,2025-11,2025-11-10,Dan Campbell,Consumer,Central,Office Supplies,8.928
8760,2025-11,2025-11-10,Saphhira Shifley,Corporate,South,Office Supplies,113.94
8761,2025-11,2025-11-10,Sally Hughsby,Corporate,West,Office Supplies,8.82
8762,2025-11,2025-11-10,Tony Sayre,Consumer,West,Office Supplies,10.08
8763,2025-11,2025-11-10,Pete Armstrong,Home Office,Central,Office Supplies,114.848
8764,2025-11,2025-11-10,Sally Hughsby,Corporate,West,Office Supplies,10.86
8765,2025-11,2025-11-10,Saphhira Shifley,Corporate,South,Office Supplies,50.96
8766,2025-11,2025-11-10,Muhammed MacIntyre,Corporate,East,Office Supplies,19.44
8767,2025-11,2025-11-10,Barry Französisch,Corporate,Central,Office Supplies,22.72
8768,2025-11,2025-11-10,Saphhira Shifley,Corporate,South,Office Supplies,244.55
8769,2025-11,2025-11-10,Saphhira Shifley,Corporate,South,Office Supplies,25.92
8770,2025-11,2025-11-10,Tamara Manning,Consumer,Central,Office Supplies,15.96
8771,2025-11,2025-11-10,Sally Hughsby,Corporate,West,Office Supplies,143.7
8772,2025-11,2025-11-10,Dan Campbell,Consumer,Central,Office Supplies,47.584
8773,2025-11,2025-11-10,Saphhira Shifley,Corporate,South,Office Supplies,34.48
8774,2025-11,2025-11-10,Tony Sayre,Consumer,West,Technology,101.34
8775,2025-11,2025-11-10,Saphhira Shifley,Corporate,South,Technology,95.68
8776,2025-11,2025-11-10,Saphhira Shifley,Corporate,South,Technology,411.98
8777,2025-11,2025-11-11,Justin Ritter,Corporate,West,Furniture,72.588
8778,2025-11,2025-11-11,Justin Ritter,Corporate,West,Furniture,409.216
8779,2025-11,2025-11-11,Dave Poirier,Corporate,West,Office Supplies,23.32
8780,2025-11,2025-11-11,Justin Ritter,Corporate,West,Office Supplies,23.832
8781,2025-11,2025-11-11,Julie Prescott,Home Office,South,Office Supplies,35.4
8782,2025-11,2025-11-11,Dave Poirier,Corporate,West,Office Supplies,16.74
8783,2025-11,2025-11-11,Frank Gastineau,Home Office,East,Office Supplies,4.842
8784,2025-11,2025-11-11,Adrian Barton,Consumer,West,Office Supplies,18.18
8785,2025-11,2025-11-11,Jessica Myrick,Consumer,East,Office Supplies,32.4
8786,2025-11,2025-11-11,Adrian Barton,Consumer,West,Office Supplies,12.624
8787,2025-11,2025-11-11,Erin Smith,Corporate,South,Office Supplies,95.616
8788,2025-11,2025-11-11,Dave Poirier,Corporate,West,Technology,149.95
8789,2025-11,2025-11-11,Adrian Barton,Consumer,West,Technology,89.584
8790,2025-11,2025-11-11,Justin Ritter,Corporate,West,Technology,191.976
8791,2025-11,2025-11-11,Adrian Barton,Consumer,West,Technology,471.92
8792,2025-11,2025-11-12,Seth Vernon,Consumer,East,Furniture,2254.41
8793,2025-11,2025-11-12,Seth Vernon,Consumer,East,Furniture,80.991
8794,2025-11,2025-11-12,Seth Vernon,Consumer,East,Furniture,272.646
8795,2025-11,2025-11-12,Seth Vernon,Consumer,East,Furniture,2888.127
8796,2025-11,2025-11-12,Seth Vernon,Consumer,East,Office Supplies,11.784
8797,2025-11,2025-11-12,Seth Vernon,Consumer,East,Office Supplies,4.36
8798,2025-11,2025-11-12,Seth Vernon,Consumer,East,Office Supplies,38.52
8799,2025-11,2025-11-12,Seth Vernon,Consumer,East,Office Supplies,13.76
8800,2025-11,2025-11-12,Seth Vernon,Consumer,East,Office Supplies,45.4
8801,2025-11,2025-11-12,Seth Vernon,Consumer,East,Technology,72.64
8802,2025-11,2025-11-12,Seth Vernon,Consumer,East,Technology,59.97
8803,2025-11,2025-11-12,Seth Vernon,Consumer,East,Technology,212.8
8804,2025-11,2025-11-12,Seth Vernon,Consumer,East,Technology,104.85
8805,2025-11,2025-11-12,Seth Vernon,Consumer,East,Technology,1299.66
8806,2025-11,2025-11-12,Alejandro Grove,Consumer,East,Office Supplies,37.68
8807,2025-11,2025-11-13,Kean Thornton,Consumer,South,Office Supplies,80.48
8808,2025-11,2025-11-13,Rick Hansen,Consumer,Central,Office Supplies,20.16
8809,2025-11,2025-11-13,Dan Lawera,Consumer,South,Office Supplies,12.294
8810,2025-11,2025-11-13,Emily Burns,Consumer,East,Office Supplies,1.908
8811,2025-11,2025-11-13,Doug Bickford,Consumer,West,Office Supplies,55.86
8812,2025-11,2025-11-13,Brendan Murry,Corporate,West,Office Supplies,15.51
8813,2025-11,2025-11-13,Muhammed Lee,Consumer,West,Technology,71.98
8814,2025-11,2025-11-13,Muhammed Lee,Consumer,West,Technology,79.98
8815,2025-11,2025-11-14,Erica Hernandez,Home Office,Central,Furniture,241.96
8816,2025-11,2025-11-14,Logan Currie,Consumer,East,Furniture,12.07
8817,2025-11,2025-11-14,Peter Bühler,Consumer,South,Office Supplies,17.94
8818,2025-11,2025-11-14,Sally Hughsby,Corporate,Central,Office Supplies,11.228
8819,2025-11,2025-11-14,Joseph Airdo,Consumer,East,Office Supplies,5.607
8820,2025-11,2025-11-14,Jim Epp,Corporate,Central,Office Supplies,33.04
8821,2025-11,2025-11-14,Joel Eaton,Consumer,South,Office Supplies,691.96
8822,2025-11,2025-11-14,Shaun Chance,Corporate,East,Office Supplies,40.176
8823,2025-11,2025-11-14,Sally Hughsby,Corporate,Central,Office Supplies,13.392
8824,2025-11,2025-11-14,Erica Hernandez,Home Office,Central,Office Supplies,27.72
8825,2025-11,2025-11-14,David Wiener,Corporate,West,Office Supplies,27.18
8826,2025-11,2025-11-14,Peter Bühler,Consumer,South,Office Supplies,12.96
8827,2025-11,2025-11-14,Jim Epp,Corporate,Central,Office Supplies,219.84
8828,2025-11,2025-11-14,Michael Granlund,Home Office,East,Office Supplies,67.4
8829,2025-11,2025-11-14,Berenike Kampe,Consumer,West,Office Supplies,21.96
8830,2025-11,2025-11-14,Joseph Airdo,Consumer,East,Office Supplies,4663.736
8831,2025-11,2025-11-14,Logan Currie,Consumer,East,Technology,1071.0
8832,2025-11,2025-11-14,Joseph Airdo,Consumer,East,Technology,79.984
8833,2025-11,2025-11-14,Jim Epp,Corporate,Central,Technology,98.16
8834,2025-11,2025-11-14,Joel Eaton,Consumer,South,Technology,34.95
8835,2025-11,2025-11-14,Jim Epp,Corporate,Central,Technology,86.97
8836,2025-11,2025-11-14,Christina Anderson,Consumer,East,Technology,391.98
8837,2025-11,2025-11-14,Suzanne McNair,Corporate,West,Furniture,68.43
8838,2025-11,2025-11-15,Arthur Prichep,Consumer,West,Furniture,180.588
8839,2025-11,2025-11-15,Duane Benoit,Consumer,West,Furniture,594.816
8840,2025-11,2025-11-15,Brooke Gillingham,Corporate,West,Furniture,29.328
8841,2025-11,2025-11-15,Lena Cacioppo,Consumer,Central,Office Supplies,73.176
8842,2025-11,2025-11-15,Bruce Stewart,Consumer,West,Office Supplies,160.96
8843,2025-11,2025-11-15,Don Weiss,Consumer,West,Office Supplies,119.96
8844,2025-11,2025-11-15,Don Weiss,Consumer,West,Office Supplies,6.88
8845,2025-11,2025-11-15,Bruce Stewart,Consumer,West,Office Supplies,25.824
8846,2025-11,2025-11-15,Duane Benoit,Consumer,West,Office Supplies,72.96
8847,2025-11,2025-11-15,Kristina Nunn,Home Office,West,Office Supplies,14.352
8848,2025-11,2025-11-15,Maya Herman,Corporate,Central,Office Supplies,9.248
8849,2025-11,2025-11-15,Doug O'Connell,Consumer,South,Office Supplies,12.96
8850,2025-11,2025-11-15,Bobby Elias,Consumer,South,Office Supplies,251.64
8851,2025-11,2025-11-15,Duane Benoit,Consumer,West,Office Supplies,211.04
8852,2025-11,2025-11-15,Lena Cacioppo,Consumer,Central,Office Supplies,20.736
8853,2025-11,2025-11-15,Don Weiss,Consumer,West,Office Supplies,31.44
8854,2025-11,2025-11-15,Doug O'Connell,Consumer,South,Technology,199.95
8855,2025-11,2025-11-15,Arthur Prichep,Consumer,West,Technology,47.984
8856,2025-11,2025-11-15,Bill Donatelli,Consumer,Central,Technology,291.96
8857,2025-11,2025-11-15,Lena Cacioppo,Consumer,Central,Technology,39.984
8858,2025-11,2025-11-16,Karen Bern,Corporate,Central,Furniture,603.92
8859,2025-11,2025-11-16,Rose O'Brian,Consumer,Central,Furniture,520.464
8860,2025-11,2025-11-16,Kelly Collister,Consumer,East,Furniture,103.056
8861,2025-11,2025-11-16,Philip Brown,Consumer,West,Furniture,199.8
8862,2025-11,2025-11-16,Karen Ferguson,Home Office,South,Office Supplies,12.72
8863,2025-11,2025-11-16,Karen Ferguson,Home Office,South,Office Supplies,14.28
8864,2025-11,2025-11-16,Anna Gayman,Consumer,South,Office Supplies,38.71
8865,2025-11,2025-11-16,Paul Prost,Home Office,South,Office Supplies,15.57
8866,2025-11,2025-11-16,Karen Ferguson,Home Office,South,Office Supplies,15.75
8867,2025-11,2025-11-16,Brian Dahlen,Consumer,South,Office Supplies,235.944
8868,2025-11,2025-11-16,Neil Knudson,Home Office,West,Office Supplies,31.08
8869,2025-11,2025-11-16,Rose O'Brian,Consumer,Central,Office Supplies,11.424
8870,2025-11,2025-11-16,Anna Gayman,Consumer,South,Office Supplies,40.29
8871,2025-11,2025-11-16,Karen Ferguson,Home Office,South,Office Supplies,15.51
8872,2025-11,2025-11-16,Neil Knudson,Home Office,West,Office Supplies,7.3
8873,2025-11,2025-11-16,Karen Bern,Corporate,Central,Technology,655.9
8874,2025-11,2025-11-16,Karen Bern,Corporate,Central,Technology,72.0
8875,2025-11,2025-11-16,Brian Dahlen,Consumer,South,Technology,17.88
8876,2025-11,2025-11-16,Frank Atkinson,Corporate,West,Technology,506.28
8877,2025-11,2025-11-16,Paul Prost,Home Office,South,Technology,383.96
8878,2025-11,2025-11-16,Bart Pistole,Corporate,East,Technology,391.98
8879,2025-11,2025-11-16,Frank Atkinson,Corporate,West,Technology,859.2
8880,2025-11,2025-11-16,Bart Pistole,Corporate,East,Technology,437.85
8881,2025-11,2025-11-16,Mick Hernandez,Home Office,East,Technology,1169.694
8882,2025-11,2025-11-16,Karen Ferguson,Home Office,South,Technology,89.9
8883,2025-11,2025-11-16,Bart Pistole,Corporate,East,Technology,40.29
8884,2025-11,2025-11-16,Bart Pistole,Corporate,East,Technology,38.71
8885,2025-11,2025-11-17,Katrina Willman,Consumer,East,Furniture,488.646
8886,2025-11,2025-11-17,Carol Triggs,Consumer,Central,Furniture,269.97
8887,2025-11,2025-11-17,Katrina Willman,Consumer,East,Furniture,47.12
8888,2025-11,2025-11-17,Raymond Buch,Consumer,East,Office Supplies,10.608
8889,2025-11,2025-11-17,Katrina Willman,Consumer,East,Office Supplies,5.56
8890,2025-11,2025-11-17,Carol Triggs,Consumer,Central,Office Supplies,8.26
8891,2025-11,2025-11-17,Adam Hart,Corporate,East,Office Supplies,8.595
8892,2025-11,2025-11-17,Carol Adams,Corporate,East,Office Supplies,24.448
8893,2025-11,2025-11-17,Katrina Willman,Consumer,East,Office Supplies,20.7
8894,2025-11,2025-11-17,Arthur Gainer,Consumer,South,Office Supplies,177.55
8895,2025-11,2025-11-17,Luke Schmidt,Corporate,West,Office Supplies,39.9
8896,2025-11,2025-11-17,Adam Hart,Corporate,East,Office Supplies,190.896
8897,2025-11,2025-11-17,Raymond Buch,Consumer,East,Technology,119.96
8898,2025-11,2025-11-18,Sanjit Jacobs,Home Office,South,Furniture,419.136
8899,2025-11,2025-11-18,Ruben Ausman,Corporate,West,Furniture,9.24
8900,2025-11,2025-11-18,Sara Luxemburg,Home Office,West,Office Supplies,2.224
8901,2025-11,2025-11-18,Ruben Ausman,Corporate,West,Office Supplies,17.04
8902,2025-11,2025-11-18,Ruben Ausman,Corporate,West,Office Supplies,931.176
8903,2025-11,2025-11-18,Ruben Ausman,Corporate,West,Office Supplies,71.88
8904,2025-11,2025-11-18,Ruben Ausman,Corporate,West,Office Supplies,35.88
8905,2025-11,2025-11-18,Jennifer Sheldon,Corporate,East,Office Supplies,9.99
8906,2025-11,2025-11-20,Bruce Degenhardt,Consumer,West,Furniture,9.24
8907,2025-11,2025-11-20,Darrin Sayre,Home Office,West,Furniture,32.776
8908,2025-11,2025-11-20,Darrin Sayre,Home Office,West,Office Supplies,209.792
8909,2025-11,2025-11-20,Darrin Sayre,Home Office,West,Office Supplies,76.776
8910,2025-11,2025-11-20,Sylvia Foulston,Corporate,East,Office Supplies,2.655
8911,2025-11,2025-11-20,Sung Pak,Corporate,South,Office Supplies,10.368
8912,2025-11,2025-11-20,Darrin Sayre,Home Office,West,Office Supplies,14.352
8913,2025-11,2025-11-20,Darrin Sayre,Home Office,West,Office Supplies,147.184
8914,2025-11,2025-11-20,Charles McCrossin,Consumer,Central,Office Supplies,1.744
8915,2025-11,2025-11-20,Darrin Sayre,Home Office,West,Technology,54.384
8916,2025-11,2025-11-21,Patrick Gardner,Consumer,West,Furniture,72.784
8917,2025-11,2025-11-21,Maureen Gastineau,Home Office,East,Furniture,63.686
8918,2025-11,2025-11-21,Maureen Gastineau,Home Office,East,Furniture,21.248
8919,2025-11,2025-11-21,Patrick Gardner,Consumer,West,Furniture,51.75
8920,2025-11,2025-11-21,Maureen Gastineau,Home Office,East,Furniture,344.22
8921,2025-11,2025-11-21,Patrick Gardner,Consumer,West,Office Supplies,97.84
8922,2025-11,2025-11-21,Sonia Cooley,Consumer,West,Office Supplies,99.2
8923,2025-11,2025-11-21,Patrick Gardner,Consumer,West,Office Supplies,46.672
8924,2025-11,2025-11-21,Ann Steele,Home Office,Central,Office Supplies,27.968
8925,2025-11,2025-11-21,Joseph Airdo,Consumer,East,Office Supplies,23.34
8926,2025-11,2025-11-21,Fred Hopkins,Corporate,East,Office Supplies,7.98
8927,2025-11,2025-11-21,Patrick Gardner,Consumer,West,Office Supplies,35.0
8928,2025-11,2025-11-21,Ann Steele,Home Office,Central,Office Supplies,7.968
8929,2025-11,2025-11-21,Maureen Gastineau,Home Office,East,Office Supplies,8.448
8930,2025-11,2025-11-21,Maureen Gastineau,Home Office,East,Office Supplies,15.552
8931,2025-11,2025-11-21,Joseph Airdo,Consumer,East,Office Supplies,51.55
8932,2025-11,2025-11-21,Michelle Ellison,Corporate,East,Office Supplies,51.168
8933,2025-11,2025-11-21,Jas O'Carroll,Consumer,South,Office Supplies,243.92
8934,2025-11,2025-11-21,Joe Kamberova,Consumer,West,Office Supplies,97.3
8935,2025-11,2025-11-21,Maureen Gastineau,Home Office,East,Technology,239.976
8936,2025-11,2025-11-21,Ann Steele,Home Office,Central,Technology,336.51
8937,2025-11,2025-11-22,Cari Sayre,Corporate,West,Office Supplies,3.89
8938,2025-11,2025-11-22,Sample Company A,Home Office,Central,Office Supplies,11.646
8939,2025-11,2025-11-22,Barbara Fisher,Corporate,East,Office Supplies,20.664
8940,2025-11,2025-11-22,Cindy Chapman,Consumer,East,Office Supplies,164.88
8941,2025-11,2025-11-22,Cari Sayre,Corporate,West,Office Supplies,11.76
8942,2025-11,2025-11-22,Cari Sayre,Corporate,West,Office Supplies,167.94
8943,2025-11,2025-11-22,Bradley Talbott,Home Office,West,Technology,159.98
8944,2025-11,2025-11-23,Neola Schneider,Consumer,West,Furniture,108.608
8945,2025-11,2025-11-23,Ellis Ballard,Corporate,West,Furniture,451.152
8946,2025-11,2025-11-23,Neola Schneider,Consumer,West,Office Supplies,241.96
8947,2025-11,2025-11-23,Ken Heidel,Corporate,Central,Office Supplies,6.672
8948,2025-11,2025-11-23,Ellis Ballard,Corporate,West,Office Supplies,81.088
8949,2025-11,2025-11-23,Neola Schneider,Consumer,West,Office Supplies,61.776
8950,2025-11,2025-11-23,Neola Schneider,Consumer,West,Office Supplies,1.44
8951,2025-11,2025-11-23,Dave Kipp,Consumer,Central,Office Supplies,104.85
8952,2025-11,2025-11-23,Ellis Ballard,Corporate,West,Office Supplies,19.44
8953,2025-11,2025-11-23,Ellis Ballard,Corporate,West,Office Supplies,91.84
8954,2025-11,2025-11-23,Tanja Norvell,Home Office,West,Technology,104.75
8955,2025-11,2025-11-23,Corinna Mitchell,Home Office,East,Technology,1704.89
8956,2025-11,2025-11-24,Juliana Krohn,Consumer,West,Furniture,217.764
8957,2025-11,2025-11-24,Chad McGuire,Consumer,West,Furniture,17.46
8958,2025-11,2025-11-24,Dean percer,Home Office,South,Furniture,11.808
8959,2025-11,2025-11-24,Jane Waco,Corporate,South,Furniture,10.16
8960,2025-11,2025-11-24,Roland Fjeld,Consumer,Central,Furniture,157.74
8961,2025-11,2025-11-24,Dean percer,Home Office,South,Furniture,19.76
8962,2025-11,2025-11-24,Dean percer,Home Office,South,Furniture,9.656
8963,2025-11,2025-11-24,Dean percer,Home Office,South,Furniture,2314.116
8964,2025-11,2025-11-24,Steve Chapman,Corporate,Central,Office Supplies,21.984
8965,2025-11,2025-11-24,Steve Chapman,Corporate,Central,Office Supplies,15.224
8966,2025-11,2025-11-24,Roland Fjeld,Consumer,Central,Office Supplies,56.98
8967,2025-11,2025-11-24,Juliana Krohn,Consumer,West,Office Supplies,95.144
8968,2025-11,2025-11-24,Roland Fjeld,Consumer,Central,Office Supplies,2.88
8969,2025-11,2025-11-24,Dean percer,Home Office,South,Office Supplies,27.36
8970,2025-11,2025-11-24,Paul Van Hugh,Home Office,West,Office Supplies,112.12
8971,2025-11,2025-11-24,Roland Fjeld,Consumer,Central,Office Supplies,58.05
8972,2025-11,2025-11-24,Juliana Krohn,Consumer,West,Office Supplies,22.638
8973,2025-11,2025-11-24,Dean percer,Home Office,South,Office Supplies,34.236
8974,2025-11,2025-11-24,Frank Gastineau,Home Office,West,Office Supplies,8.94
8975,2025-11,2025-11-24,Dean percer,Home Office,South,Office Supplies,20.736
8976,2025-11,2025-11-24,Becky Pak,Consumer,East,Office Supplies,49.12
8977,2025-11,2025-11-24,Paul Van Hugh,Home Office,West,Office Supplies,1575.14
8978,2025-11,2025-11-24,Juliana Krohn,Consumer,West,Office Supplies,39.072
8979,2025-11,2025-11-24,Chad McGuire,Consumer,West,Technology,369.16
8980,2025-11,2025-11-24,Rob Williams,Corporate,East,Technology,65.99
8981,2025-11,2025-11-24,Frank Gastineau,Home Office,West,Technology,84.784
8982,2025-11,2025-11-25,Chuck Clark,Home Office,East,Furniture,83.92
8983,2025-11,2025-11-25,Aaron Smayling,Corporate,West,Furniture,171.288
8984,2025-11,2025-11-25,Patrick O'Brill,Consumer,South,Office Supplies,17.92
8985,2025-11,2025-11-25,Chuck Clark,Home Office,East,Office Supplies,6.63
8986,2025-11,2025-11-25,Laurel Workman,Corporate,Central,Office Supplies,20.64
8987,2025-11,2025-11-25,Amy Cox,Consumer,Central,Office Supplies,1793.98
8988,2025-11,2025-11-25,Patrick O'Brill,Consumer,South,Office Supplies,15.552
8989,2025-11,2025-11-25,Hunter Lopez,Consumer,East,Office Supplies,22.58
8990,2025-11,2025-11-25,Chuck Clark,Home Office,East,Technology,371.97
8991,2025-11,2025-11-26,Paul Stevenson,Home Office,East,Furniture,19.98
8992,2025-11,2025-11-27,Greg Guthrie,Corporate,West,Furniture,435.168
8993,2025-11,2025-11-27,Todd Sumrall,Corporate,East,Furniture,221.382
8994,2025-11,2025-11-27,Greg Guthrie,Corporate,West,Furniture,72.9
8995,2025-11,2025-11-27,Greg Guthrie,Corporate,West,Furniture,206.352
8996,2025-11,2025-11-27,Greg Guthrie,Corporate,West,Office Supplies,15.8
8997,2025-11,2025-11-27,Mike Pelletier,Home Office,West,Office Supplies,19.936
8998,2025-11,2025-11-27,Mike Pelletier,Home Office,West,Office Supplies,39.92
8999,2025-11,2025-11-27,Phillina Ober,Home Office,East,Office Supplies,75.792
9000,2025-11,2025-11-27,Greg Guthrie,Corporate,West,Office Supplies,14.9
9001,2025-11,2025-11-27,Mike Pelletier,Home Office,West,Office Supplies,61.96
9002,2025-11,2025-11-27,Ross Baird,Home Office,West,Technology,63.824
9003,2025-11,2025-11-27,Todd Sumrall,Corporate,East,Technology,5199.96
9004,2025-11,2025-11-27,Greg Guthrie,Corporate,West,Technology,7.992
9005,2025-11,2025-11-27,Todd Sumrall,Corporate,East,Technology,87.8
9006,2025-11,2025-11-27,Phillina Ober,Home Office,East,Technology,160.93
9007,2025-11,2025-11-27,Greg Guthrie,Corporate,West,Furniture,221.382
9008,2025-11,2025-11-27,Greg Guthrie,Corporate,West,Furniture,39.92
9009,2025-11,2025-11-27,Greg Guthrie,Corporate,West,Furniture,61.96
9010,2025-11,2025-11-27,Greg Guthrie,Corporate,West,Office Supplies,63.824
9011,2025-11,2025-11-27,Greg Guthrie,Corporate,West,Office Supplies,5199.96
9012,2025-11,2025-11-27,Greg Guthrie,Corporate,West,Technology,19.936
9013,2025-11,2025-11-28,Nick Zandusky,Home Office,West,Furniture,41.96
9014,2025-11,2025-11-28,Nick Zandusky,Home Office,West,Office Supplies,227.84
9015,2025-11,2025-11-28,Ashley Jarboe,Consumer,West,Office Supplies,9.344
9016,2025-11,2025-11-28,Mark Hamilton,Consumer,Central,Office Supplies,19.152
9017,2025-11,2025-11-28,Muhammed MacIntyre,Corporate,East,Office Supplies,40.99
9018,2025-11,2025-11-28,Nick Zandusky,Home Office,West,Office Supplies,37.94
9019,2025-11,2025-11-28,Xylona Preis,Consumer,East,Office Supplies,143.7
9020,2025-11,2025-11-28,Cyra Reiten,Home Office,East,Office Supplies,17.04
9021,2025-11,2025-11-28,Xylona Preis,Consumer,East,Office Supplies,6.48
9022,2025-11,2025-11-28,Cyra Reiten,Home Office,East,Office Supplies,344.91
9023,2025-11,2025-11-28,Mark Hamilton,Consumer,Central,Office Supplies,290.336
9024,2025-11,2025-11-28,Cyra Reiten,Home Office,East,Technology,319.96
9025,2025-11,2025-11-29,Debra Catini,Consumer,West,Furniture,307.666
9026,2025-11,2025-11-29,Dean percer,Home Office,South,Furniture,154.764
9027,2025-11,2025-11-29,Joe Kamberova,Consumer,Central,Office Supplies,4.24
9028,2025-11,2025-11-29,Dean percer,Home Office,South,Office Supplies,50.454
9029,2025-11,2025-11-29,Dean percer,Home Office,South,Office Supplies,18.936
9030,2025-11,2025-11-29,Dean Braden,Consumer,Central,Office Supplies,85.52
9031,2025-11,2025-11-29,Dean percer,Home Office,South,Office Supplies,580.672
9032,2025-11,2025-11-29,Mike Gockenbach,Consumer,West,Technology,1115.91
9033,2025-11,2025-11-29,Mike Gockenbach,Consumer,West,Technology,79.92
9034,2025-11,2025-11-29,Mike Gockenbach,Consumer,West,Technology,128.744
9035,2025-11,2025-11-29,Dean percer,Home Office,South,Technology,222.384
9036,2025-11,2025-11-30,Gary McGarr,Consumer,East,Furniture,145.764
9037,2025-11,2025-11-30,Barry Pond,Corporate,East,Office Supplies,42.76
9038,2025-11,2025-11-30,Chris Selesnick,Corporate,West,Office Supplies,40.68
9039,2025-11,2025-11-30,Chris Selesnick,Corporate,West,Technology,36.0
9040,2025-11,2025-11-30,Chris Selesnick,Corporate,West,Technology,239.96
9041,2025-11,2025-11-30,Chris Selesnick,Corporate,West,Technology,103.192
9042,2025-12,2025-12-01,Harry Greene,Consumer,East,Furniture,314.352
9043,2025-12,2025-12-01,Maria Bertelson,Consumer,Central,Furniture,254.058
9044,2025-12,2025-12-01,Cathy Prescott,Corporate,East,Furniture,45.888
9045,2025-12,2025-12-01,Cyma Kinney,Corporate,Central,Furniture,66.645
9046,2025-12,2025-12-01,Cyma Kinney,Corporate,Central,Furniture,652.45
9047,2025-12,2025-12-01,Maria Bertelson,Consumer,Central,Office Supplies,67.144
9048,2025-12,2025-12-01,Harry Greene,Consumer,East,Office Supplies,12.816
9049,2025-12,2025-12-01,Harry Greene,Consumer,East,Office Supplies,18.24
9050,2025-12,2025-12-01,Harry Greene,Consumer,East,Office Supplies,18.98
9051,2025-12,2025-12-01,Xylona Preis,Consumer,West,Office Supplies,35.2
9052,2025-12,2025-12-01,Evan Bailliet,Consumer,South,Office Supplies,10.816
9053,2025-12,2025-12-02,Scot Wooten,Consumer,Central,Furniture,239.358
9054,2025-12,2025-12-02,William Brown,Consumer,Central,Furniture,14.0
9055,2025-12,2025-12-02,William Brown,Consumer,Central,Office Supplies,16.39
9056,2025-12,2025-12-04,Nora Paige,Consumer,East,Furniture,2154.9
9057,2025-12,2025-12-04,Steve Nguyen,Home Office,Central,Furniture,254.604
9058,2025-12,2025-12-04,Nora Paige,Consumer,East,Furniture,40.48
9059,2025-12,2025-12-04,Natalie Fritzler,Consumer,East,Furniture,673.344
9060,2025-12,2025-12-04,Robert Waldorf,Consumer,West,Office Supplies,5.88
9061,2025-12,2025-12-04,Neil Knudson,Home Office,West,Office Supplies,101.84
9062,2025-12,2025-12-04,Michelle Lonsdale,Corporate,West,Office Supplies,79.872
9063,2025-12,2025-12-04,Nora Paige,Consumer,East,Office Supplies,17.9
9064,2025-12,2025-12-04,Christina Anderson,Consumer,East,Office Supplies,9.96
9065,2025-12,2025-12-04,Matthew Grinstein,Home Office,Central,Office Supplies,10.368
9066,2025-12,2025-12-04,Sean Miller,Home Office,South,Office Supplies,7.968
9067,2025-12,2025-12-04,Sung Pak,Corporate,Central,Technology,39.984
9068,2025-12,2025-12-04,Robert Waldorf,Consumer,West,Technology,435.84
9069,2025-12,2025-12-04,Nora Paige,Consumer,East,Technology,45.0
9070,2025-12,2025-12-04,Michelle Lonsdale,Corporate,West,Technology,595.0
9071,2025-12,2025-12-04,Matthew Grinstein,Home Office,Central,Technology,791.88
9072,2025-12,2025-12-04,Neil Knudson,Home Office,West,Technology,0.99
9073,2025-12,2025-12-04,Matthew Grinstein,Home Office,Central,Technology,369.544
9074,2025-12,2025-12-05,Troy Staebel,Consumer,Central,Furniture,10.476
9075,2025-12,2025-12-05,Michelle Huthwaite,Consumer,South,Furniture,1504.52
9076,2025-12,2025-12-05,Craig Reiter,Consumer,East,Office Supplies,904.9
9077,2025-12,2025-12-05,Troy Staebel,Consumer,Central,Office Supplies,96.784
9078,2025-12,2025-12-05,Jane Waco,Corporate,West,Office Supplies,5083.96
9079,2025-12,2025-12-05,Michelle Huthwaite,Consumer,South,Office Supplies,11.07
9080,2025-12,2025-12-05,Andrew Gjertsen,Corporate,East,Office Supplies,24.84
9081,2025-12,2025-12-05,Andrew Gjertsen,Corporate,East,Office Supplies,11.648
9082,2025-12,2025-12-05,Troy Staebel,Consumer,Central,Office Supplies,63.312
9083,2025-12,2025-12-05,Michelle Huthwaite,Consumer,South,Office Supplies,25.92
9084,2025-12,2025-12-05,Andrew Gjertsen,Corporate,East,Office Supplies,18.176
9085,2025-12,2025-12-05,Andrew Gjertsen,Corporate,East,Office Supplies,59.712
9086,2025-12,2025-12-05,Alan Hwang,Consumer,South,Office Supplies,348.56
9087,2025-12,2025-12-05,Jane Waco,Corporate,West,Technology,209.94
9088,2025-12,2025-12-05,Jane Waco,Corporate,West,Technology,31.984
9089,2025-12,2025-12-06,Joni Wasserman,Consumer,West,Furniture,9.46
9090,2025-12,2025-12-06,Anthony Garverick,Home Office,Central,Office Supplies,27.396
9091,2025-12,2025-12-06,Ed Ludwig,Home Office,East,Office Supplies,37.66
9092,2025-12,2025-12-06,Anthony Garverick,Home Office,Central,Office Supplies,13.456
9093,2025-12,2025-12-06,Berenike Kampe,Consumer,West,Technology,46.36
9094,2025-12,2025-12-07,Dionis Lloyd,Corporate,West,Furniture,22.72
9095,2025-12,2025-12-07,Roland Schwarz,Corporate,West,Furniture,510.24
9096,2025-12,2025-12-07,Stuart Van,Corporate,West,Office Supplies,11.68
9097,2025-12,2025-12-07,Frank Gastineau,Home Office,West,Office Supplies,87.92
9098,2025-12,2025-12-07,Ricardo Sperren,Corporate,East,Office Supplies,13.05
9099,2025-12,2025-12-07,Marc Crier,Consumer,West,Office Supplies,14.73
9100,2025-12,2025-12-07,Dionis Lloyd,Corporate,West,Office Supplies,152.65
9101,2025-12,2025-12-07,Roland Schwarz,Corporate,West,Office Supplies,204.95
9102,2025-12,2025-12-08,Maribeth Yedwab,Corporate,East,Furniture,547.3
9103,2025-12,2025-12-08,Victoria Pisteka,Corporate,South,Furniture,1875.258
9104,2025-12,2025-12-08,Bobby Odegard,Consumer,South,Office Supplies,124.75
9105,2025-12,2025-12-08,Anthony Jacobs,Corporate,West,Office Supplies,307.776
9106,2025-12,2025-12-08,Victoria Pisteka,Corporate,South,Technology,18.528
9107,2025-12,2025-12-08,Gary Hansen,Home Office,West,Technology,599.985
9108,2025-12,2025-12-09,Astrea Jones,Consumer,West,Office Supplies,10.64
9109,2025-12,2025-12-09,Saphhira Shifley,Corporate,East,Office Supplies,12.96
9110,2025-12,2025-12-09,Saphhira Shifley,Corporate,East,Office Supplies,49.96
9111,2025-12,2025-12-09,Barry Französisch,Corporate,West,Technology,52.792
9112,2025-12,2025-12-11,Christina Anderson,Consumer,Central,Furniture,328.3992
9113,2025-12,2025-12-11,Hilary Holden,Corporate,West,Furniture,30.56
9114,2025-12,2025-12-11,Michael Paige,Corporate,East,Furniture,56.56
9115,2025-12,2025-12-11,Mary O'Rourke,Consumer,Central,Furniture,91.275
9116,2025-12,2025-12-11,Hilary Holden,Corporate,West,Furniture,24.368
9117,2025-12,2025-12-11,Harry Marie,Corporate,East,Office Supplies,123.256
9118,2025-12,2025-12-11,Christina Anderson,Consumer,Central,Office Supplies,2.072
9119,2025-12,2025-12-11,Joy Smith,Consumer,West,Office Supplies,39.624
9120,2025-12,2025-12-11,Tracy Hopkins,Home Office,South,Office Supplies,1633.188
9121,2025-12,2025-12-11,Hilary Holden,Corporate,West,Office Supplies,8.96
9122,2025-12,2025-12-11,Hilary Holden,Corporate,West,Office Supplies,31.5
9123,2025-12,2025-12-11,Matt Abelman,Home Office,Central,Office Supplies,29.472
9124,2025-12,2025-12-11,Harry Marie,Corporate,East,Office Supplies,23.68
9125,2025-12,2025-12-11,Michael Paige,Corporate,East,Office Supplies,32.7
9126,2025-12,2025-12-11,Harry Marie,Corporate,East,Technology,309.576
9127,2025-12,2025-12-11,Rick Duston,Consumer,Central,Technology,16.68
9128,2025-12,2025-12-11,Michael Paige,Corporate,East,Furniture,24.368
9129,2025-12,2025-12-11,Michael Paige,Corporate,East,Office Supplies,16.68
9130,2025-12,2025-12-11,Eugene Hildebrand,Home Office,West,Technology,19.44
9131,2025-12,2025-12-12,Pete Takahito,Consumer,South,Furniture,43.936
9132,2025-12,2025-12-12,Ed Braxton,Corporate,East,Furniture,284.364
9133,2025-12,2025-12-12,Ivan Gibson,Consumer,South,Office Supplies,13.36
9134,2025-12,2025-12-12,Pete Takahito,Consumer,South,Office Supplies,4.448
9135,2025-12,2025-12-12,Justin Ellison,Corporate,West,Office Supplies,20.928
9136,2025-12,2025-12-12,Ivan Gibson,Consumer,South,Office Supplies,145.85
9137,2025-12,2025-12-12,Rick Bensley,Home Office,East,Office Supplies,24.55
9138,2025-12,2025-12-12,Justin Ellison,Corporate,West,Office Supplies,3.75
9139,2025-12,2025-12-12,Matt Abelman,Home Office,East,Office Supplies,45.528
9140,2025-12,2025-12-12,Pete Takahito,Consumer,South,Office Supplies,6.672
9141,2025-12,2025-12-12,Ivan Gibson,Consumer,South,Office Supplies,39.96
9142,2025-12,2025-12-12,Muhammed Yedwab,Corporate,South,Office Supplies,14.352
9143,2025-12,2025-12-12,Ed Braxton,Corporate,East,Office Supplies,665.408
9144,2025-12,2025-12-12,Pete Takahito,Consumer,South,Office Supplies,4.768
9145,2025-12,2025-12-12,Muhammed Yedwab,Corporate,South,Technology,15.984
9146,2025-12,2025-12-13,Damala Kotsonis,Corporate,West,Furniture,478.48
9147,2025-12,2025-12-13,Patricia Hirasaki,Home Office,South,Furniture,683.952
9148,2025-12,2025-12-13,Patricia Hirasaki,Home Office,South,Furniture,45.696
9149,2025-12,2025-12-13,Sara Luxemburg,Home Office,Central,Furniture,262.11
9150,2025-12,2025-12-13,Frank Carlisle,Home Office,East,Office Supplies,161.568
9151,2025-12,2025-12-13,Susan Pistek,Consumer,Central,Office Supplies,23.992
9152,2025-12,2025-12-13,Neil Knudson,Home Office,South,Office Supplies,17.856
9153,2025-12,2025-12-13,Jennifer Braxton,Corporate,Central,Office Supplies,38.82
9154,2025-12,2025-12-13,Frank Carlisle,Home Office,East,Office Supplies,6.216
9155,2025-12,2025-12-13,Jennifer Braxton,Corporate,Central,Office Supplies,21.9
9156,2025-12,2025-12-13,Natalie DeCherney,Consumer,West,Office Supplies,8.559
9157,2025-12,2025-12-13,Frank Carlisle,Home Office,East,Office Supplies,4.064
9158,2025-12,2025-12-13,Damala Kotsonis,Corporate,West,Office Supplies,5.184
9159,2025-12,2025-12-13,Charles McCrossin,Consumer,East,Office Supplies,71.376
9160,2025-12,2025-12-13,Michael Dominguez,Corporate,Central,Office Supplies,909.12
9161,2025-12,2025-12-13,Damala Kotsonis,Corporate,West,Technology,28.4
9162,2025-12,2025-12-13,Sara Luxemburg,Home Office,Central,Technology,1439.92
9163,2025-12,2025-12-13,Charles McCrossin,Consumer,East,Technology,329.988
9164,2025-12,2025-12-14,Helen Abelman,Consumer,West,Furniture,579.136
9165,2025-12,2025-12-14,David Wiener,Corporate,West,Furniture,177.225
9166,2025-12,2025-12-14,Brian DeCherney,Consumer,Central,Furniture,248.98
9167,2025-12,2025-12-14,Paul Stevenson,Home Office,Central,Office Supplies,36.44
9168,2025-12,2025-12-14,Helen Abelman,Consumer,West,Office Supplies,3.168
9169,2025-12,2025-12-14,Tom Ashbrook,Home Office,East,Office Supplies,63.9
9170,2025-12,2025-12-14,Marina Lichtenstein,Corporate,East,Office Supplies,31.68
9171,2025-12,2025-12-14,Brian DeCherney,Consumer,Central,Office Supplies,333.09
9172,2025-12,2025-12-14,Tom Ashbrook,Home Office,East,Technology,11199.968
9173,2025-12,2025-12-14,Tom Ashbrook,Home Office,East,Technology,2399.6
9174,2025-12,2025-12-14,Tom Ashbrook,Home Office,East,Technology,52.99
9175,2025-12,2025-12-14,Marina Lichtenstein,Corporate,East,Technology,32.7
9176,2025-12,2025-12-15,Adam Hart,Corporate,East,Furniture,210.68
9177,2025-12,2025-12-15,Julie Creighton,Corporate,East,Furniture,69.08
9178,2025-12,2025-12-15,Adam Hart,Corporate,East,Furniture,35.0
9179,2025-12,2025-12-15,Adam Hart,Corporate,East,Furniture,240.744
9180,2025-12,2025-12-15,Adam Hart,Corporate,East,Furniture,637.896
9181,2025-12,2025-12-15,Adam Hart,Corporate,East,Office Supplies,2.22
9182,2025-12,2025-12-15,Darrin Martin,Consumer,Central,Office Supplies,10.272
9183,2025-12,2025-12-15,Randy Bradley,Consumer,Central,Office Supplies,9.762
9184,2025-12,2025-12-15,Darrin Martin,Consumer,Central,Office Supplies,3.564
9185,2025-12,2025-12-15,Julie Creighton,Corporate,East,Office Supplies,26.4
9186,2025-12,2025-12-15,Adam Hart,Corporate,East,Office Supplies,43.44
9187,2025-12,2025-12-15,Julie Creighton,Corporate,East,Office Supplies,11.56
9188,2025-12,2025-12-15,Randy Bradley,Consumer,Central,Office Supplies,259.136
9189,2025-12,2025-12-15,Randy Bradley,Consumer,Central,Office Supplies,13.72
9190,2025-12,2025-12-15,Randy Bradley,Consumer,Central,Technology,55.2
9191,2025-12,2025-12-15,Julie Creighton,Corporate,East,Technology,35.88
9192,2025-12,2025-12-15,Darrin Martin,Consumer,Central,Technology,823.96
9193,2025-12,2025-12-15,Jocasta Rupert,Consumer,South,Technology,863.88
9194,2025-12,2025-12-16,Patrick O'Brill,Consumer,Central,Furniture,517.405
9195,2025-12,2025-12-16,Carlos Soltero,Consumer,South,Office Supplies,11.68
9196,2025-12,2025-12-18,Olvera Toch,Consumer,South,Furniture,356.85
9197,2025-12,2025-12-18,Shaun Chance,Corporate,East,Office Supplies,81.438
9198,2025-12,2025-12-18,Jamie Frazer,Consumer,East,Office Supplies,33.282
9199,2025-12,2025-12-18,Olvera Toch,Consumer,South,Office Supplies,251.58
9200,2025-12,2025-12-18,Paul Gonzalez,Consumer,Central,Office Supplies,6.16
9201,2025-12,2025-12-18,Jamie Frazer,Consumer,East,Office Supplies,14.76
9202,2025-12,2025-12-18,Benjamin Farhat,Home Office,Central,Office Supplies,55.616
9203,2025-12,2025-12-18,Paul Gonzalez,Consumer,Central,Technology,19.99
9204,2025-12,2025-12-18,Shaun Chance,Corporate,East,Technology,61.542
9205,2025-12,2025-12-18,Jamie Frazer,Consumer,East,Technology,118.65
9206,2025-12,2025-12-19,Jack O'Briant,Corporate,West,Furniture,556.665
9207,2025-12,2025-12-19,Jim Mitchum,Corporate,West,Furniture,189.576
9208,2025-12,2025-12-19,Nona Balk,Corporate,South,Office Supplies,6.576
9209,2025-12,2025-12-19,Matt Abelman,Home Office,Central,Office Supplies,7.056
9210,2025-12,2025-12-19,Nona Balk,Corporate,South,Office Supplies,5.607
9211,2025-12,2025-12-19,Sally Hughsby,Corporate,Central,Office Supplies,15.84
9212,2025-12,2025-12-19,Sally Hughsby,Corporate,Central,Office Supplies,8.448
9213,2025-12,2025-12-19,Nona Balk,Corporate,South,Office Supplies,56.784
9214,2025-12,2025-12-19,Tamara Willingham,Home Office,West,Office Supplies,44.784
9215,2025-12,2025-12-19,Matt Abelman,Home Office,Central,Technology,27.184
9216,2025-12,2025-12-19,Jack O'Briant,Corporate,West,Technology,95.84
9217,2025-12,2025-12-19,Jim Mitchum,Corporate,West,Technology,71.96
9218,2025-12,2025-12-20,Janet Martin,Consumer,South,Furniture,77.952
9219,2025-12,2025-12-20,Lori Olson,Corporate,East,Office Supplies,47.98
9220,2025-12,2025-12-20,Sue Ann Reed,Consumer,East,Office Supplies,21.93
9221,2025-12,2025-12-20,Janet Martin,Consumer,South,Office Supplies,47.952
9222,2025-12,2025-12-20,Keith Herrera,Consumer,Central,Office Supplies,15.552
9223,2025-12,2025-12-20,Janet Martin,Consumer,South,Office Supplies,147.184
9224,2025-12,2025-12-20,Keith Herrera,Consumer,Central,Technology,24.0
9225,2025-12,2025-12-20,Keith Herrera,Consumer,Central,Technology,26.176
9226,2025-12,2025-12-21,George Bell,Corporate,East,Office Supplies,46.96
9227,2025-12,2025-12-22,Jim Karlsson,Consumer,West,Furniture,199.98
9228,2025-12,2025-12-22,Ross DeVincentis,Home Office,South,Furniture,33.94
9229,2025-12,2025-12-22,Jamie Kunitz,Consumer,West,Furniture,71.992
9230,2025-12,2025-12-22,Jim Karlsson,Consumer,West,Furniture,97.568
9231,2025-12,2025-12-22,Jim Karlsson,Consumer,West,Furniture,614.272
9232,2025-12,2025-12-22,Jane Waco,Corporate,West,Furniture,9.64
9233,2025-12,2025-12-22,Ryan Akin,Consumer,Central,Furniture,16.192
9234,2025-12,2025-12-22,Mick Crebagga,Consumer,East,Furniture,7.168
9235,2025-12,2025-12-22,Ryan Akin,Consumer,Central,Furniture,251.006
9236,2025-12,2025-12-22,Jamie Kunitz,Consumer,West,Office Supplies,1702.12
9237,2025-12,2025-12-22,Jamie Kunitz,Consumer,West,Office Supplies,19.9
9238,2025-12,2025-12-22,Michelle Moray,Consumer,West,Office Supplies,13.904
9239,2025-12,2025-12-22,Michelle Moray,Consumer,West,Office Supplies,88.752
9240,2025-12,2025-12-22,Ross DeVincentis,Home Office,South,Office Supplies,30.0
9241,2025-12,2025-12-22,Jamie Kunitz,Consumer,West,Office Supplies,43.86
9242,2025-12,2025-12-22,Jamie Kunitz,Consumer,West,Office Supplies,7.42
9243,2025-12,2025-12-22,Mick Crebagga,Consumer,East,Office Supplies,20.736
9244,2025-12,2025-12-22,Ryan Akin,Consumer,Central,Office Supplies,54.192
9245,2025-12,2025-12-22,Mick Crebagga,Consumer,East,Office Supplies,11.168
9246,2025-12,2025-12-22,Ross DeVincentis,Home Office,South,Office Supplies,105.98
9247,2025-12,2025-12-22,Ross DeVincentis,Home Office,South,Office Supplies,35.06
9248,2025-12,2025-12-22,Mick Crebagga,Consumer,East,Technology,442.4
9249,2025-12,2025-12-22,Jamie Kunitz,Consumer,West,Technology,148.48
9250,2025-12,2025-12-23,Adrian Hane,Home Office,Central,Office Supplies,5.248
9251,2025-12,2025-12-23,Craig Yedwab,Corporate,Central,Office Supplies,9.912
9252,2025-12,2025-12-23,Craig Yedwab,Corporate,Central,Technology,508.768
9253,2025-12,2025-12-24,Sarah Foster,Consumer,West,Furniture,2665.62
9254,2025-12,2025-12-24,Sarah Foster,Consumer,West,Office Supplies,25.12
9255,2025-12,2025-12-24,Sandra Flanagan,Consumer,East,Office Supplies,40.99
9256,2025-12,2025-12-24,Sandra Flanagan,Consumer,East,Office Supplies,189.7
9257,2025-12,2025-12-25,Thomas Boland,Corporate,South,Furniture,975.92
9258,2025-12,2025-12-25,Sharelle Roach,Home Office,East,Furniture,155.372
9259,2025-12,2025-12-25,Thea Hudgings,Corporate,East,Furniture,3.312
9260,2025-12,2025-12-25,Nancy Lomonaco,Home Office,West,Furniture,25.02
9261,2025-12,2025-12-25,Thea Hudgings,Corporate,East,Office Supplies,20.136
9262,2025-12,2025-12-25,Nora Paige,Consumer,Central,Office Supplies,83.9
9263,2025-12,2025-12-25,Cindy Stewart,Consumer,West,Office Supplies,168.1
9264,2025-12,2025-12-25,Barry Gonzalez,Consumer,South,Office Supplies,5.56
9265,2025-12,2025-12-25,Greg Guthrie,Corporate,Central,Office Supplies,54.336
9266,2025-12,2025-12-25,Nancy Lomonaco,Home Office,West,Office Supplies,8.8
9267,2025-12,2025-12-25,Kalyca Meade,Corporate,Central,Office Supplies,27.78
9268,2025-12,2025-12-25,Nancy Lomonaco,Home Office,West,Office Supplies,590.352
9269,2025-12,2025-12-25,Nancy Lomonaco,Home Office,West,Office Supplies,76.58
9270,2025-12,2025-12-25,Thea Hudgings,Corporate,East,Office Supplies,8.856
9271,2025-12,2025-12-25,Thomas Boland,Corporate,South,Office Supplies,5.32
9272,2025-12,2025-12-25,Kalyca Meade,Corporate,Central,Office Supplies,18.24
9273,2025-12,2025-12-25,Nancy Lomonaco,Home Office,West,Office Supplies,5.58
9274,2025-12,2025-12-25,Ken Heidel,Corporate,West,Office Supplies,23.85
9275,2025-12,2025-12-25,Joy Bell-,Consumer,West,Office Supplies,19.44
9276,2025-12,2025-12-25,Nora Paige,Consumer,Central,Office Supplies,11.76
9277,2025-12,2025-12-25,Nancy Lomonaco,Home Office,West,Office Supplies,452.55
9278,2025-12,2025-12-25,Thomas Boland,Corporate,South,Office Supplies,59.92
9279,2025-12,2025-12-25,Anthony Rawles,Corporate,East,Office Supplies,384.592
9280,2025-12,2025-12-25,Thomas Boland,Corporate,South,Technology,2249.91
9281,2025-12,2025-12-25,Thea Hudgings,Corporate,East,Technology,859.2
9282,2025-12,2025-12-26,Kimberly Carter,Corporate,West,Furniture,307.136
9283,2025-12,2025-12-26,Denise Leinenbach,Consumer,West,Furniture,41.37
9284,2025-12,2025-12-26,Don Jones,Corporate,South,Furniture,15.992
9285,2025-12,2025-12-26,Bruce Geld,Consumer,West,Furniture,486.368
9286,2025-12,2025-12-26,Clay Rozendal,Home Office,West,Furniture,1673.184
9287,2025-12,2025-12-26,Dave Kipp,Consumer,South,Office Supplies,55.984
9288,2025-12,2025-12-26,Darrin Martin,Consumer,East,Office Supplies,11.673
9289,2025-12,2025-12-26,Jack O'Briant,Corporate,West,Office Supplies,18.368
9290,2025-12,2025-12-26,Dave Kipp,Consumer,South,Office Supplies,4.086
9291,2025-12,2025-12-26,Daniel Lacy,Consumer,Central,Office Supplies,14.94
9292,2025-12,2025-12-26,Julie Creighton,Corporate,South,Office Supplies,12.39
9293,2025-12,2025-12-26,Kimberly Carter,Corporate,West,Office Supplies,139.86
9294,2025-12,2025-12-26,Daniel Lacy,Consumer,Central,Office Supplies,8.56
9295,2025-12,2025-12-26,Patrick Jones,Corporate,South,Office Supplies,26.4
9296,2025-12,2025-12-26,Dave Kipp,Consumer,South,Office Supplies,10.688
9297,2025-12,2025-12-26,Paul Gonzalez,Consumer,West,Office Supplies,35.88
9298,2025-12,2025-12-26,Justin MacKendrick,Consumer,South,Office Supplies,16.272
9299,2025-12,2025-12-26,Daniel Lacy,Consumer,Central,Office Supplies,52.4
9300,2025-12,2025-12-26,Peter Bühler,Consumer,East,Technology,40.776
9301,2025-12,2025-12-26,Eva Jacobs,Consumer,West,Technology,43.5
9302,2025-12,2025-12-26,Clay Rozendal,Home Office,West,Technology,199.75
9303,2025-12,2025-12-26,Dave Kipp,Consumer,South,Technology,959.984
9304,2025-12,2025-12-26,Beth Fritzler,Corporate,South,Technology,361.376
9305,2025-12,2025-12-27,Kelly Lampkin,Corporate,South,Furniture,523.764
9306,2025-12,2025-12-27,Grant Thornton,Corporate,South,Office Supplies,167.44
9307,2025-12,2025-12-27,Katherine Murray,Home Office,South,Office Supplies,4.3
9308,2025-12,2025-12-27,Frank Merwin,Home Office,Central,Office Supplies,7.536
9309,2025-12,2025-12-27,Frank Merwin,Home Office,Central,Office Supplies,1.408
9310,2025-12,2025-12-27,Frank Merwin,Home Office,Central,Office Supplies,4.144
9311,2025-12,2025-12-27,Christina Anderson,Consumer,South,Office Supplies,3.564
9312,2025-12,2025-12-27,Christina Anderson,Consumer,South,Office Supplies,4.928
9313,2025-12,2025-12-27,Sam Zeldin,Home Office,Central,Office Supplies,23.68
9314,2025-12,2025-12-27,James Lanier,Home Office,South,Office Supplies,9.664
9315,2025-12,2025-12-27,Henry Goldwyn,Corporate,East,Office Supplies,194.352
9316,2025-12,2025-12-27,Frank Merwin,Home Office,Central,Office Supplies,52.752
9317,2025-12,2025-12-27,Christina Anderson,Consumer,South,Technology,95.976
9318,2025-12,2025-12-27,Henry Goldwyn,Corporate,East,Technology,70.72
9319,2025-12,2025-12-27,Grant Thornton,Corporate,South,Technology,7999.98
9320,2025-12,2025-12-27,Christina Anderson,Consumer,South,Technology,143.928
9321,2025-12,2025-12-27,Kelly Lampkin,Corporate,South,Technology,1359.96
9322,2025-12,2025-12-28,Christina DeMoss,Consumer,East,Furniture,128.124
9323,2025-12,2025-12-28,Christina DeMoss,Consumer,East,Furniture,101.4
9324,2025-12,2025-12-28,Christina DeMoss,Consumer,East,Furniture,166.5
9325,2025-12,2025-12-28,Alan Haines,Corporate,Central,Office Supplies,16.03
9326,2025-12,2025-12-28,Christina DeMoss,Consumer,East,Office Supplies,11.424
9327,2025-12,2025-12-28,Christina DeMoss,Consumer,East,Office Supplies,164.688
9328,2025-12,2025-12-28,Troy Staebel,Consumer,West,Office Supplies,2.388
9329,2025-12,2025-12-28,Adam Bellavance,Home Office,Central,Office Supplies,167.94
9330,2025-12,2025-12-28,Christina DeMoss,Consumer,East,Office Supplies,12.96
9331,2025-12,2025-12-28,Adam Bellavance,Home Office,Central,Office Supplies,4.41
9332,2025-12,2025-12-28,Anna Andreadi,Consumer,West,Office Supplies,12.96
9333,2025-12,2025-12-28,Adam Bellavance,Home Office,Central,Office Supplies,67.8
9334,2025-12,2025-12-28,Christina DeMoss,Consumer,East,Office Supplies,110.96
9335,2025-12,2025-12-28,Troy Staebel,Consumer,West,Office Supplies,243.992
9336,2025-12,2025-12-28,Susan Vittorini,Consumer,East,Technology,390.75
9337,2025-12,2025-12-28,Ruben Ausman,Corporate,West,Technology,159.99
9338,2025-12,2025-12-28,Christina DeMoss,Consumer,East,Technology,99.98
9339,2025-12,2025-12-28,Elizabeth Moffitt,Corporate,Central,Technology,492.768
9340,2025-12,2025-12-29,Adam Bellavance,Home Office,West,Furniture,449.568
9341,2025-12,2025-12-29,Maris LaWare,Consumer,East,Furniture,127.372
9342,2025-12,2025-12-29,Zuschuss Carroll,Consumer,West,Furniture,8.73
9343,2025-12,2025-12-29,Liz Carlisle,Consumer,Central,Furniture,30.56
9344,2025-12,2025-12-29,Jill Fjeld,Consumer,South,Furniture,28.272
9345,2025-12,2025-12-29,Adam Bellavance,Home Office,West,Furniture,2036.86
9346,2025-12,2025-12-29,Jill Fjeld,Consumer,South,Office Supplies,499.584
9347,2025-12,2025-12-29,Zuschuss Carroll,Consumer,West,Office Supplies,5.68
9348,2025-12,2025-12-29,Chuck Clark,Home Office,Central,Office Supplies,13.9
9349,2025-12,2025-12-29,Christopher Conant,Consumer,Central,Office Supplies,1.248
9350,2025-12,2025-12-29,Jill Fjeld,Consumer,South,Office Supplies,13.272
9351,2025-12,2025-12-29,Roger Barcio,Home Office,West,Office Supplies,5.682
9352,2025-12,2025-12-29,Zuschuss Carroll,Consumer,West,Office Supplies,15.28
9353,2025-12,2025-12-29,Frank Merwin,Home Office,West,Office Supplies,41.4
9354,2025-12,2025-12-29,Frank Merwin,Home Office,West,Office Supplies,26.4
9355,2025-12,2025-12-29,Maris LaWare,Consumer,East,Office Supplies,47.952
9356,2025-12,2025-12-29,Frank Merwin,Home Office,West,Office Supplies,59.94
9357,2025-12,2025-12-29,Jill Fjeld,Consumer,South,Office Supplies,31.104
9358,2025-12,2025-12-29,Frank Merwin,Home Office,West,Office Supplies,45.36
9359,2025-12,2025-12-29,Chuck Clark,Home Office,Central,Office Supplies,26.38
9360,2025-12,2025-12-29,Carol Darley,Consumer,East,Office Supplies,318.96
9361,2025-12,2025-12-29,Victoria Brennan,Corporate,South,Office Supplies,5.78
9362,2025-12,2025-12-29,Harry Greene,Consumer,Central,Office Supplies,18.16
9363,2025-12,2025-12-29,Jill Fjeld,Consumer,South,Office Supplies,259.136
9364,2025-12,2025-12-29,Valerie Mitchum,Home Office,East,Office Supplies,46.26
9365,2025-12,2025-12-29,Adam Bellavance,Home Office,West,Technology,108.96
9366,2025-12,2025-12-29,Frank Merwin,Home Office,West,Technology,16.95
9367,2025-12,2025-12-30,Katherine Nockton,Corporate,East,Furniture,272.97
9368,2025-12,2025-12-30,Emily Phan,Consumer,East,Furniture,350.352
9369,2025-12,2025-12-30,Pete Kriz,Consumer,East,Office Supplies,100.94
9370,2025-12,2025-12-30,Erin Creighton,Consumer,Central,Office Supplies,38.16
9371,2025-12,2025-12-30,Tony Sayre,Consumer,West,Office Supplies,21.792
9372,2025-12,2025-12-30,Frank Preis,Consumer,East,Technology,7.88
9373,2025-12,2025-12-30,Deborah Brumfield,Home Office,West,Technology,59.97
9374,2025-12,2025-12-30,Tony Sayre,Consumer,West,Technology,439.8
9375,2025-12,2025-12-30,Deborah Brumfield,Home Office,West,Technology,761.544
9376,2025-12,2025-12-30,Emily Phan,Consumer,East,Technology,359.97
9377,2025-12,2025-12-31,Kean Nguyen,Corporate,East,Furniture,274.2
9378,2025-12,2025-12-31,Sharelle Roach,Home Office,East,Office Supplies,109.9
9379,2026-01,2026-01-01,Jennifer Braxton,Corporate,West,Furniture,215.976
9380,2026-01,2026-01-01,Jim Epp,Corporate,West,Furniture,523.392
9381,2026-01,2026-01-01,Joel Eaton,Consumer,West,Furniture,47.12
9382,2026-01,2026-01-01,Parhena Norris,Home Office,East,Furniture,96.53
9383,2026-01,2026-01-01,Brian Moss,Corporate,East,Office Supplies,9.64
9384,2026-01,2026-01-01,Matt Collister,Corporate,West,Office Supplies,63.56
9385,2026-01,2026-01-01,Brian Moss,Corporate,East,Office Supplies,1633.14
9386,2026-01,2026-01-01,Brian Moss,Corporate,East,Office Supplies,544.38
9387,2026-01,2026-01-01,Peter McVee,Home Office,South,Technology,191.976
9388,2026-01,2026-01-01,Matt Collister,Corporate,West,Technology,99.99
9389,2026-01,2026-01-01,Brian Moss,Corporate,East,Technology,826.62
9390,2026-01,2026-01-01,Peter McVee,Home Office,South,Technology,499.168
9391,2026-01,2026-01-02,Maria Etezadi,Home Office,West,Furniture,241.424
9392,2026-01,2026-01-02,Ann Blume,Corporate,West,Furniture,899.136
9393,2026-01,2026-01-02,Edward Becker,Corporate,Central,Furniture,341.96
9394,2026-01,2026-01-02,Michael Chen,Consumer,West,Office Supplies,400.8
9395,2026-01,2026-01-02,Thomas Brumley,Home Office,West,Office Supplies,7.8
9396,2026-01,2026-01-02,Nick Crebassa,Corporate,West,Office Supplies,26.352
9397,2026-01,2026-01-02,Ann Blume,Corporate,West,Office Supplies,38.388
9398,2026-01,2026-01-02,Michael Chen,Consumer,West,Office Supplies,28.792
9399,2026-01,2026-01-02,Frank Hawley,Corporate,East,Office Supplies,931.176
9400,2026-01,2026-01-02,Daniel Raglin,Home Office,South,Office Supplies,11.52
9401,2026-01,2026-01-02,Ann Blume,Corporate,West,Technology,239.952
9402,2026-01,2026-01-02,Gary Hwang,Consumer,West,Technology,111.79
9403,2026-01,2026-01-02,Ann Blume,Corporate,West,Technology,95.994
9404,2026-01,2026-01-02,Frank Hawley,Corporate,East,Technology,430.88
9405,2026-01,2026-01-02,Ann Blume,Corporate,West,Technology,201.584
9406,2026-01,2026-01-03,Thomas Brumley,Home Office,West,Furniture,34.92
9407,2026-01,2026-01-03,Michelle Huthwaite,Consumer,South,Furniture,88.92
9408,2026-01,2026-01-03,Brenda Bowman,Corporate,South,Office Supplies,1158.12
9409,2026-01,2026-01-03,Guy Armstrong,Consumer,West,Office Supplies,10.89
9410,2026-01,2026-01-03,Emily Phan,Consumer,Central,Office Supplies,181.86
9411,2026-01,2026-01-03,Guy Armstrong,Consumer,West,Office Supplies,121.6
9412,2026-01,2026-01-03,Tamara Dahlen,Consumer,Central,Office Supplies,18.336
9413,2026-01,2026-01-03,Catherine Glotzbach,Home Office,Central,Office Supplies,18.24
9414,2026-01,2026-01-03,William Brown,Consumer,Central,Office Supplies,45.92
9415,2026-01,2026-01-03,Tamara Dahlen,Consumer,Central,Office Supplies,10.44
9416,2026-01,2026-01-03,Guy Armstrong,Consumer,West,Office Supplies,19.44
9417,2026-01,2026-01-03,Max Ludwig,Home Office,East,Office Supplies,10.368
9418,2026-01,2026-01-03,Meg Tillman,Consumer,East,Office Supplies,35.48
9419,2026-01,2026-01-03,Jeremy Lonsdale,Consumer,Central,Office Supplies,25.5
9420,2026-01,2026-01-03,Patrick Gardner,Consumer,Central,Technology,35.184
9421,2026-01,2026-01-04,Eugene Moren,Home Office,West,Furniture,113.888
9422,2026-01,2026-01-04,Eugene Moren,Home Office,West,Furniture,113.568
9423,2026-01,2026-01-04,Lindsay Shagiari,Home Office,Central,Furniture,22.848
9424,2026-01,2026-01-04,Maria Bertelson,Consumer,West,Office Supplies,76.12
9425,2026-01,2026-01-04,Christine Sundaresam,Consumer,West,Office Supplies,9.21
9426,2026-01,2026-01-04,Lindsay Shagiari,Home Office,Central,Office Supplies,30.56
9427,2026-01,2026-01-04,Ed Braxton,Corporate,East,Office Supplies,15.92
9428,2026-01,2026-01-04,Jim Epp,Corporate,West,Office Supplies,14.016
9429,2026-01,2026-01-04,Lindsay Shagiari,Home Office,Central,Office Supplies,12.224
9430,2026-01,2026-01-04,Maria Bertelson,Consumer,West,Office Supplies,18.24
9431,2026-01,2026-01-04,Christine Sundaresam,Consumer,West,Office Supplies,9.96
9432,2026-01,2026-01-04,Emily Phan,Consumer,West,Office Supplies,11.56
9433,2026-01,2026-01-04,Eugene Moren,Home Office,West,Office Supplies,23.12
9434,2026-01,2026-01-04,David Bremer,Corporate,West,Office Supplies,10.56
9435,2026-01,2026-01-04,Nathan Gelder,Consumer,Central,Office Supplies,16.056
9436,2026-01,2026-01-04,Larry Blacks,Consumer,South,Office Supplies,26.72
9437,2026-01,2026-01-04,Sylvia Foulston,Corporate,East,Office Supplies,10.848
9438,2026-01,2026-01-04,Nathan Gelder,Consumer,Central,Office Supplies,223.056
9439,2026-01,2026-01-04,Dennis Kane,Consumer,East,Office Supplies,221.024
9440,2026-01,2026-01-04,Lindsay Shagiari,Home Office,Central,Office Supplies,77.952
9441,2026-01,2026-01-04,Nathan Gelder,Consumer,Central,Office Supplies,540.048
9442,2026-01,2026-01-04,Christine Sundaresam,Consumer,West,Office Supplies,27.93
9443,2026-01,2026-01-04,Eugene Moren,Home Office,West,Technology,41.6
9444,2026-01,2026-01-04,Sylvia Foulston,Corporate,East,Technology,18.544
9445,2026-01,2026-01-04,Don Jones,Corporate,West,Technology,62.352
9446,2026-01,2026-01-04,Lindsay Shagiari,Home Office,Central,Technology,44.784
9447,2026-01,2026-01-04,Eugene Moren,Home Office,West,Technology,7.92
9448,2026-01,2026-01-04,Eugene Moren,Home Office,West,Technology,671.984
9449,2026-01,2026-01-04,Nat Gilpin,Corporate,East,Technology,370.782
9450,2026-01,2026-01-04,Lindsay Shagiari,Home Office,Central,Technology,67.992
9451,2026-01,2026-01-05,Katrina Edelman,Corporate,Central,Furniture,205.9992
9452,2026-01,2026-01-05,Ted Trevino,Consumer,West,Furniture,2404.704
9453,2026-01,2026-01-05,Stefania Perrino,Corporate,East,Furniture,154.95
9454,2026-01,2026-01-05,Maria Etezadi,Home Office,Central,Office Supplies,9.324
9455,2026-01,2026-01-05,Toby Carlisle,Consumer,South,Office Supplies,2.064
9456,2026-01,2026-01-05,Ted Trevino,Consumer,West,Office Supplies,563.024
9457,2026-01,2026-01-05,Sean Braxton,Corporate,East,Office Supplies,11.22
9458,2026-01,2026-01-05,Ted Trevino,Consumer,West,Office Supplies,8.64
9459,2026-01,2026-01-05,Michael Nguyen,Consumer,South,Office Supplies,8.904
9460,2026-01,2026-01-05,Katrina Edelman,Corporate,Central,Office Supplies,61.792
9461,2026-01,2026-01-05,Ted Trevino,Consumer,West,Office Supplies,344.91
9462,2026-01,2026-01-05,Christopher Schild,Home Office,Central,Office Supplies,230.376
9463,2026-01,2026-01-05,Michael Nguyen,Consumer,South,Office Supplies,720.064
9464,2026-01,2026-01-05,Erin Mull,Consumer,East,Office Supplies,11.21
9465,2026-01,2026-01-05,Sanjit Engle,Consumer,West,Technology,82.95
9466,2026-01,2026-01-05,Cassandra Brandow,Consumer,South,Technology,239.92
9467,2026-01,2026-01-05,Sean Braxton,Corporate,East,Technology,60.864
9468,2026-01,2026-01-05,Alan Dominguez,Home Office,East,Technology,163.96
9469,2026-01,2026-01-05,Sean Braxton,Corporate,East,Technology,652.995
9470,2026-01,2026-01-05,Ken Lonsdale,Consumer,West,Technology,22.0
9471,2026-01,2026-01-05,Stefania Perrino,Corporate,East,Technology,43.6
9472,2026-01,2026-01-05,Ken Brennan,Corporate,East,Technology,629.95
9473,2026-01,2026-01-06,Lindsay Williams,Corporate,West,Furniture,321.568
9474,2026-01,2026-01-06,Joe Elijah,Consumer,West,Office Supplies,34.24
9475,2026-01,2026-01-06,Xylona Preis,Consumer,Central,Office Supplies,45.04
9476,2026-01,2026-01-06,Clytie Kelty,Consumer,East,Office Supplies,3.648
9477,2026-01,2026-01-06,Frank Olsen,Consumer,East,Office Supplies,8.64
9478,2026-01,2026-01-06,Toby Carlisle,Consumer,Central,Office Supplies,21.99
9479,2026-01,2026-01-06,Arthur Wiediger,Home Office,Central,Office Supplies,15.28
9480,2026-01,2026-01-06,Pauline Webber,Corporate,East,Office Supplies,96.36
9481,2026-01,2026-01-06,Xylona Preis,Consumer,Central,Technology,167.952
9482,2026-01,2026-01-06,Clytie Kelty,Consumer,East,Technology,119.94
9483,2026-01,2026-01-06,Scott Cohen,Corporate,East,Office Supplies,6.68
9484,2026-01,2026-01-07,Dana Kaydos,Consumer,South,Furniture,339.136
9485,2026-01,2026-01-07,Dana Kaydos,Consumer,South,Furniture,220.064
9486,2026-01,2026-01-08,Mick Brown,Consumer,West,Furniture,17.31
9487,2026-01,2026-01-08,Lena Creighton,Consumer,West,Furniture,12.42
9488,2026-01,2026-01-08,Lena Creighton,Consumer,West,Furniture,119.94
9489,2026-01,2026-01-08,Chris Cortes,Consumer,West,Furniture,139.92
9490,2026-01,2026-01-08,Eileen Kiefer,Home Office,West,Office Supplies,23.36
9491,2026-01,2026-01-08,Bill Stewart,Corporate,East,Office Supplies,86.352
9492,2026-01,2026-01-08,Brian Moss,Corporate,East,Office Supplies,1.824
9493,2026-01,2026-01-08,Chris Cortes,Consumer,West,Office Supplies,73.68
9494,2026-01,2026-01-08,Christy Brittain,Consumer,East,Office Supplies,146.82
9495,2026-01,2026-01-08,Scott Williamson,Consumer,West,Office Supplies,811.28
9496,2026-01,2026-01-08,Jay Kimmel,Consumer,West,Office Supplies,48.86
9497,2026-01,2026-01-08,Chris Cortes,Consumer,West,Office Supplies,33.29
9498,2026-01,2026-01-08,Bill Stewart,Corporate,East,Technology,139.96
9499,2026-01,2026-01-08,Bill Stewart,Corporate,East,Technology,899.982
9500,2026-01,2026-01-08,Mitch Willingham,Corporate,West,Technology,1919.976
9501,2026-01,2026-01-08,Mick Hernandez,Home Office,East,Technology,52.44
9502,2026-01,2026-01-08,Charlotte Melton,Consumer,East,Technology,119.94
9503,2026-01,2026-01-08,Chris Cortes,Consumer,West,Technology,107.88
9504,2026-01,2026-01-09,Joy Bell-,Consumer,Central,Furniture,327.7328
9505,2026-01,2026-01-09,Christopher Conant,Consumer,East,Furniture,187.76
9506,2026-01,2026-01-09,Christine Sundaresam,Consumer,South,Office Supplies,35.04
9507,2026-01,2026-01-09,Xylona Preis,Consumer,East,Office Supplies,50.94
9508,2026-01,2026-01-09,Trudy Brown,Consumer,East,Office Supplies,43.8
9509,2026-01,2026-01-09,Greg Guthrie,Corporate,West,Office Supplies,13.904
9510,2026-01,2026-01-09,Katharine Harms,Corporate,West,Office Supplies,4.158
9511,2026-01,2026-01-09,Clytie Kelty,Consumer,South,Office Supplies,268.24
9512,2026-01,2026-01-09,Katharine Harms,Corporate,West,Office Supplies,19.608
9513,2026-01,2026-01-09,Christopher Conant,Consumer,East,Office Supplies,38.88
9514,2026-01,2026-01-09,Victoria Wilson,Corporate,East,Office Supplies,1247.64
9515,2026-01,2026-01-09,Ruben Ausman,Corporate,South,Technology,79.99
9516,2026-01,2026-01-09,Clytie Kelty,Consumer,South,Technology,431.16
9517,2026-01,2026-01-09,Emily Grady,Consumer,Central,Technology,239.96
9518,2026-01,2026-01-09,Hunter Lopez,Consumer,East,Technology,10499.97
9519,2026-01,2026-01-09,Ruben Ausman,Corporate,South,Technology,206.1
9520,2026-01,2026-01-10,Russell D'Ascenzo,Consumer,Central,Furniture,127.386
9521,2026-01,2026-01-10,Nona Balk,Corporate,Central,Furniture,5.82
9522,2026-01,2026-01-10,Maria Etezadi,Home Office,Central,Furniture,19.76
9523,2026-01,2026-01-10,Jim Sink,Corporate,South,Office Supplies,389.056
9524,2026-01,2026-01-10,Jane Waco,Corporate,East,Office Supplies,38.864
9525,2026-01,2026-01-10,Christina DeMoss,Consumer,West,Office Supplies,8.448
9526,2026-01,2026-01-10,Jim Sink,Corporate,South,Office Supplies,20.232
9527,2026-01,2026-01-10,Russell D'Ascenzo,Consumer,Central,Office Supplies,55.584
9528,2026-01,2026-01-10,Christina DeMoss,Consumer,West,Office Supplies,2.96
9529,2026-01,2026-01-10,Nona Balk,Corporate,Central,Office Supplies,7.38
9530,2026-01,2026-01-10,Art Ferguson,Consumer,South,Office Supplies,44.384
9531,2026-01,2026-01-10,Jim Sink,Corporate,South,Office Supplies,41.472
9532,2026-01,2026-01-10,Jim Sink,Corporate,South,Office Supplies,20.736
9533,2026-01,2026-01-10,Christina DeMoss,Consumer,West,Office Supplies,95.94
9534,2026-01,2026-01-10,Nona Balk,Corporate,Central,Office Supplies,37.76
9535,2026-01,2026-01-10,Nona Balk,Corporate,Central,Office Supplies,92.52
9536,2026-01,2026-01-10,Jim Sink,Corporate,South,Office Supplies,81.36
9537,2026-01,2026-01-10,Christina DeMoss,Consumer,West,Office Supplies,169.68
9538,2026-01,2026-01-10,Art Ferguson,Consumer,South,Office Supplies,2.944
9539,2026-01,2026-01-10,Christina DeMoss,Consumer,West,Technology,132.52
9540,2026-01,2026-01-10,Dave Kipp,Consumer,East,Technology,74.95
9541,2026-01,2026-01-11,Art Ferguson,Consumer,Central,Furniture,233.058
9542,2026-01,2026-01-11,Nathan Cano,Consumer,Central,Furniture,191.058
9543,2026-01,2026-01-11,Linda Cazamias,Corporate,Central,Furniture,305.312
9544,2026-01,2026-01-11,Aimee Bixby,Consumer,Central,Furniture,15.992
9545,2026-01,2026-01-11,Mick Crebagga,Consumer,West,Furniture,18.7
9546,2026-01,2026-01-11,Adrian Barton,Consumer,South,Furniture,821.88
9547,2026-01,2026-01-11,Anne Pryor,Home Office,East,Furniture,79.974
9548,2026-01,2026-01-11,Jonathan Howell,Consumer,Central,Furniture,219.075
9549,2026-01,2026-01-11,Stewart Carmichael,Corporate,Central,Furniture,718.116
9550,2026-01,2026-01-11,Justin Deggeller,Corporate,East,Office Supplies,2504.74
9551,2026-01,2026-01-11,Richard Bierner,Consumer,South,Office Supplies,22.96
9552,2026-01,2026-01-11,Stewart Carmichael,Corporate,Central,Office Supplies,31.776
9553,2026-01,2026-01-11,Aimee Bixby,Consumer,Central,Office Supplies,99.136
9554,2026-01,2026-01-11,Nathan Cano,Consumer,Central,Office Supplies,13.04
9555,2026-01,2026-01-11,Adrian Barton,Consumer,South,Office Supplies,21.96
9556,2026-01,2026-01-11,Adrian Shami,Home Office,East,Office Supplies,41.28
9557,2026-01,2026-01-11,Anne Pryor,Home Office,East,Office Supplies,58.408
9558,2026-01,2026-01-11,Nathan Cano,Consumer,Central,Office Supplies,1525.188
9559,2026-01,2026-01-11,Jennifer Halladay,Consumer,East,Office Supplies,59.913
9560,2026-01,2026-01-11,Justin Deggeller,Corporate,East,Office Supplies,16.74
9561,2026-01,2026-01-11,Dorothy Dickinson,Consumer,South,Office Supplies,25.06
9562,2026-01,2026-01-11,Aimee Bixby,Consumer,Central,Office Supplies,16.896
9563,2026-01,2026-01-11,Adrian Shami,Home Office,East,Office Supplies,13.36
9564,2026-01,2026-01-11,Mick Crebagga,Consumer,West,Office Supplies,305.01
9565,2026-01,2026-01-11,Aimee Bixby,Consumer,Central,Office Supplies,6.672
9566,2026-01,2026-01-11,Katherine Ducich,Consumer,West,Technology,31.968
9567,2026-01,2026-01-12,Carlos Daly,Consumer,East,Furniture,183.968
9568,2026-01,2026-01-12,Erica Smith,Consumer,South,Furniture,209.568
9569,2026-01,2026-01-12,Kelly Andreada,Consumer,West,Furniture,283.92
9570,2026-01,2026-01-12,Brian Thompson,Consumer,East,Furniture,4.656
9571,2026-01,2026-01-12,Sample Company A,Home Office,South,Furniture,27.58
9572,2026-01,2026-01-12,Katharine Harms,Corporate,East,Furniture,50.97
9573,2026-01,2026-01-12,Brian Thompson,Consumer,East,Furniture,77.6
9574,2026-01,2026-01-12,Liz Pelletier,Consumer,West,Furniture,42.6
9575,2026-01,2026-01-12,Jennifer Halladay,Consumer,South,Office Supplies,23.968
9576,2026-01,2026-01-12,Hunter Glantz,Consumer,Central,Office Supplies,22.0
9577,2026-01,2026-01-12,Carlos Daly,Consumer,East,Office Supplies,68.97
9578,2026-01,2026-01-12,Jennifer Halladay,Consumer,South,Office Supplies,28.728
9579,2026-01,2026-01-12,Liz Pelletier,Consumer,West,Office Supplies,84.056
9580,2026-01,2026-01-12,Carlos Daly,Consumer,East,Office Supplies,46.76
9581,2026-01,2026-01-12,Katharine Harms,Corporate,East,Technology,2.97
9582,2026-01,2026-01-12,Katharine Harms,Corporate,East,Technology,569.99
9583,2026-01,2026-01-12,Carlos Daly,Consumer,East,Technology,1259.97
9584,2026-01,2026-01-13,Scott Williamson,Consumer,East,Furniture,27.42
9585,2026-01,2026-01-13,Benjamin Patterson,Consumer,West,Furniture,70.98
9586,2026-01,2026-01-13,Barry Franz,Home Office,West,Office Supplies,8.62
9587,2026-01,2026-01-13,Patrick Jones,Corporate,West,Office Supplies,11.76
9588,2026-01,2026-01-13,Barry Franz,Home Office,West,Office Supplies,5.56
9589,2026-01,2026-01-13,Patrick Jones,Corporate,West,Office Supplies,40.736
9590,2026-01,2026-01-13,Chloris Kastensmidt,Consumer,West,Office Supplies,150.8
9591,2026-01,2026-01-13,Barry Franz,Home Office,West,Office Supplies,9.02
9592,2026-01,2026-01-13,Cindy Chapman,Consumer,East,Office Supplies,8.448
9593,2026-01,2026-01-13,Chloris Kastensmidt,Consumer,West,Office Supplies,51.84
9594,2026-01,2026-01-13,Cindy Chapman,Consumer,East,Office Supplies,39.296
9595,2026-01,2026-01-13,Barry Franz,Home Office,West,Office Supplies,56.56
9596,2026-01,2026-01-13,Chloris Kastensmidt,Consumer,West,Technology,1039.992
9597,2026-01,2026-01-13,Henia Zydlo,Consumer,Central,Technology,55.176
9598,2026-01,2026-01-13,Barry Franz,Home Office,West,Technology,659.976
9599,2026-01,2026-01-14,Frank Olsen,Consumer,Central,Office Supplies,35.712
9600,2026-01,2026-01-15,Tamara Dahlen,Consumer,East,Furniture,24.048
9601,2026-01,2026-01-15,Janet Molinari,Corporate,Central,Furniture,28.4
9602,2026-01,2026-01-15,Christopher Martinez,Consumer,Central,Furniture,6.464
9603,2026-01,2026-01-15,Jennifer Patt,Corporate,Central,Furniture,127.785
9604,2026-01,2026-01-15,Janet Martin,Consumer,South,Office Supplies,3.304
9605,2026-01,2026-01-15,Janet Molinari,Corporate,Central,Office Supplies,287.92
9606,2026-01,2026-01-15,Frank Hawley,Corporate,East,Office Supplies,7.476
9607,2026-01,2026-01-15,Jennifer Patt,Corporate,Central,Office Supplies,6.104
9608,2026-01,2026-01-15,Christopher Martinez,Consumer,Central,Office Supplies,11.52
9609,2026-01,2026-01-15,Jennifer Patt,Corporate,Central,Office Supplies,36.288
9610,2026-01,2026-01-15,Jennifer Patt,Corporate,Central,Office Supplies,78.304
9611,2026-01,2026-01-15,Chris Selesnick,Corporate,Central,Office Supplies,10.688
9612,2026-01,2026-01-15,Dan Campbell,Consumer,Central,Office Supplies,4.36
9613,2026-01,2026-01-15,Janet Martin,Consumer,South,Technology,74.112
9614,2026-01,2026-01-15,Alan Hwang,Consumer,Central,Technology,195.96
9615,2026-01,2026-01-15,Janet Martin,Consumer,South,Technology,27.992
9616,2026-01,2026-01-15,Christopher Martinez,Consumer,Central,Technology,222.384
9617,2026-01,2026-01-16,Kelly Andreada,Consumer,East,Furniture,321.568
9618,2026-01,2026-01-16,Todd Sumrall,Corporate,East,Furniture,977.292
9619,2026-01,2026-01-16,Beth Paige,Consumer,West,Furniture,364.08
9620,2026-01,2026-01-16,Beth Paige,Consumer,West,Furniture,71.088
9621,2026-01,2026-01-16,Jason Gross,Corporate,Central,Office Supplies,13.762
9622,2026-01,2026-01-16,Patrick Gardner,Consumer,West,Office Supplies,27.76
9623,2026-01,2026-01-16,Kelly Andreada,Consumer,East,Office Supplies,16.38
9624,2026-01,2026-01-16,Maribeth Yedwab,Corporate,South,Office Supplies,11.673
9625,2026-01,2026-01-16,Frank Merwin,Home Office,South,Office Supplies,2.88
9626,2026-01,2026-01-16,Roland Schwarz,Corporate,South,Office Supplies,327.84
9627,2026-01,2026-01-16,Mark Van Huff,Consumer,West,Office Supplies,20.724
9628,2026-01,2026-01-16,Michael Dominguez,Corporate,South,Office Supplies,19.008
9629,2026-01,2026-01-16,Kelly Andreada,Consumer,East,Office Supplies,167.96
9630,2026-01,2026-01-16,Maribeth Yedwab,Corporate,South,Office Supplies,64.848
9631,2026-01,2026-01-16,Greg Tran,Consumer,Central,Office Supplies,10.824
9632,2026-01,2026-01-16,Shaun Chance,Corporate,East,Office Supplies,229.544
9633,2026-01,2026-01-16,Todd Sumrall,Corporate,East,Office Supplies,5.88
9634,2026-01,2026-01-16,Kelly Andreada,Consumer,East,Office Supplies,12.96
9635,2026-01,2026-01-16,Patrick Ryan,Consumer,West,Office Supplies,7.78
9636,2026-01,2026-01-16,Mark Van Huff,Consumer,West,Office Supplies,415.872
9637,2026-01,2026-01-16,Frank Merwin,Home Office,South,Office Supplies,1443.96
9638,2026-01,2026-01-16,Brooke Gillingham,Corporate,Central,Office Supplies,33.29
9639,2026-01,2026-01-16,John Lee,Consumer,West,Technology,223.58
9640,2026-01,2026-01-16,Roland Schwarz,Corporate,South,Technology,79.1
9641,2026-01,2026-01-16,Shaun Chance,Corporate,East,Technology,89.988
9642,2026-01,2026-01-17,Bradley Drucker,Consumer,West,Furniture,359.499
9643,2026-01,2026-01-17,Henia Zydlo,Consumer,South,Furniture,723.92
9644,2026-01,2026-01-17,Brendan Sweed,Corporate,South,Furniture,701.96
9645,2026-01,2026-01-17,Rose O'Brian,Consumer,Central,Furniture,853.93
9646,2026-01,2026-01-17,Rose O'Brian,Consumer,Central,Office Supplies,67.84
9647,2026-01,2026-01-17,Rose O'Brian,Consumer,Central,Office Supplies,18.688
9648,2026-01,2026-01-17,Tracy Zic,Consumer,West,Office Supplies,5.16
9649,2026-01,2026-01-17,Edward Becker,Corporate,West,Office Supplies,34.08
9650,2026-01,2026-01-17,Delfina Latchford,Consumer,South,Office Supplies,48.87
9651,2026-01,2026-01-17,Sam Zeldin,Home Office,Central,Office Supplies,501.81
9652,2026-01,2026-01-17,Bradley Drucker,Consumer,West,Office Supplies,10.48
9653,2026-01,2026-01-17,Rose O'Brian,Consumer,Central,Technology,299.96
9654,2026-01,2026-01-17,Edward Becker,Corporate,West,Technology,39.96
9655,2026-01,2026-01-18,Tonja Turnell,Home Office,Central,Furniture,828.6
9656,2026-01,2026-01-18,Lynn Smith,Consumer,Central,Furniture,126.3
9657,2026-01,2026-01-18,Tonja Turnell,Home Office,Central,Furniture,27.46
9658,2026-01,2026-01-18,Michael Nguyen,Consumer,East,Furniture,135.3
9659,2026-01,2026-01-18,Tonja Turnell,Home Office,Central,Furniture,257.94
9660,2026-01,2026-01-18,Frank Gastineau,Home Office,East,Office Supplies,58.73
9661,2026-01,2026-01-18,Corey Catlett,Corporate,East,Office Supplies,52.272
9662,2026-01,2026-01-18,Corey Catlett,Corporate,East,Office Supplies,213.136
9663,2026-01,2026-01-18,Adam Hart,Corporate,South,Office Supplies,12.84
9664,2026-01,2026-01-18,Guy Thornton,Consumer,Central,Office Supplies,33.568
9665,2026-01,2026-01-18,Frank Gastineau,Home Office,East,Office Supplies,93.344
9666,2026-01,2026-01-18,Lynn Smith,Consumer,Central,Technology,38.04
9667,2026-01,2026-01-18,Tonja Turnell,Home Office,Central,Technology,89.98
9668,2026-01,2026-01-18,Michael Nguyen,Consumer,East,Technology,979.95
9669,2026-01,2026-01-18,Tonja Turnell,Home Office,Central,Technology,1879.96
9670,2026-01,2026-01-18,Liz Thompson,Consumer,East,Technology,220.752
9671,2026-01,2026-01-19,Bill Donatelli,Consumer,West,Furniture,18.84
9672,2026-01,2026-01-19,Brian Moss,Corporate,Central,Furniture,46.94
9673,2026-01,2026-01-19,Doug Bickford,Consumer,South,Office Supplies,43.584
9674,2026-01,2026-01-19,Doug Bickford,Consumer,South,Office Supplies,8.76
9675,2026-01,2026-01-19,Resi Pölking,Consumer,East,Office Supplies,6.99
9676,2026-01,2026-01-19,Resi Pölking,Consumer,East,Office Supplies,107.424
9677,2026-01,2026-01-19,Bill Donatelli,Consumer,West,Office Supplies,117.488
9678,2026-01,2026-01-19,Justin Ritter,Corporate,Central,Office Supplies,497.94
9679,2026-01,2026-01-19,Lindsay Williams,Corporate,West,Office Supplies,244.55
9680,2026-01,2026-01-19,Justin Ritter,Corporate,Central,Office Supplies,158.28
9681,2026-01,2026-01-19,Lindsay Williams,Corporate,West,Technology,166.16
9682,2026-01,2026-01-19,Brian Moss,Corporate,Central,Technology,143.73
9683,2026-01,2026-01-19,Doug O'Connell,Consumer,West,Technology,57.568
9684,2026-01,2026-01-20,Ross Baird,Home Office,East,Furniture,1007.232
9685,2026-01,2026-01-20,Lindsay Shagiari,Home Office,East,Furniture,1049.2
9686,2026-01,2026-01-20,Ross Baird,Home Office,East,Furniture,516.488
9687,2026-01,2026-01-20,Lindsay Shagiari,Home Office,East,Furniture,20.9
9688,2026-01,2026-01-20,Ross Baird,Home Office,East,Furniture,2065.32
9689,2026-01,2026-01-20,Lindsay Shagiari,Home Office,East,Office Supplies,1.64
9690,2026-01,2026-01-20,Deirdre Greer,Corporate,East,Office Supplies,79.96
9691,2026-01,2026-01-20,Emily Phan,Consumer,West,Office Supplies,62.65
9692,2026-01,2026-01-20,Ross Baird,Home Office,East,Office Supplies,15.552
9693,2026-01,2026-01-20,Ross Baird,Home Office,East,Office Supplies,25.344
9694,2026-01,2026-01-20,Rick Hansen,Consumer,West,Office Supplies,88.768
9695,2026-01,2026-01-20,Deirdre Greer,Corporate,East,Technology,1979.89
9696,2026-01,2026-01-21,Ted Trevino,Consumer,South,Furniture,390.368
9697,2026-01,2026-01-21,Ted Trevino,Consumer,South,Furniture,101.52
9698,2026-01,2026-01-22,Trudy Brown,Consumer,East,Furniture,1079.316
9699,2026-01,2026-01-22,Harold Pawlan,Home Office,East,Furniture,1242.9
9700,2026-01,2026-01-22,Maria Zettner,Home Office,West,Furniture,25.83
9701,2026-01,2026-01-22,Shahid Collister,Consumer,South,Furniture,1781.682
9702,2026-01,2026-01-22,Max Ludwig,Home Office,East,Office Supplies,663.936
9703,2026-01,2026-01-22,Max Engle,Consumer,East,Office Supplies,155.94
9704,2026-01,2026-01-22,Harold Pawlan,Home Office,East,Office Supplies,68.472
9705,2026-01,2026-01-22,Stuart Calhoun,Consumer,Central,Office Supplies,2.368
9706,2026-01,2026-01-22,Scott Williamson,Consumer,South,Office Supplies,173.8
9707,2026-01,2026-01-22,Victor Preis,Home Office,East,Office Supplies,269.49
9708,2026-01,2026-01-22,Victor Preis,Home Office,East,Office Supplies,83.56
9709,2026-01,2026-01-22,Bart Pistole,Corporate,Central,Technology,95.976
9710,2026-01,2026-01-22,Shahid Collister,Consumer,South,Technology,383.976
9711,2026-01,2026-01-22,Victor Preis,Home Office,East,Technology,546.06
9712,2026-01,2026-01-22,Parhena Norris,Home Office,South,Technology,71.976
9713,2026-01,2026-01-23,Sean O'Donnell,Consumer,West,Furniture,141.96
9714,2026-01,2026-01-23,Alan Dominguez,Home Office,East,Furniture,897.15
9715,2026-01,2026-01-23,Sarah Jordon,Consumer,Central,Furniture,317.058
9716,2026-01,2026-01-23,Sean Christensen,Consumer,East,Furniture,398.972
9717,2026-01,2026-01-23,Sally Hughsby,Corporate,West,Furniture,70.68
9718,2026-01,2026-01-23,Matthew Grinstein,Home Office,East,Furniture,7.712
9719,2026-01,2026-01-23,Max Ludwig,Home Office,West,Furniture,629.64
9720,2026-01,2026-01-23,Ralph Arnett,Consumer,East,Furniture,79.12
9721,2026-01,2026-01-23,Dianna Vittorini,Consumer,West,Office Supplies,31.152
9722,2026-01,2026-01-23,Sean Christensen,Consumer,East,Office Supplies,8.001
9723,2026-01,2026-01-23,Sally Hughsby,Corporate,West,Office Supplies,15.92
9724,2026-01,2026-01-23,Dianna Vittorini,Consumer,West,Office Supplies,6.783
9725,2026-01,2026-01-23,Joseph Holt,Consumer,Central,Office Supplies,15.92
9726,2026-01,2026-01-23,Clay Cheatham,Consumer,West,Office Supplies,10.128
9727,2026-01,2026-01-23,Craig Carreira,Consumer,East,Office Supplies,17.52
9728,2026-01,2026-01-23,Erica Hernandez,Home Office,East,Office Supplies,104.68
9729,2026-01,2026-01-23,Joseph Holt,Consumer,Central,Office Supplies,52.29
9730,2026-01,2026-01-23,Sean Christensen,Consumer,East,Office Supplies,15.936
9731,2026-01,2026-01-23,Maribeth Yedwab,Corporate,Central,Office Supplies,10.368
9732,2026-01,2026-01-23,Sean O'Donnell,Consumer,West,Office Supplies,41.86
9733,2026-01,2026-01-23,Alan Dominguez,Home Office,East,Office Supplies,19.44
9734,2026-01,2026-01-23,Clay Cheatham,Consumer,West,Office Supplies,45.36
9735,2026-01,2026-01-23,Joseph Holt,Consumer,Central,Office Supplies,83.92
9736,2026-01,2026-01-23,Ralph Arnett,Consumer,East,Office Supplies,37.392
9737,2026-01,2026-01-23,Joseph Holt,Consumer,Central,Office Supplies,91.99
9738,2026-01,2026-01-23,Sally Hughsby,Corporate,West,Office Supplies,541.24
9739,2026-01,2026-01-23,Craig Carreira,Consumer,East,Office Supplies,221.55
9740,2026-01,2026-01-23,Craig Carreira,Consumer,East,Technology,20.37
9741,2026-01,2026-01-23,Dianna Vittorini,Consumer,West,Technology,105.584
9742,2026-01,2026-01-23,Erica Hernandez,Home Office,East,Technology,62.958
9743,2026-01,2026-01-23,Dianna Vittorini,Consumer,West,Technology,406.368
9744,2026-01,2026-01-23,Joseph Holt,Consumer,Central,Technology,131.98
9745,2026-01,2026-01-23,Sarah Jordon,Consumer,Central,Technology,219.8
9746,2026-01,2026-01-23,Dianna Vittorini,Consumer,West,Technology,470.376
9747,2026-01,2026-01-24,Bill Stewart,Corporate,West,Furniture,242.352
9748,2026-01,2026-01-24,Max Engle,Consumer,South,Furniture,701.96
9749,2026-01,2026-01-24,Bill Stewart,Corporate,West,Furniture,906.68
9750,2026-01,2026-01-24,Brenda Bowman,Corporate,West,Furniture,1159.056
9751,2026-01,2026-01-24,Bill Stewart,Corporate,West,Furniture,508.704
9752,2026-01,2026-01-24,Joy Smith,Consumer,Central,Furniture,8.752
9753,2026-01,2026-01-24,Kunst Miller,Consumer,East,Office Supplies,286.86
9754,2026-01,2026-01-24,Joy Smith,Consumer,Central,Office Supplies,294.62
9755,2026-01,2026-01-24,Alice McCarthy,Corporate,West,Office Supplies,79.47
9756,2026-01,2026-01-24,Roy Phan,Corporate,Central,Office Supplies,12.16
9757,2026-01,2026-01-24,Adam Shillingsburg,Consumer,South,Office Supplies,34.65
9758,2026-01,2026-01-24,Erin Smith,Corporate,East,Office Supplies,19.728
9759,2026-01,2026-01-24,Alice McCarthy,Corporate,West,Office Supplies,10.08
9760,2026-01,2026-01-24,Barry Gonzalez,Consumer,South,Office Supplies,32.776
9761,2026-01,2026-01-24,Brenda Bowman,Corporate,West,Office Supplies,179.9
9762,2026-01,2026-01-24,Michael Kennedy,Corporate,South,Office Supplies,47.96
9763,2026-01,2026-01-24,Alice McCarthy,Corporate,West,Office Supplies,69.456
9764,2026-01,2026-01-24,Susan Vittorini,Consumer,West,Office Supplies,67.86
9765,2026-01,2026-01-24,Daniel Byrd,Home Office,South,Office Supplies,45.66
9766,2026-01,2026-01-24,Giulietta Weimer,Consumer,East,Office Supplies,631.176
9767,2026-01,2026-01-24,Bill Stewart,Corporate,West,Office Supplies,36.624
9768,2026-01,2026-01-24,Alice McCarthy,Corporate,West,Office Supplies,9.024
9769,2026-01,2026-01-24,Alice McCarthy,Corporate,West,Office Supplies,10.86
9770,2026-01,2026-01-24,Victoria Wilson,Corporate,West,Office Supplies,8.56
9771,2026-01,2026-01-24,Victoria Wilson,Corporate,West,Office Supplies,109.92
9772,2026-01,2026-01-24,Bill Stewart,Corporate,West,Office Supplies,114.288
9773,2026-01,2026-01-24,Victoria Wilson,Corporate,West,Office Supplies,559.62
9774,2026-01,2026-01-24,Kunst Miller,Consumer,East,Office Supplies,4.36
9775,2026-01,2026-01-24,Bill Stewart,Corporate,West,Technology,49.616
9776,2026-01,2026-01-24,Brenda Bowman,Corporate,West,Technology,39.992
9777,2026-01,2026-01-24,Juliana Krohn,Consumer,Central,Technology,2479.96
9778,2026-01,2026-01-24,Erin Smith,Corporate,East,Technology,151.188
9779,2026-01,2026-01-24,Bill Stewart,Corporate,West,Technology,57.36
9780,2026-01,2026-01-24,Kunst Miller,Consumer,East,Technology,979.95
9781,2026-01,2026-01-24,Neil Cohen,Home Office,East,Furniture,58.36
9782,2026-01,2026-01-24,Michael Knudson,Corporate,East,Furniture,39.96
9783,2026-01,2026-01-24,Michael Knudson,Corporate,East,Office Supplies,16.464
9784,2026-01,2026-01-25,Mark Van Huff,Consumer,Central,Furniture,13.592
9785,2026-01,2026-01-25,Lena Cacioppo,Consumer,West,Furniture,16.192
9786,2026-01,2026-01-25,Lena Cacioppo,Consumer,West,Furniture,16.72
9787,2026-01,2026-01-25,Lena Cacioppo,Consumer,West,Furniture,23.376
9788,2026-01,2026-01-25,Corinna Mitchell,Home Office,West,Furniture,521.96
9789,2026-01,2026-01-25,Matt Collins,Consumer,South,Office Supplies,45.216
9790,2026-01,2026-01-25,Lena Cacioppo,Consumer,West,Office Supplies,13.344
9791,2026-01,2026-01-25,Chuck Sachs,Consumer,East,Office Supplies,83.92
9792,2026-01,2026-01-25,Chuck Sachs,Consumer,East,Office Supplies,14.624
9793,2026-01,2026-01-25,Matt Collins,Consumer,South,Office Supplies,28.782
9794,2026-01,2026-01-25,Chuck Sachs,Consumer,East,Office Supplies,3.15
9795,2026-01,2026-01-25,Toby Carlisle,Consumer,West,Office Supplies,166.44
9796,2026-01,2026-01-25,Matt Collins,Consumer,South,Office Supplies,24.448
9797,2026-01,2026-01-25,Lena Cacioppo,Consumer,West,Office Supplies,10.32
9798,2026-01,2026-01-25,Clay Cheatham,Consumer,Central,Office Supplies,10.368
9799,2026-01,2026-01-25,Lena Cacioppo,Consumer,West,Office Supplies,47.32
9800,2026-01,2026-01-25,Natalie DeCherney,Consumer,South,Technology,47.992
9801,2026-01,2026-01-25,Lena Cacioppo,Consumer,West,Technology,76.752
9802,2026-01,2026-01-25,Lena Cacioppo,Consumer,West,Technology,102.336
9803,2026-01,2026-01-25,Chuck Sachs,Consumer,East,Technology,136.99
9804,2026-01,2026-01-26,Darrin Van Huff,Corporate,East,Furniture,188.552
9805,2026-01,2026-01-26,Doug O'Connell,Consumer,East,Furniture,182.22
9806,2026-01,2026-01-26,Michael Stewart,Corporate,East,Furniture,239.96
9807,2026-01,2026-01-26,Doug O'Connell,Consumer,East,Furniture,302.94
9808,2026-01,2026-01-26,Katrina Edelman,Corporate,East,Furniture,11.352
9809,2026-01,2026-01-26,Doug O'Connell,Consumer,East,Furniture,12.99
9810,2026-01,2026-01-26,Michael Stewart,Corporate,East,Furniture,54.768
9811,2026-01,2026-01-26,Michael Stewart,Corporate,East,Office Supplies,13.392
9812,2026-01,2026-01-26,Theone Pippenger,Consumer,Central,Office Supplies,8.8
9813,2026-01,2026-01-26,Charles McCrossin,Consumer,East,Office Supplies,5.346
9814,2026-01,2026-01-26,Larry Tron,Consumer,East,Office Supplies,74.352
9815,2026-01,2026-01-26,Chris Selesnick,Corporate,West,Office Supplies,11.76
9816,2026-01,2026-01-26,Michael Stewart,Corporate,East,Office Supplies,23.92
9817,2026-01,2026-01-26,Christy Brittain,Consumer,Central,Office Supplies,61.568
9818,2026-01,2026-01-26,Michael Stewart,Corporate,East,Technology,255.968
9819,2026-01,2026-01-26,Theone Pippenger,Consumer,Central,Technology,399.95
9820,2026-01,2026-01-26,Theone Pippenger,Consumer,Central,Technology,142.8
9821,2026-01,2026-01-26,Lena Radford,Consumer,South,Technology,649.0
9822,2026-01,2026-01-26,Tracy Zic,Consumer,West,Furniture,25.08
9823,2026-01,2026-01-26,Tracy Zic,Consumer,West,Office Supplies,16.9
9824,2026-01,2026-01-27,Suzanne McNair,Corporate,East,Furniture,58.68
9825,2026-01,2026-01-27,Suzanne McNair,Corporate,East,Furniture,20.94
9826,2026-01,2026-01-27,Carlos Soltero,Consumer,East,Furniture,41.96
9827,2026-01,2026-01-27,Patrick Bzostek,Home Office,West,Furniture,199.9
9828,2026-01,2026-01-27,Suzanne McNair,Corporate,East,Office Supplies,254.9
9829,2026-01,2026-01-27,Rob Beeghly,Consumer,Central,Office Supplies,61.44
9830,2026-01,2026-01-27,Alan Barnes,Consumer,West,Office Supplies,14.976
9831,2026-01,2026-01-27,Patrick Bzostek,Home Office,West,Office Supplies,83.92
9832,2026-01,2026-01-27,Patrick Bzostek,Home Office,West,Office Supplies,172.752
9833,2026-01,2026-01-27,Alan Barnes,Consumer,West,Office Supplies,24.816
9834,2026-01,2026-01-27,Patrick Bzostek,Home Office,West,Office Supplies,9.296
9835,2026-01,2026-01-27,Bart Folk,Consumer,East,Office Supplies,11.07
9836,2026-01,2026-01-27,Carlos Soltero,Consumer,East,Office Supplies,9.45
9837,2026-01,2026-01-27,Bart Folk,Consumer,East,Office Supplies,21.6
9838,2026-01,2026-01-27,Rob Beeghly,Consumer,Central,Office Supplies,38.9
9839,2026-01,2026-01-27,Naresj Patel,Consumer,West,Office Supplies,92.94
9840,2026-01,2026-01-27,Quincy Jones,Corporate,East,Technology,205.03
9841,2026-01,2026-01-27,Rob Beeghly,Consumer,Central,Technology,99.39
9842,2026-01,2026-01-27,Patrick Bzostek,Home Office,West,Technology,31.176
9843,2026-01,2026-01-28,Brad Norvell,Corporate,West,Office Supplies,10.68
9844,2026-01,2026-01-29,Debra Catini,Consumer,South,Furniture,82.38
9845,2026-01,2026-01-29,Brosina Hoffman,Consumer,South,Office Supplies,320.64
9846,2026-01,2026-01-29,Henry Goldwyn,Corporate,Central,Office Supplies,1889.99
9847,2026-01,2026-01-29,David Smith,Corporate,Central,Office Supplies,3.552
9848,2026-01,2026-01-29,David Smith,Corporate,Central,Office Supplies,15.552
9849,2026-01,2026-01-29,Tracy Collins,Home Office,West,Office Supplies,50.04
9850,2026-01,2026-01-29,Brosina Hoffman,Consumer,South,Technology,52.0
9851,2026-01,2026-01-29,Shahid Hopkins,Consumer,East,Technology,127.984
9852,2026-01,2026-01-29,Frank Preis,Consumer,West,Technology,374.376
9853,2026-01,2026-01-30,Keith Herrera,Consumer,West,Furniture,1336.829
9854,2026-01,2026-01-30,Jeremy Pistek,Consumer,Central,Furniture,459.92
9855,2026-01,2026-01-30,Emily Grady,Consumer,East,Furniture,215.544
9856,2026-01,2026-01-30,Keith Herrera,Consumer,West,Furniture,113.568
9857,2026-01,2026-01-30,Luke Foster,Consumer,West,Furniture,128.9
9858,2026-01,2026-01-30,Delfina Latchford,Consumer,East,Furniture,109.48
9859,2026-01,2026-01-30,Keith Herrera,Consumer,West,Furniture,1004.024
9860,2026-01,2026-01-30,Alan Schoenberger,Corporate,West,Office Supplies,69.48
9861,2026-01,2026-01-30,Jeremy Pistek,Consumer,Central,Office Supplies,1089.75
9862,2026-01,2026-01-30,Max Jones,Consumer,East,Office Supplies,13.248
9863,2026-01,2026-01-30,Denise Monton,Corporate,West,Office Supplies,90.48
9864,2026-01,2026-01-30,Denise Monton,Corporate,West,Office Supplies,22.424
9865,2026-01,2026-01-30,Jeremy Pistek,Consumer,Central,Office Supplies,61.06
9866,2026-01,2026-01-30,Keith Herrera,Consumer,West,Office Supplies,28.35
9867,2026-01,2026-01-30,Keith Herrera,Consumer,West,Office Supplies,55.98
9868,2026-01,2026-01-30,Jeremy Pistek,Consumer,Central,Office Supplies,27.52
9869,2026-01,2026-01-30,Keith Herrera,Consumer,West,Office Supplies,9.68
9870,2026-01,2026-01-30,Denise Monton,Corporate,West,Office Supplies,87.92
9871,2026-01,2026-01-30,Delfina Latchford,Consumer,East,Office Supplies,19.44
9872,2026-01,2026-01-30,Luke Foster,Consumer,West,Office Supplies,60.12
9873,2026-01,2026-01-30,Keith Herrera,Consumer,West,Office Supplies,27.15
9874,2026-01,2026-01-30,Carl Weiss,Home Office,East,Office Supplies,592.74
9875,2026-01,2026-01-30,Denise Monton,Corporate,West,Office Supplies,42.76
9876,2026-01,2026-01-30,Delfina Latchford,Consumer,East,Office Supplies,31.92
9877,2026-01,2026-01-30,Luke Foster,Consumer,West,Office Supplies,29.79
9878,2026-01,2026-01-30,Delfina Latchford,Consumer,East,Office Supplies,272.94
9879,2026-01,2026-01-30,Keith Herrera,Consumer,West,Technology,179.95
9880,2026-01,2026-01-30,Jeremy Pistek,Consumer,Central,Technology,178.11
9881,2026-01,2026-01-30,Keith Herrera,Consumer,West,Technology,1199.976
9882,2026-01,2026-01-30,Max Jones,Consumer,East,Technology,83.988
9883,2026-01,2026-01-31,Daniel Byrd,Home Office,West,Furniture,148.257
9884,2026-01,2026-01-31,Damala Kotsonis,Corporate,Central,Furniture,872.94
9885,2026-01,2026-01-31,Ken Brennan,Corporate,Central,Furniture,9.708
9886,2026-01,2026-01-31,Alyssa Tate,Home Office,West,Furniture,896.328
9887,2026-01,2026-01-31,John Lee,Consumer,South,Office Supplies,214.9
9888,2026-01,2026-01-31,Alyssa Tate,Home Office,West,Office Supplies,189.0
9889,2026-01,2026-01-31,Alyssa Tate,Home Office,West,Office Supplies,11.16
9890,2026-01,2026-01-31,Dean Braden,Consumer,Central,Office Supplies,34.7
9891,2026-01,2026-01-31,Kalyca Meade,Corporate,East,Office Supplies,2.624
9892,2026-01,2026-01-31,Luke Weiss,Consumer,Central,Office Supplies,54.9
9893,2026-01,2026-01-31,Nick Crebassa,Corporate,West,Office Supplies,13.005
9894,2026-01,2026-01-31,Roger Demir,Consumer,East,Office Supplies,11.088
9895,2026-01,2026-01-31,Dean Braden,Consumer,Central,Office Supplies,33.72
9896,2026-01,2026-01-31,John Lee,Consumer,South,Office Supplies,15.92
9897,2026-01,2026-01-31,Damala Kotsonis,Corporate,Central,Office Supplies,41.54
9898,2026-01,2026-01-31,Ken Brennan,Corporate,Central,Office Supplies,1.248
9899,2026-01,2026-01-31,Herbert Flentye,Consumer,Central,Office Supplies,10.4
9900,2026-01,2026-01-31,John Lee,Consumer,South,Office Supplies,29.36
9901,2026-01,2026-01-31,Christine Abelman,Corporate,East,Office Supplies,57.576
9902,2026-01,2026-01-31,John Lee,Consumer,South,Office Supplies,5.76
9903,2026-01,2026-01-31,Dean Braden,Consumer,Central,Office Supplies,14.94
9904,2026-01,2026-01-31,Herbert Flentye,Consumer,Central,Office Supplies,33.45
9905,2026-01,2026-01-31,Lena Hernandez,Consumer,Central,Office Supplies,143.856
9906,2026-01,2026-01-31,Damala Kotsonis,Corporate,Central,Office Supplies,12.96
9907,2026-01,2026-01-31,Nick Crebassa,Corporate,West,Office Supplies,419.4
9908,2026-01,2026-01-31,Angele Hood,Consumer,Central,Office Supplies,15.984
9909,2026-01,2026-01-31,Ken Brennan,Corporate,Central,Office Supplies,27.24
9910,2026-01,2026-01-31,Christine Abelman,Corporate,East,Office Supplies,37.208
9911,2026-01,2026-01-31,John Lee,Consumer,South,Office Supplies,15.14
9912,2026-01,2026-01-31,John Lee,Consumer,South,Technology,146.45
9913,2026-01,2026-01-31,Dean Braden,Consumer,Central,Technology,104.88
9914,2026-01,2026-01-31,John Lee,Consumer,South,Technology,1399.98
9915,2026-01,2026-01-31,Laurel Elliston,Consumer,West,Technology,444.768
9916,2026-01,2026-01-31,Fred McMath,Consumer,East,Office Supplies,3.69
9917,2026-01,2026-01-31,Fred McMath,Consumer,East,Office Supplies,122.12
9918,2026-02,2026-02-01,William Brown,Consumer,East,Furniture,87.92
9919,2026-02,2026-02-01,Brian Thompson,Consumer,South,Furniture,19.104
9920,2026-02,2026-02-01,Justin Ellison,Corporate,South,Furniture,14.76
9921,2026-02,2026-02-01,Anthony Witt,Consumer,East,Furniture,310.88
9922,2026-02,2026-02-01,Michael Chen,Consumer,West,Furniture,1669.6
9923,2026-02,2026-02-01,Chris Cortes,Consumer,East,Office Supplies,426.79
9924,2026-02,2026-02-01,Ben Peterman,Corporate,West,Office Supplies,18.24
9925,2026-02,2026-02-01,William Brown,Consumer,East,Office Supplies,3.273
9926,2026-02,2026-02-01,Ben Peterman,Corporate,West,Office Supplies,19.936
9927,2026-02,2026-02-01,Ben Peterman,Corporate,West,Office Supplies,65.568
9928,2026-02,2026-02-01,Stephanie Ulpright,Home Office,South,Office Supplies,45.84
9929,2026-02,2026-02-01,Lindsay Shagiari,Home Office,Central,Office Supplies,34.5
9930,2026-02,2026-02-01,Chris Cortes,Consumer,East,Office Supplies,10.86
9931,2026-02,2026-02-01,Anthony Witt,Consumer,East,Office Supplies,10.368
9932,2026-02,2026-02-01,Alex Grayson,Consumer,West,Office Supplies,12.96
9933,2026-02,2026-02-01,Ben Peterman,Corporate,West,Office Supplies,324.9
9934,2026-02,2026-02-01,Stephanie Ulpright,Home Office,South,Technology,599.97
9935,2026-02,2026-02-01,Helen Andreada,Consumer,East,Technology,14.2
9936,2026-02,2026-02-01,Ben Peterman,Corporate,West,Technology,49.08
9937,2026-02,2026-02-01,Stephanie Ulpright,Home Office,South,Technology,38.97
9938,2026-02,2026-02-01,Alex Grayson,Consumer,West,Technology,95.84
9939,2026-02,2026-02-01,James Peterman,Corporate,East,Furniture,99.12
9940,2026-02,2026-02-02,Darrin Van Huff,Corporate,South,Furniture,64.784
9941,2026-02,2026-02-02,Arianne Irving,Consumer,East,Furniture,63.686
9942,2026-02,2026-02-02,Ralph Ritter,Consumer,Central,Furniture,520.464
9943,2026-02,2026-02-02,Ralph Ritter,Consumer,Central,Furniture,77.72
9944,2026-02,2026-02-02,Darrin Van Huff,Corporate,South,Furniture,721.875
9945,2026-02,2026-02-02,Dennis Kane,Consumer,Central,Office Supplies,1.392
9946,2026-02,2026-02-02,Richard Bierner,Consumer,East,Office Supplies,22.75
9947,2026-02,2026-02-02,Darrin Van Huff,Corporate,South,Office Supplies,13.584
9948,2026-02,2026-02-02,Mike Vittorini,Consumer,East,Office Supplies,23.36
9949,2026-02,2026-02-02,Roy Skaria,Home Office,Central,Office Supplies,5.4
9950,2026-02,2026-02-02,Allen Armold,Consumer,East,Office Supplies,14.952
9951,2026-02,2026-02-02,Richard Bierner,Consumer,East,Office Supplies,40.2
9952,2026-02,2026-02-02,Richard Bierner,Consumer,East,Office Supplies,735.98
9953,2026-02,2026-02-02,Roy Skaria,Home Office,Central,Office Supplies,7.28
9954,2026-02,2026-02-02,Nona Balk,Corporate,East,Office Supplies,6.54
9955,2026-02,2026-02-02,Ralph Ritter,Consumer,Central,Office Supplies,10.368
9956,2026-02,2026-02-02,Allen Armold,Consumer,East,Office Supplies,17.94
9957,2026-02,2026-02-02,Alejandro Savely,Corporate,Central,Technology,116.312
9958,2026-02,2026-02-02,Mike Vittorini,Consumer,East,Technology,39.98
9959,2026-02,2026-02-02,Katherine Nockton,Corporate,East,Technology,128.85
9960,2026-02,2026-02-02,Darrin Van Huff,Corporate,South,Technology,73.568
9961,2026-02,2026-02-02,Allen Armold,Consumer,East,Technology,116.98
9962,2026-02,2026-02-04,Bart Pistole,Corporate,East,Furniture,287.976
9963,2026-02,2026-02-04,Emily Phan,Consumer,West,Furniture,201.04
9964,2026-02,2026-02-04,Emily Phan,Consumer,West,Office Supplies,8.64
9965,2026-02,2026-02-04,Emily Phan,Consumer,West,Office Supplies,12.96
9966,2026-02,2026-02-04,Emily Phan,Consumer,West,Office Supplies,38.88
9967,2026-02,2026-02-04,Mitch Webber,Consumer,West,Office Supplies,31.44
9968,2026-02,2026-02-05,Dave Brooks,Consumer,Central,Furniture,266.352
9969,2026-02,2026-02-05,Gary Mitchum,Home Office,Central,Furniture,2.032
9970,2026-02,2026-02-05,Dave Brooks,Consumer,Central,Furniture,56.328
9971,2026-02,2026-02-05,Mike Pelletier,Home Office,West,Furniture,26.25
9972,2026-02,2026-02-05,Lena Creighton,Consumer,Central,Furniture,974.988
9973,2026-02,2026-02-05,Ben Ferrer,Home Office,East,Furniture,526.582
9974,2026-02,2026-02-05,Dave Brooks,Consumer,Central,Office Supplies,95.232
9975,2026-02,2026-02-05,Mike Pelletier,Home Office,West,Office Supplies,64.96
9976,2026-02,2026-02-05,Mike Pelletier,Home Office,West,Office Supplies,43.7
9977,2026-02,2026-02-05,Ben Ferrer,Home Office,East,Office Supplies,17.28
9978,2026-02,2026-02-05,Ben Ferrer,Home Office,East,Office Supplies,73.85
9979,2026-02,2026-02-05,Ben Ferrer,Home Office,East,Office Supplies,25.71
9980,2026-02,2026-02-05,Gary Mitchum,Home Office,Central,Technology,227.976
9981,2026-02,2026-02-05,Kelly Lampkin,Corporate,South,Technology,44.75
9982,2026-02,2026-02-05,Kelly Lampkin,Corporate,South,Technology,159.8
9983,2026-02,2026-02-05,Dave Brooks,Consumer,Central,Technology,39.264
9984,2026-02,2026-02-05,Ben Ferrer,Home Office,East,Technology,1199.98
9985,2026-02,2026-02-05,Gary Mitchum,Home Office,Central,Technology,52.68
9986,2026-02,2026-02-05,Ben Ferrer,Home Office,East,Furniture,43.7
9987,2026-02,2026-02-05,Ben Ferrer,Home Office,East,Office Supplies,64.96
9988,2026-02,2026-02-05,Ben Ferrer,Home Office,East,Office Supplies,526.582
9989,2026-02,2026-02-05,Ben Ferrer,Home Office,East,Office Supplies,26.25
9990,2026-02,2026-02-05,Ben Ferrer,Home Office,East,Technology,17.28
9991,2026-02,2026-02-06,Paul Lucas,Home Office,West,Furniture,22.77
9992,2026-02,2026-02-06,Khloe Miller,Consumer,West,Office Supplies,54.32
9993,2026-02,2026-02-06,Saphhira Shifley,Corporate,Central,Office Supplies,10.192
9994,2026-02,2026-02-06,Khloe Miller,Consumer,West,Office Supplies,22.83
9995,2026-02,2026-02-06,Khloe Miller,Consumer,West,Technology,196.776
9996,2026-02,2026-02-06,Bruce Galang,Consumer,East,Furniture,68.46
9997,2026-02,2026-02-06,Bruce Galang,Consumer,East,Office Supplies,19.6
9998,2026-02,2026-02-07,Andy Yotov,Corporate,West,Furniture,81.568
9999,2026-02,2026-02-07,Andy Yotov,Corporate,West,Furniture,97.184
10000,2026-02,2026-02-07,Andy Yotov,Corporate,West,Furniture,18.96
10001,2026-02,2026-02-07,Kalyca Meade,Corporate,West,Office Supplies,29.95
10002,2026-02,2026-02-07,Ross DeVincentis,Home Office,East,Office Supplies,33.376
10003,2026-02,2026-02-07,Andy Yotov,Corporate,West,Office Supplies,24.32
10004,2026-02,2026-02-07,Kalyca Meade,Corporate,West,Office Supplies,5.984
10005,2026-02,2026-02-07,Andrew Roberts,Consumer,Central,Office Supplies,10.8
10006,2026-02,2026-02-07,Kalyca Meade,Corporate,West,Office Supplies,44.4
10007,2026-02,2026-02-07,Rick Bensley,Home Office,West,Office Supplies,13.36
10008,2026-02,2026-02-07,Rick Bensley,Home Office,West,Office Supplies,158.9
10009,2026-02,2026-02-07,Kalyca Meade,Corporate,West,Technology,149.95
10010,2026-02,2026-02-07,Kalyca Meade,Corporate,West,Technology,189.95
10011,2026-02,2026-02-08,Arianne Irving,Consumer,South,Furniture,504.9
10012,2026-02,2026-02-08,Annie Thurman,Consumer,East,Furniture,124.36
10013,2026-02,2026-02-08,Logan Currie,Consumer,Central,Office Supplies,66.284
10014,2026-02,2026-02-08,Hallie Redmond,Home Office,West,Office Supplies,11.808
10015,2026-02,2026-02-08,Logan Currie,Consumer,West,Office Supplies,15.24
10016,2026-02,2026-02-08,Annie Thurman,Consumer,East,Office Supplies,24.816
10017,2026-02,2026-02-08,Vicky Freymann,Home Office,Central,Office Supplies,28.16
10018,2026-02,2026-02-08,Logan Currie,Consumer,West,Office Supplies,13.23
10019,2026-02,2026-02-08,Dave Poirier,Corporate,Central,Office Supplies,32.56
10020,2026-02,2026-02-08,Christine Abelman,Corporate,West,Office Supplies,481.32
10021,2026-02,2026-02-08,Annie Thurman,Consumer,East,Office Supplies,166.72
10022,2026-02,2026-02-08,Giulietta Baptist,Consumer,South,Office Supplies,544.38
10023,2026-02,2026-02-08,Christine Abelman,Corporate,West,Office Supplies,13.98
10024,2026-02,2026-02-09,Russell Applegate,Consumer,West,Furniture,119.833
10025,2026-02,2026-02-09,Doug Jacobs,Consumer,East,Furniture,1141.938
10026,2026-02,2026-02-09,Duane Benoit,Consumer,East,Furniture,18.96
10027,2026-02,2026-02-09,Harold Engle,Corporate,Central,Furniture,99.95
10028,2026-02,2026-02-09,Doug Jacobs,Consumer,East,Office Supplies,1704.56
10029,2026-02,2026-02-09,Beth Paige,Consumer,East,Office Supplies,130.112
10030,2026-02,2026-02-09,Doug Jacobs,Consumer,East,Office Supplies,3.2
10031,2026-02,2026-02-09,Alex Grayson,Consumer,South,Office Supplies,12.672
10032,2026-02,2026-02-09,Doug Jacobs,Consumer,East,Office Supplies,38.82
10033,2026-02,2026-02-09,Tonja Turnell,Home Office,West,Office Supplies,5.76
10034,2026-02,2026-02-09,Aaron Hawkins,Corporate,East,Office Supplies,18.704
10035,2026-02,2026-02-09,Emily Phan,Consumer,West,Office Supplies,6.63
10036,2026-02,2026-02-09,Russell Applegate,Consumer,West,Office Supplies,46.672
10037,2026-02,2026-02-09,Beth Paige,Consumer,East,Office Supplies,7.236
10038,2026-02,2026-02-09,Beth Paige,Consumer,East,Office Supplies,4.824
10039,2026-02,2026-02-09,Emily Phan,Consumer,West,Office Supplies,32.4
10040,2026-02,2026-02-09,Beth Paige,Consumer,East,Office Supplies,91.36
10041,2026-02,2026-02-09,Emily Phan,Consumer,West,Office Supplies,12.96
10042,2026-02,2026-02-09,Harold Engle,Corporate,Central,Technology,29.34
10043,2026-02,2026-02-09,Russell Applegate,Consumer,West,Technology,119.98
10044,2026-02,2026-02-10,Tony Sayre,Consumer,West,Furniture,102.018
10045,2026-02,2026-02-10,Tony Sayre,Consumer,West,Furniture,13.36
10046,2026-02,2026-02-10,Michael Moore,Consumer,West,Office Supplies,36.672
10047,2026-02,2026-02-10,Tony Sayre,Consumer,West,Office Supplies,78.256
10048,2026-02,2026-02-10,Amy Cox,Consumer,South,Office Supplies,1665.62
10049,2026-02,2026-02-11,David Kendrick,Corporate,East,Office Supplies,50.352
10050,2026-02,2026-02-11,Dean Katz,Corporate,East,Office Supplies,6.984
10051,2026-02,2026-02-11,David Kendrick,Corporate,East,Office Supplies,279.9
10052,2026-02,2026-02-11,Dean Katz,Corporate,East,Office Supplies,6.48
10053,2026-02,2026-02-11,David Kendrick,Corporate,East,Office Supplies,34.02
10054,2026-02,2026-02-11,Alan Barnes,Consumer,West,Furniture,6.984
10055,2026-02,2026-02-12,Rick Bensley,Home Office,Central,Furniture,15.92
10056,2026-02,2026-02-12,Bradley Nguyen,Consumer,West,Office Supplies,5.88
10057,2026-02,2026-02-12,Bradley Nguyen,Consumer,West,Office Supplies,6.63
10058,2026-02,2026-02-12,Pete Kriz,Consumer,South,Office Supplies,23.88
10059,2026-02,2026-02-12,Dean Braden,Consumer,East,Office Supplies,166.44
10060,2026-02,2026-02-12,Yana Sorensen,Corporate,West,Office Supplies,1000.02
10061,2026-02,2026-02-12,Sanjit Engle,Consumer,West,Office Supplies,124.36
10062,2026-02,2026-02-12,Liz Preis,Consumer,Central,Office Supplies,375.34
10063,2026-02,2026-02-12,Dean Braden,Consumer,East,Office Supplies,69.5
10064,2026-02,2026-02-12,Brian Derr,Consumer,South,Technology,71.0
10065,2026-02,2026-02-12,Dean Braden,Consumer,East,Technology,281.97
10066,2026-02,2026-02-13,Jason Gross,Corporate,East,Furniture,220.98
10067,2026-02,2026-02-13,Theone Pippenger,Consumer,Central,Furniture,1586.69
10068,2026-02,2026-02-13,Sharelle Roach,Home Office,South,Furniture,141.96
10069,2026-02,2026-02-13,Jack Lebron,Consumer,South,Furniture,934.956
10070,2026-02,2026-02-13,Alex Grayson,Consumer,West,Furniture,182.55
10071,2026-02,2026-02-13,Theone Pippenger,Consumer,Central,Furniture,411.8
10072,2026-02,2026-02-13,Charlotte Melton,Consumer,Central,Furniture,607.52
10073,2026-02,2026-02-13,Sandra Glassco,Consumer,Central,Office Supplies,839.43
10074,2026-02,2026-02-13,Jack Lebron,Consumer,South,Office Supplies,59.24
10075,2026-02,2026-02-13,Jim Mitchum,Corporate,West,Office Supplies,4.17
10076,2026-02,2026-02-13,Jack Lebron,Consumer,South,Office Supplies,23.128
10077,2026-02,2026-02-13,Sally Knutson,Consumer,East,Office Supplies,1.641
10078,2026-02,2026-02-13,Alex Grayson,Consumer,Central,Office Supplies,6.33
10079,2026-02,2026-02-13,Jeremy Pistek,Consumer,South,Office Supplies,7.824
10080,2026-02,2026-02-13,Jim Mitchum,Corporate,West,Office Supplies,18.45
10081,2026-02,2026-02-13,Alex Grayson,Consumer,Central,Office Supplies,25.92
10082,2026-02,2026-02-13,Alex Grayson,Consumer,Central,Office Supplies,75.88
10083,2026-02,2026-02-13,Jim Mitchum,Corporate,West,Office Supplies,37.32
10084,2026-02,2026-02-13,Jack Lebron,Consumer,South,Office Supplies,26.16
10085,2026-02,2026-02-13,Charlotte Melton,Consumer,Central,Office Supplies,31.16
10086,2026-02,2026-02-13,Jason Gross,Corporate,East,Office Supplies,695.16
10087,2026-02,2026-02-13,Chad McGuire,Consumer,West,Technology,474.95
10088,2026-02,2026-02-13,Theone Pippenger,Consumer,Central,Technology,84.99
10089,2026-02,2026-02-13,Jack Lebron,Consumer,South,Technology,46.864
10090,2026-02,2026-02-13,Theone Pippenger,Consumer,Central,Technology,199.95
10091,2026-02,2026-02-13,Jim Mitchum,Corporate,West,Technology,67.04
10092,2026-02,2026-02-13,Sally Knutson,Consumer,East,Technology,629.958
10093,2026-02,2026-02-14,Darren Koutras,Consumer,South,Furniture,72.704
10094,2026-02,2026-02-14,Julia Barnett,Home Office,East,Furniture,27.46
10095,2026-02,2026-02-14,Filia McAdams,Corporate,East,Furniture,181.95
10096,2026-02,2026-02-14,Michael Moore,Consumer,Central,Office Supplies,29.312
10097,2026-02,2026-02-14,Darren Koutras,Consumer,South,Office Supplies,12.264
10098,2026-02,2026-02-14,Gary Zandusky,Consumer,West,Office Supplies,13.48
10099,2026-02,2026-02-14,Jennifer Braxton,Corporate,Central,Office Supplies,13.84
10100,2026-02,2026-02-14,Monica Federle,Corporate,South,Office Supplies,182.94
10101,2026-02,2026-02-14,Monica Federle,Corporate,South,Office Supplies,44.96
10102,2026-02,2026-02-14,Jennifer Braxton,Corporate,Central,Office Supplies,175.872
10103,2026-02,2026-02-14,Michael Moore,Consumer,Central,Office Supplies,28.672
10104,2026-02,2026-02-14,Monica Federle,Corporate,South,Office Supplies,62.04
10105,2026-02,2026-02-14,Monica Federle,Corporate,South,Office Supplies,367.96
10106,2026-02,2026-02-14,Darren Koutras,Consumer,South,Office Supplies,218.352
10107,2026-02,2026-02-14,Monica Federle,Corporate,South,Technology,494.97
10108,2026-02,2026-02-15,James Lanier,Home Office,West,Furniture,842.376
10109,2026-02,2026-02-15,Christine Sundaresam,Consumer,South,Furniture,232.88
10110,2026-02,2026-02-15,Hunter Glantz,Consumer,East,Furniture,271.764
10111,2026-02,2026-02-15,Ann Chong,Corporate,East,Furniture,37.93
10112,2026-02,2026-02-15,James Lanier,Home Office,West,Furniture,8.544
10113,2026-02,2026-02-15,Roy Französisch,Consumer,East,Office Supplies,35.91
10114,2026-02,2026-02-15,Nick Crebassa,Corporate,East,Office Supplies,12.3
10115,2026-02,2026-02-15,Robert Marley,Home Office,West,Office Supplies,90.48
10116,2026-02,2026-02-15,Dave Poirier,Corporate,West,Office Supplies,21.312
10117,2026-02,2026-02-15,Hunter Glantz,Consumer,East,Office Supplies,14.376
10118,2026-02,2026-02-15,Andy Reiter,Consumer,East,Office Supplies,17.88
10119,2026-02,2026-02-15,Nick Crebassa,Corporate,East,Office Supplies,19.44
10120,2026-02,2026-02-15,Neola Schneider,Consumer,Central,Office Supplies,264.32
10121,2026-02,2026-02-15,Alan Hwang,Consumer,West,Office Supplies,1003.62
10122,2026-02,2026-02-15,Robert Marley,Home Office,West,Technology,2879.952
10123,2026-02,2026-02-15,Christine Sundaresam,Consumer,South,Technology,479.97
10124,2026-02,2026-02-16,Ralph Arnett,Consumer,East,Furniture,191.984
10125,2026-02,2026-02-16,Joni Wasserman,Consumer,South,Furniture,304.45
10126,2026-02,2026-02-16,Cynthia Voltz,Corporate,East,Furniture,41.96
10127,2026-02,2026-02-16,Jennifer Halladay,Consumer,South,Furniture,21.0
10128,2026-02,2026-02-16,Susan Vittorini,Consumer,East,Furniture,273.06
10129,2026-02,2026-02-16,Guy Armstrong,Consumer,Central,Office Supplies,31.744
10130,2026-02,2026-02-16,Susan Vittorini,Consumer,East,Office Supplies,13.023
10131,2026-02,2026-02-16,Guy Armstrong,Consumer,Central,Office Supplies,3.168
10132,2026-02,2026-02-16,Guy Armstrong,Consumer,Central,Office Supplies,40.98
10133,2026-02,2026-02-16,Fred Hopkins,Corporate,West,Office Supplies,153.552
10134,2026-02,2026-02-16,Giulietta Dortch,Corporate,West,Office Supplies,3.856
10135,2026-02,2026-02-16,Guy Armstrong,Consumer,Central,Office Supplies,39.582
10136,2026-02,2026-02-16,Susan Vittorini,Consumer,East,Office Supplies,39.312
10137,2026-02,2026-02-16,Mick Hernandez,Home Office,South,Office Supplies,3.62
10138,2026-02,2026-02-16,Mick Hernandez,Home Office,South,Office Supplies,629.1
10139,2026-02,2026-02-16,Mick Hernandez,Home Office,South,Office Supplies,96.08
10140,2026-02,2026-02-16,Joni Wasserman,Consumer,South,Office Supplies,95.94
10141,2026-02,2026-02-16,Fred Hopkins,Corporate,West,Office Supplies,270.62
10142,2026-02,2026-02-16,Guy Armstrong,Consumer,Central,Office Supplies,44.688
10143,2026-02,2026-02-16,Susan Vittorini,Consumer,East,Technology,158.928
10144,2026-02,2026-02-16,Patrick O'Donnell,Consumer,East,Technology,31.8
10145,2026-02,2026-02-16,Jennifer Halladay,Consumer,South,Technology,120.0
10146,2026-02,2026-02-16,Mick Hernandez,Home Office,South,Technology,90.48
10147,2026-02,2026-02-17,Tracy Collins,Home Office,East,Office Supplies,3.132
10148,2026-02,2026-02-17,Patrick O'Brill,Consumer,Central,Office Supplies,44.75
10149,2026-02,2026-02-17,Karen Bern,Corporate,Central,Office Supplies,16.032
10150,2026-02,2026-02-17,Yoseph Carroll,Corporate,Central,Office Supplies,750.68
10151,2026-02,2026-02-18,Dan Reichenbach,Corporate,East,Office Supplies,13.248
10152,2026-02,2026-02-18,Dan Reichenbach,Corporate,East,Technology,164.388
10153,2026-02,2026-02-19,Greg Hansen,Consumer,Central,Furniture,78.8528
10154,2026-02,2026-02-19,Jason Gross,Corporate,West,Furniture,340.704
10155,2026-02,2026-02-19,Lori Olson,Corporate,Central,Furniture,113.372
10156,2026-02,2026-02-19,Harry Marie,Corporate,West,Furniture,7.4
10157,2026-02,2026-02-19,Lori Olson,Corporate,Central,Furniture,2.96
10158,2026-02,2026-02-19,Lori Olson,Corporate,Central,Furniture,7.968
10159,2026-02,2026-02-19,Greg Hansen,Consumer,Central,Office Supplies,27.168
10160,2026-02,2026-02-19,Christopher Schild,Home Office,Central,Office Supplies,2.48
10161,2026-02,2026-02-19,Jennifer Ferguson,Consumer,East,Office Supplies,33.264
10162,2026-02,2026-02-19,Pamela Coakley,Corporate,West,Office Supplies,1.188
10163,2026-02,2026-02-19,Lori Olson,Corporate,Central,Office Supplies,1.68
10164,2026-02,2026-02-19,Christopher Schild,Home Office,Central,Office Supplies,25.9
10165,2026-02,2026-02-19,Jennifer Ferguson,Consumer,East,Office Supplies,13.96
10166,2026-02,2026-02-19,Jennifer Ferguson,Consumer,East,Office Supplies,72.45
10167,2026-02,2026-02-19,Susan Vittorini,Consumer,West,Office Supplies,4.28
10168,2026-02,2026-02-19,Erica Hernandez,Home Office,South,Office Supplies,64.784
10169,2026-02,2026-02-19,Susan Vittorini,Consumer,West,Office Supplies,118.25
10170,2026-02,2026-02-19,Kristen Hastings,Corporate,West,Office Supplies,725.84
10171,2026-02,2026-02-19,Jennifer Ferguson,Consumer,East,Technology,14.85
10172,2026-02,2026-02-20,Katherine Hughes,Consumer,South,Furniture,258.75
10173,2026-02,2026-02-20,Katherine Hughes,Consumer,South,Furniture,1207.84
10174,2026-02,2026-02-20,James Galang,Consumer,West,Furniture,393.568
10175,2026-02,2026-02-20,Katherine Hughes,Consumer,South,Furniture,300.98
10176,2026-02,2026-02-20,Ben Peterman,Corporate,West,Furniture,101.12
10177,2026-02,2026-02-20,Bruce Stewart,Consumer,West,Furniture,68.46
10178,2026-02,2026-02-20,Katherine Hughes,Consumer,South,Office Supplies,34.58
10179,2026-02,2026-02-20,Katherine Hughes,Consumer,South,Office Supplies,12.53
10180,2026-02,2026-02-20,Bruce Stewart,Consumer,West,Office Supplies,19.6
10181,2026-02,2026-02-20,Michael Chen,Consumer,East,Office Supplies,6.03
10182,2026-02,2026-02-20,Ken Brennan,Corporate,Central,Office Supplies,209.7
10183,2026-02,2026-02-20,James Galang,Consumer,West,Technology,302.376
10184,2026-02,2026-02-20,James Peterman,Corporate,East,Furniture,99.12
10185,2026-02,2026-02-20,Bruce Galang,Consumer,East,Furniture,68.46
10186,2026-02,2026-02-20,Bruce Galang,Consumer,East,Office Supplies,19.6
10187,2026-02,2026-02-21,Patrick O'Donnell,Consumer,East,Furniture,323.136
10188,2026-02,2026-02-21,Chuck Clark,Home Office,Central,Office Supplies,209.3
10189,2026-02,2026-02-21,Erica Bern,Corporate,West,Office Supplies,13.904
10190,2026-02,2026-02-21,Patrick O'Donnell,Consumer,East,Office Supplies,52.776
10191,2026-02,2026-02-21,Erica Bern,Corporate,West,Office Supplies,20.72
10192,2026-02,2026-02-21,Jill Matthias,Consumer,West,Office Supplies,3.024
10193,2026-02,2026-02-21,Patrick O'Donnell,Consumer,East,Technology,90.93
10194,2026-02,2026-02-21,Harry Olson,Consumer,East,Office Supplies,3.024
